interaction/schema/version,interaction/source,interaction/author/username,interaction/author/name,interaction/author/id,interaction/author/avatar,interaction/author/link,interaction/type,interaction/created_at,interaction/content,interaction/id,interaction/link,klout/score,language/tag,language/confidence,salience/content/sentiment,twitter/id,twitter/retweet/text,twitter/retweet/id,twitter/retweet/user/name,twitter/retweet/user/url,twitter/retweet/user/description,twitter/retweet/user/location,twitter/retweet/user/statuses_count,twitter/retweet/user/followers_count,twitter/retweet/user/friends_count,twitter/retweet/user/screen_name,twitter/retweet/user/profile_image_url,twitter/retweet/user/lang,twitter/retweet/user/time_zone,twitter/retweet/user/utc_offset,twitter/retweet/user/listed_count,twitter/retweet/user/id,twitter/retweet/user/id_str,twitter/retweet/user/geo_enabled,twitter/retweet/user/created_at,twitter/retweet/source,twitter/retweet/count,twitter/retweet/created_at,twitter/retweeted/id,twitter/retweeted/user/name,twitter/retweeted/user/description,twitter/retweeted/user/statuses_count,twitter/retweeted/user/followers_count,twitter/retweeted/user/friends_count,twitter/retweeted/user/screen_name,twitter/retweeted/user/profile_image_url,twitter/retweeted/user/lang,twitter/retweeted/user/time_zone,twitter/retweeted/user/utc_offset,twitter/retweeted/user/id,twitter/retweeted/user/id_str,twitter/retweeted/user/geo_enabled,twitter/retweeted/user/created_at,twitter/retweeted/source,twitter/retweeted/created_at,twitter/in_reply_to_screen_name,twitter/in_reply_to_user_id,twitter/in_reply_to_status_id,salience/content/entities/0/name,salience/content/entities/0/type,salience/content/entities/0/label,salience/content/entities/0/sentiment,salience/content/entities/0/evidence,salience/content/entities/0/confident,salience/content/entities/0/about,salience/content/entities/1/name,salience/content/entities/1/type,salience/content/entities/1/label,salience/content/entities/1/sentiment,salience/content/entities/1/evidence,salience/content/entities/1/confident,salience/content/entities/1/about,salience/content/entities/2/name,salience/content/entities/2/type,salience/content/entities/2/label,salience/content/entities/2/sentiment,salience/content/entities/2/evidence,salience/content/entities/2/confident,salience/content/entities/2/about,salience/content/entities/3/name,salience/content/entities/3/type,salience/content/entities/3/label,salience/content/entities/3/sentiment,salience/content/entities/3/evidence,salience/content/entities/3/confident,salience/content/entities/3/about,salience/content/entities/4/name,salience/content/entities/4/type,salience/content/entities/4/label,salience/content/entities/4/sentiment,salience/content/entities/4/evidence,salience/content/entities/4/confident,salience/content/entities/4/about,salience/content/entities/5/name,salience/content/entities/5/type,salience/content/entities/5/label,salience/content/entities/5/sentiment,salience/content/entities/5/evidence,salience/content/entities/5/confident,salience/content/entities/5/about,salience/content/entities/6/name,salience/content/entities/6/type,salience/content/entities/6/label,salience/content/entities/6/sentiment,salience/content/entities/6/evidence,salience/content/entities/6/confident,salience/content/entities/6/about,salience/content/entities/7/name,salience/content/entities/7/type,salience/content/entities/7/label,salience/content/entities/7/sentiment,salience/content/entities/7/evidence,salience/content/entities/7/confident,salience/content/entities/7/about,salience/content/entities/8/name,salience/content/entities/8/type,salience/content/entities/8/label,salience/content/entities/8/sentiment,salience/content/entities/8/evidence,salience/content/entities/8/confident,salience/content/entities/8/about,salience/content/entities/9/name,salience/content/entities/9/type,salience/content/entities/9/label,salience/content/entities/9/sentiment,salience/content/entities/9/evidence,salience/content/entities/9/confident,salience/content/entities/9/about,salience/content/entities/10/name,salience/content/entities/10/type,salience/content/entities/10/label,salience/content/entities/10/sentiment,salience/content/entities/10/evidence,salience/content/entities/10/confident,salience/content/entities/10/about,twitter/created_at,twitter/mention_ids/0,twitter/mentions/0,twitter/source,twitter/text,twitter/user/name,twitter/user/description,twitter/user/location,twitter/user/statuses_count,twitter/user/followers_count,twitter/user/friends_count,twitter/user/screen_name,twitter/user/profile_image_url,twitter/user/lang,twitter/user/time_zone,twitter/user/utc_offset,twitter/user/id,twitter/user/id_str,twitter/user/created_at,twitter/user/url,demographic/gender,facebook/application,facebook/author/name,facebook/author/id,facebook/author/link,facebook/author/avatar,facebook/description,facebook/id,facebook/link,facebook/name,facebook/source,facebook/type,interaction/title,links/code/0,links/created_at/0,links/normalized_url/0,links/retweet_count/0,links/title/0,links/url/0,salience/content/entities/0/themes/0,salience/content/entities/0/themes/1,salience/content/entities/0/themes/2,salience/title/sentiment,twitter/hashtags/0,twitter/user/geo_enabled,twitter/retweet/mentions/0,twitter/retweet/mentions/1,twitter/retweet/mentions/2,twitter/retweet/mentions/3,twitter/retweet/mentions/4,twitter/retweet/mentions/5,twitter/retweet/mention_ids/0,twitter/retweet/mention_ids/1,twitter/retweet/mention_ids/2,twitter/retweet/mention_ids/3,twitter/retweet/mention_ids/4,twitter/retweet/mention_ids/5,twitter/user/listed_count,twitter/retweeted/user/url,twitter/retweeted/user/location,twitter/retweeted/user/listed_count,twitter/retweeted/user/verified,facebook/likes/count,facebook/likes/names/0,facebook/likes/names/1,facebook/likes/ids/0,facebook/likes/ids/1,facebook/message,salience/content/entities/0/themes/3,salience/content/entities/0/themes/4,salience/content/entities/0/themes/5,salience/content/entities/0/themes/6,salience/content/entities/0/themes/7,salience/content/entities/0/themes/8,salience/content/entities/1/themes/0,salience/content/entities/1/themes/1,salience/content/entities/2/themes/0,salience/content/entities/2/themes/1,salience/content/entities/2/themes/2,salience/content/entities/2/themes/3,salience/content/entities/2/themes/4,salience/content/entities/3/themes/0,salience/content/entities/3/themes/1,salience/content/entities/3/themes/2,twitter/domains/0,twitter/links/0,blog/created_at,blog/id,blog/author/name,blog/content,blog/title,blog/link,blog/contenttype,blog/type,blog/domain,interaction/contenttype,salience/title/entities/0/name,salience/title/entities/0/type,salience/title/entities/0/label,salience/title/entities/0/sentiment,salience/title/entities/0/evidence,salience/title/entities/0/confident,salience/title/entities/0/about,salience/title/entities/0/themes/0,links/hops/0/0,links/hops/0/1,links/hops/0/2,twitter/retweet/links/0,twitter/retweet/domains/0,twitter/retweet/hashtags/0,salience/content/entities/1/themes/2
3,web,Clay,Brickford ,7800076,http://a0.twimg.com/profile_images/344306898/image_normal.jpg,http://twitter.com/clay,twitter,"Thu, 14 Feb 2013 15:48:40 +0000",RT @_thamilinda: at√© em escola de samba o pameiras consegue ser rebaixado pqp kkkkk,99081240082,http://twitter.com/clay/statuses/99081240082,34,pt,100,0,99081240082,at√© em escola de samba o pameiras consegue ser rebaixado pqp kkkkk,302081934773870595,.,http://www.facebook.com/profile.php?id=100003026165705,"Sem luta n√£o h√° conquista. 15 anos , sagitariana (08/12) , familia , amigos , Corinthians ‚ù§ , irm√£ do @pietrobonani , feliz . ","Brasil, S√£o Paulo",34664,440,244,taaynaG_,http://a0.twimg.com/profile_images/3241610225/a7a0101ca9e845a4b3785335aab57b92_normal.jpeg,pt,Brasilia,-10800,2,280241088,280241088,true,"Sun, 10 Apr 2011 23:12:41 +0000",web,1,"Thu, 14 Feb 2013 15:48:40 +0000",302081859083444225,thamir√£o.,"15 anos, geminiana (18/06) simpatica, agressiva, orgulhosa, corintiana, skype thamilinda97 e s√≥ do meu amor @_BRUUNOOFICIAL s2 *-*",27043,438,197,_thamilinda,http://a0.twimg.com/profile_images/3116991337/7bb248dd46ab47a155a544649c14caa6_normal.png,pt,Santiago,-14400,180197703,180197703,true,"Thu, 19 Aug 2010 01:46:04 +0000",web,"Thu, 14 Feb 2013 15:48:22 +0000",Basilelks,5666654,49270854843,,,,,,,,,,,,,,,,,,,,,,,,,,,,,,,,,,,,,,,,,,,,,,,,,,,,,,,,,,,,,,,,,,,,,,,,,,,,,,,,,,,,,,,,,,,,,,,,,,,,,,,,,,,,,,,,,,,,,,,,,,,,,,,,,,,,,,,,,,,,,,,,,,,,,,,,,,,,,,,,,,,,,,,,,,,,,,,,,,,,,,,,,,,,
3,Twitter for BlackBerry¬Æ,Prof.grego,Blizzard ,9117404,http://a0.twimg.com/profile_images/871638896/image_normal.jpg,http://twitter.com/prof.grego,twitter,"Thu, 14 Feb 2013 15:48:40 +0000","RT @dr.: dr. team v Zenit: Reina, Johnson, Enrique, Carragher, Skrtel, Allen, Henderson, Gerrard, Sterling, Downing, Suarez.",23052633879,http://twitter.com/prof.grego/statuses/23052633879,49,fr,62,0,23052633879,,,,,,,,,,,,,,,,,,,,,,,,,,,,,,,,,,,,,,,,Dr.,4273751,32684576394,Reina,Person,Person,0,0,1,1,Johnson,Person,Person,0,0,1,1,Enrique,Person,Person,0,0,1,1,Carragher,Person,Person,0,0,1,1,Skrtel,Person,Person,0,0,1,1,Allen,Person,Person,0,0,1,1,Henderson,Person,Person,0,0,1,1,Gerrard,Person,Person,0,0,1,1,Sterling,Person,Person,0,0,1,1,Downing,Person,Person,0,0,1,1,Suarez,Person,Person,0,0,1,1,"Thu, 14 Feb 2013 15:48:40 +0000",4273751,dr.,"<a href=""http://blackberry.com/twitter"" rel=""nofollow"">Twitter for BlackBerry¬Æ</a>","RT @dr.: dr. team v Zenit: Reina, Johnson, Enrique, Carragher, Skrtel, Allen, Henderson, Gerrard, Sterling, Downing, Suarez.",Blizzard ,,Buitenzorg,4629,118,99,Prof.grego,http://a0.twimg.com/profile_images/871638896/image_normal.jpg,en,Bangkok,25200,9117404,9117404,"Sat, 22 Sep 2012 15:03:39 +0000",http://prof.grego.com,,,,,,,,,,,,,,,,,,,,,,,,,,,,,,,,,,,,,,,,,,,,,,,,,,,,,,,,,,,,,,,,,,,,,,,,,,,,,,,,,,,,,,,,,,,
3,Notes (2347471856),Airborne,Airborne ,4849359,http://a0.twimg.com/profile_images/682556087/image_normal.jpg,http://twitter.com/airborne,facebook,"Thu, 14 Feb 2013 15:48:36 +0000","
Louisville Slugger 2013 ASA Balanced Z-2000 34-Inch Softball Bat

Louisville Slugger 2013 ASA Balanced Z-2000 34-Inch Softball Bat Detail
Rating: 
Amazon.com Price: Check Price at Amazon.com

Louisville Slugger 2013 ASA Balanced Z-2000 34-Inch Softball Bat Description
        The Louisville Slugger Z-2000 balanced slowpitch bat features thinner composite walls and iST socket technology providing maximum barrel flex ...



Read More at Amazon.com...
Tags: Louisville, Slugger, 2013, ASA, Balanced, Z-2000, 34-Inch, Softball, Bat
-------------------------------------------------------------------------------------------------
You May Also Want To Check These Amazon.com Products Which Related To Louisville Slugger 2013 ASA Balanced Z-2000 34-Inch Softball Bat

Trend Sports Slider Lite-Ball Pitching Machine

Baseball Batting Cage Portable Ball Caddy Cart with #21 HDPE Net Pocket - Light Weight

Louisville Slugger 2013 Onex Fast Pitch Softball Bat

SKLZ Hurricane Swing Training Machine

Trend Sports Sandlot Pitching Machine

Bow Net Big Mouth Replacement Net

Mizuno Classic G2 Catchers Face Masks Black

Wilson A600 FP12 Fastpitch Softball Glove 12"" RHT

Louisville Slugger 2013 Onex Fast Pitch Softball Bat, 33-Inch/25-Ounce

DeMarini Vendetta Bag on Wheels (Black/Royal)

",90087675070,http://twitter.com/airborne/statuses/90087675070,,en,87,3,,,,,,,,,,,,,,,,,,,,,,,,,,,,,,,,,,,,,,,,,,,,Slugger,Company,Company,3,1,1,1,,,,,,,,,,,,,,,,,,,,,,,,,,,,,,,,,,,,,,,,,,,,,,,,,,,,,,,,,,,,,,,,,,,,,,,,,,,,,,,,,,,,,,,,,,,female,Notes,Sheilah Shopping,552815934743780,http://www.facebook.com/profile.php?id=552815934743780,https://graph.facebook.com/552815934743780/picture,"
Louisville Slugger 2013 ASA Balanced Z-2000 34-Inch Softball Bat

Louisville Slugger 2013 ASA Balanced Z-2000 34-Inch Softball Bat Detail
Rating: 
Amazon.com Price: Check Price at Amazon.com

Louisville Slugger 2013 ASA Balanced Z-2000 34-Inch Softball Bat Description
        The Louisville Slugger Z-2000 balanced slowpitch bat features thinner composite walls and iST socket technology providing maximum barrel flex ...



Read More at Amazon.com...
Tags: Louisville, Slugger, 2013, ASA, Balanced, Z-2000, 34-Inch, Softball, Bat
-------------------------------------------------------------------------------------------------
You May Also Want To Check These Amazon.com Products Which Related To Louisville Slugger 2013 ASA Balanced Z-2000 34-Inch Softball Bat

Trend Sports Slider Lite-Ball Pitching Machine

Baseball Batting Cage Portable Ball Caddy Cart with #21 HDPE Net Pocket - Light Weight

Louisville Slugger 2013 Onex Fast Pitch Softball Bat

SKLZ Hurricane Swing Training Machine

Trend Sports Sandlot Pitching Machine

Bow Net Big Mouth Replacement Net

Mizuno Classic G2 Catchers Face Masks Black

Wilson A600 FP12 Fastpitch Softball Glove 12"" RHT

Louisville Slugger 2013 Onex Fast Pitch Softball Bat, 33-Inch/25-Ounce

DeMarini Vendetta Bag on Wheels (Black/Royal)

",552815934743780_552824251409615,http://www.facebook.com/notes/sheilah-shopping/louisville-slugger-2013-asa-balanced-z-2000-34-inch-softball-bat/552824251409615,Louisville Slugger 2013 ASA Balanced Z-2000 34-Inch Softball Bat,Notes (2347471856),link,Louisville Slugger 2013 ASA Balanced Z-2000 34-Inch Softball Bat,200,"Thu, 14 Feb 2013 15:48:40 +0000",http://facebook.com/notes/sheilah-shopping/louisville-slugger-2013-asa-balanced-z-2000-34-inch-softball-bat/552824251409615,0,Louisville Slugger 2013 ASA Balanced Z-2000 34-Inch Softball Bat | Facebook,http://www.facebook.com/notes/sheilah-shopping/louisville-slugger-2013-asa-balanced-z-2000-34-inch-softball-bat/552824251409615,slowpitch bat,composite walls,socket technology,0,,,,,,,,,,,,,,,,,,,,,,,,,,,,,,,,,,,,,,,,,,,,,,,,,,,,,,,,,,,,,,,,,,,,
3,TweetList!,Brona,Brona ,4705520,http://a0.twimg.com/profile_images/841721534/image_normal.jpg,http://twitter.com/brona,twitter,"Thu, 14 Feb 2013 15:48:40 +0000",@atomsmasher @ not good butter fingers our strikers are on form ATM too,31439785263,http://twitter.com/brona/statuses/31439785263,36,en,100,-4,31439785263,,,,,,,,,,,,,,,,,,,,,,,,,,,,,,,,,,,,,,,,Atomsmasher,2393521,69245502306,,,,,,,,,,,,,,,,,,,,,,,,,,,,,,,,,,,,,,,,,,,,,,,,,,,,,,,,,,,,,,,,,,,,,,,,,,,,,,"Thu, 14 Feb 2013 15:48:40 +0000",2393521,atomsmasher,"<a href=""http://tweetli.st/"" rel=""nofollow"">TweetList!</a>",@atomsmasher @ not good butter fingers our strikers are on form ATM too,Brona ,,,20797,849,485,Brona,http://a0.twimg.com/profile_images/841721534/image_normal.jpg,en,Casablanca,,4705520,4705520,"Sat, 23 Oct 2010 15:38:48 +0000",http://brona.com,,,,,,,,,,,,,,,,,,,,,,,,,,,,,,,,,,,,,,,,,,,,,,,,,,,,,,,,,,,,,,,,,,,,,,,,,,,,,,,,,,,,,,,,,,,
3,Twitter for iPhone,Agent,Billups ,4191971,http://a0.twimg.com/profile_images/692069373/image_normal.jpg,http://twitter.com/agent,twitter,"Thu, 14 Feb 2013 15:48:40 +0000","Boutttta be a lonely stoner on this valentines day and make some bank at my job üíãüí∞ #lingerie 
Come see meeeeee ;)",48504468123,http://twitter.com/agent/statuses/48504468123,34,en,100,-1,48504468123,,,,,,,,,,,,,,,,,,,,,,,,,,,,,,,,,,,,,,,,Montgomery,0,89185064123,,,,,,,,,,,,,,,,,,,,,,,,,,,,,,,,,,,,,,,,,,,,,,,,,,,,,,,,,,,,,,,,,,,,,,,,,,,,,,"Thu, 14 Feb 2013 15:48:40 +0000",,,"<a href=""http://twitter.com/download/iphone"" rel=""nofollow"">Twitter for iPhone</a>","Boutttta be a lonely stoner on this valentines day and make some bank at my job üíãüí∞ #lingerie 
Come see meeeeee ;)",Billups ,,,9478,454,514,Agent,http://a0.twimg.com/profile_images/692069373/image_normal.jpg,en,Central Time (US & Canada),-21600,4191971,4191971,"Fri, 17 Feb 2012 18:04:07 +0000",http://agent.com,,,,,,,,,,,,,,,,,,,,,,,,lingerie,true,,,,,,,,,,,,,,,,,,,,,,,,,,,,,,,,,,,,,,,,,,,,,,,,,,,,,,,,,,,,,,,,,,
3,Twitter for iPhone,Frank,Baylor ,3567592,http://a0.twimg.com/profile_images/660501556/image_normal.jpg,http://twitter.com/frank,twitter,"Thu, 14 Feb 2013 15:48:40 +0000",@xina lol somebody will actually think u went to bca,0,http://twitter.com/frank/statuses/0,43,en,100,0,0,,,,,,,,,,,,,,,,,,,,,,,,,,,,,,,,,,,,,,,,Xina,2084908,46065130596,,,,,,,,,,,,,,,,,,,,,,,,,,,,,,,,,,,,,,,,,,,,,,,,,,,,,,,,,,,,,,,,,,,,,,,,,,,,,,"Thu, 14 Feb 2013 15:48:40 +0000",2084908,xina,"<a href=""http://twitter.com/download/iphone"" rel=""nofollow"">Twitter for iPhone</a>",@xina lol somebody will actually think u went to bca,Baylor ,,,2600,244,165,Frank,http://a0.twimg.com/profile_images/660501556/image_normal.jpg,en,Quito,-18000,3567592,3567592,"Fri, 06 Aug 2010 18:15:44 +0000",http://frank.com,,,,,,,,,,,,,,,,,,,,,,,,,,,,,,,,,,,,,,,,,,,,,,,,,,,,,,,,,,,,,,,,,,,,,,,,,,,,,,,,,,,,,,,,,,,
3,TeAmoVaz Web,Buck,Bukowski ,4758094,http://a0.twimg.com/profile_images/692669095/image_normal.jpg,http://twitter.com/buck,twitter,"Thu, 14 Feb 2013 15:48:40 +0000",RT @Stereo107: ¬∞Cuenta corriente para universitarios en Banco Santander. Interesados DM @DonDatos @DonDateador @BuenRT @BuscoDatos @Hoci ...,48703966150,http://twitter.com/buck/statuses/48703966150,39,es,100,1,48703966150,¬∞Cuenta corriente para universitarios en Banco Santander. Interesados DM @DonDatos @DonDateador @BuenRT @BuscoDatos @HocicoTarro @ChileanCL,302081936208322560,Te Amo Vaz,,Te amo Pedrito Vazques,,106778,3135,3372,teamovaz_,http://a0.twimg.com/profile_images/2610574252/u5xz2zlrhqdm4v3441ob_normal.jpeg,es,,,2,745942933,745942933,,"Wed, 08 Aug 2012 21:05:35 +0000","<a href=""http://www.twitter.com"" rel=""nofollow"">TeAmoVaz Web</a>",7,"Thu, 14 Feb 2013 15:48:40 +0000",302079350067564544,Carlos Machuca,Megal√≥mano + Egoc√©ntrico + Manipulador + Superficilal y Buena onda xD + Me llamo Carlos https://www.facebook.com/carlito.stereo,1813,247,349,Stereo107,http://a0.twimg.com/profile_images/3215205685/26dd3fb3e90420d0e808a80d3696229e_normal.jpeg,es,,,221528894,221528894,true,"Tue, 30 Nov 2010 22:28:48 +0000",web,"Thu, 14 Feb 2013 15:38:24 +0000",Jesseaaronso,6708788,98394543235,Banco Santander,Company,Company,1,0,1,1,Interesados DM @DonDatos @DonDateador @BuenRT @BuscoDatos @Hoci,Product,Product,0,0,1,1,,,,,,,,,,,,,,,,,,,,,,,,,,,,,,,,,,,,,,,,,,,,,,,,,,,,,,,,,,,,,,,,,,,,,,,,,,,,,,,,,,,,unisex,,,,,,,,,,,,,,,,,,,,,,,,,DonDatos,DonDateador,BuenRT,BuscoDatos,HocicoTarro,ChileanCL,327776933,376796612,472115553,623314058,384861838,161033795,,,,,,,,,,,,,,,,,,,,,,,,,,,,,,,,,,,,,,,,,,,,,,,,,,,,,,
3,iOS,Danny,Callahan ,2170324,http://a0.twimg.com/profile_images/272605751/image_normal.jpg,http://twitter.com/danny,twitter,"Thu, 14 Feb 2013 15:48:40 +0000",Logged into my bank account and realizing how much I actually spent last night üò≥,14671047567,http://twitter.com/danny/statuses/14671047567,44,en,100,0,14671047567,,,,,,,,,,,,,,,,,,,,,,,,,,,,,,,,,,,,,,,,Briquette,7420978,18270639190,,,,,,,,,,,,,,,,,,,,,,,,,,,,,,,,,,,,,,,,,,,,,,,,,,,,,,,,,,,,,,,,,,,,,,,,,,,,,,"Thu, 14 Feb 2013 15:48:40 +0000",,,"<a href=""http://www.apple.com"" rel=""nofollow"">iOS</a>",Logged into my bank account and realizing how much I actually spent last night üò≥,Callahan ,,,29204,418,351,Danny,http://a0.twimg.com/profile_images/272605751/image_normal.jpg,en,Central Time (US & Canada),-21600,2170324,2170324,"Tue, 13 Dec 2011 17:24:27 +0000",http://danny.com,mostly_male,,,,,,,,,,,,,,,,,,,,,,,,,,,,,,,,,,,,,3,,,,,,,,,,,,,,,,,,,,,,,,,,,,,,,,,,,,,,,,,,,,,,,,,,,,,
3,Twitter for Android,Avatar,Avatar ,2708845,http://a0.twimg.com/profile_images/658546814/image_normal.jpg,http://twitter.com/avatar,twitter,"Thu, 14 Feb 2013 15:48:40 +0000","RT @LFC: LFC team v Zenit: Reina, Johnson, Enrique, Carragher, Skrtel, Allen, Henderson, Gerrard, Sterling, Downing, Suarez.",854981653,http://twitter.com/avatar/statuses/854981653,32,fr,62,0,854981653,"LFC team v Zenit: Reina, Johnson, Enrique, Carragher, Skrtel, Allen, Henderson, Gerrard, Sterling, Downing, Suarez.",302081936799711232,Rendaman,http://arlost.com,ÊúÄËøë„ÅØ„ÉÄ„É°„Éù„Å†„Åë„Å©„ÄÅ„ÅÑ„Å§„Åæ„Åß„ÇÇ„É™„Éê„Éó„Éº„É´„ÇíÂøúÊè¥„Åó„Åæ„Åô„ÄÇ ÈÉΩÂÜÖ„ÅÆÂ§ßÂ≠¶„Å´ÈÄö„Å£„Å¶„Çã‰∫åÂçÅÊ≠≥„ÄÇ„Åü„Å†„ÅÆ„Çµ„ÉÉ„Ç´„Éº„Å®Èü≥Ê•ΩÈ¶¨Èπø„Åß„Åô„ÄÇ,„É°„É´„Ç¶„ÉÉ„Éâ,8621,70,87,hk8tmp,http://a0.twimg.com/profile_images/2470576667/8F0f7Sx8_normal,ja,Hawaii,-36000,4,370710981,370710981,true,"Fri, 09 Sep 2011 14:08:08 +0000","<a href=""http://twitter.com/download/android"" rel=""nofollow"">Twitter for Android</a>",776,"Thu, 14 Feb 2013 15:48:40 +0000",302080839288750081,Liverpool FC ,Official LFC account. Follow @OfficialLFC_ID @ThaiLFC @LFCANZ @LFCBrasil @LFCEspanol @LFC_Arabic @LFCIndia @LFCFrance @TurkeyLFC  @LFCBangladesh,21749,1511801,409073,LFC,http://a0.twimg.com/profile_images/1847862599/Grad_LFC_Crest_twitter_normal.jpg,en,,,19583545,19583545,true,"Tue, 27 Jan 2009 09:05:21 +0000",web,"Thu, 14 Feb 2013 15:44:19 +0000",Morgana,8478781,38200470339,Reina,Person,Person,0,0,1,1,Johnson,Person,Person,0,0,1,1,Enrique,Person,Person,0,0,1,1,Carragher,Person,Person,0,0,1,1,Skrtel,Person,Person,0,0,1,1,Allen,Person,Person,0,0,1,1,Henderson,Person,Person,0,0,1,1,Gerrard,Person,Person,0,0,1,1,Sterling,Person,Person,0,0,1,1,Downing,Person,Person,0,0,1,1,Suarez,Person,Person,0,0,1,1,,,,,,,,,,,,,,,,,,,,,,,,,,,,,,,,,,,,,,,,,,,,,,,,,,,,,,,,,,,http://www.liverpoolfc.com/,"Anfield, Liverpool",11364,true,,,,,,,,,,,,,,,,,,,,,,,,,,,,,,,,,,,,,,,,,,,,,,,,,
3,Twitter for BlackBerry¬Æ,Beefer,Beefer ,5169994,http://a0.twimg.com/profile_images/744870637/image_normal.jpg,http://twitter.com/beefer,twitter,"Thu, 14 Feb 2013 15:48:41 +0000","Geber! Td capturean kekirim ga yg si niken? dia ngebales... RT""@darrenbent: Kalem pending @""",16878168727,http://twitter.com/beefer/statuses/16878168727,54,id,100,,16878168727,,,,,,,,,,,,,,,,,,,,,,,,,,,,,,,,,,,,,,,,Darrenbent,6324738,40491029573,,,,,,,,,,,,,,,,,,,,,,,,,,,,,,,,,,,,,,,,,,,,,,,,,,,,,,,,,,,,,,,,,,,,,,,,,,,,,,"Thu, 14 Feb 2013 15:48:41 +0000",6324738,darrenbent,"<a href=""http://blackberry.com/twitter"" rel=""nofollow"">Twitter for BlackBerry¬Æ</a>","Geber! Td capturean kekirim ga yg si niken? dia ngebales... RT""@darrenbent: Kalem pending @""",Beefer ,,13-01-2013,19207,648,487,Beefer,http://a0.twimg.com/profile_images/744870637/image_normal.jpg,en,Pacific Time (US & Canada),-28800,5169994,5169994,"Thu, 22 Apr 2010 01:29:52 +0000",http://beefer.com,,,,,,,,,,,,,,,,,,,,,,,,,true,,,,,,,,,,,,,,,,,,,,,,,,,,,,,,,,,,,,,,,,,,,,,,,,,,,,,,,,,,,,,,,,,,
3,web,Blanchesit,Anaconda ,7212968,http://a0.twimg.com/profile_images/761641219/image_normal.jpg,http://twitter.com/blanchesit,facebook,"Thu, 14 Feb 2013 15:48:41 +0000","50 Lowongan Kerja Terbaru Kamis 14 Februari 2013, antara lain:
(Selengkapnya bisa lihat di http://goo.gl/oLkzQ ) 

- Staff HRD & Hubungan Industri di PT. Dharmesta Swasti Mandiri
- Installer Autofilm di PT. Dharmesta Swasti Mandiri
- Staff Q/A di PT. Dharmesta Swasti Mandiri
- Staff EXIM di PT. Dharmesta Swasti Mandiri
- Kepala Gudang di PT. Dharmesta Swasti Mandiri
- Dealing with your capacity di PT. Dharmesta Swasti Mandiri
- Product Manager di PT GLOBAL SARANA INFORMATIKA
- Telemarketing di PT GLOBAL SARANA INFORMATIKA
- Account Executive di PT GLOBAL SARANA INFORMATIKA
- Staff Administrasi & Keuangan di PT. Satria Global Mandiri",48703537252,http://twitter.com/blanchesit/statuses/48703537252,,id,100,,,,,,,,,,,,,,,,,,,,,,,,,,,,,,,,,,,,,,,,,,,,,,,,,,,,,,,,,,,,,,,,,,,,,,,,,,,,,,,,,,,,,,,,,,,,,,,,,,,,,,,,,,,,,,,,,,,,,,,,,,,,,,,,,,,,,,,,,,,,,,unisex,,Informasi Beasiswa S1 S2 S3 Dalam Negeri dan Luar Negeri,280494659581,http://www.facebook.com/profile.php?id=280494659581,https://graph.facebook.com/280494659581/picture,,280494659581_10151331127514582,,,web,status,,,,,,,,,,,,,,,,,,,,,,,,,,,,,,,2,Dwi Apriliana,Nunung Nurlaila,1848892999,100003223418432,"50 Lowongan Kerja Terbaru Kamis 14 Februari 2013, antara lain:
(Selengkapnya bisa lihat di http://goo.gl/oLkzQ ) 

- Staff HRD & Hubungan Industri di PT. Dharmesta Swasti Mandiri
- Installer Autofilm di PT. Dharmesta Swasti Mandiri
- Staff Q/A di PT. Dharmesta Swasti Mandiri
- Staff EXIM di PT. Dharmesta Swasti Mandiri
- Kepala Gudang di PT. Dharmesta Swasti Mandiri
- Dealing with your capacity di PT. Dharmesta Swasti Mandiri
- Product Manager di PT GLOBAL SARANA INFORMATIKA
- Telemarketing di PT GLOBAL SARANA INFORMATIKA
- Account Executive di PT GLOBAL SARANA INFORMATIKA
- Staff Administrasi & Keuangan di PT. Satria Global Mandiri",,,,,,,,,,,,,,,,,,,,,,,,,,,,,,,,,,,,,,,,,,,
3,web,Captainfate,Captain Fate ,1120820,http://a0.twimg.com/profile_images/138823637/image_normal.jpg,http://twitter.com/captainfate,facebook,"Thu, 14 Feb 2013 15:48:41 +0000","Today is Valentine's Day, the day on which we celebrate love, especially romantic love. The holiday was named after an early Christian priest, St. Valentine, who was martyred on February 14 in 269 A.D.

The tradition of exchanging love notes on Valentine's Day originates from the martyr Valentine himself. The legend maintains that due to a shortage of enlistments, Emperor Claudius II forbade single men to get married in an effort to bolster his struggling army. Seeing this act as a grave injustice, Valentine performed clandestine wedding rituals in defiance of the emperor. Valentine was discovered, imprisoned, and sentenced to death by beheading. While awaiting his fate in his cell, it is believed that Valentine fell in love with the daughter of a prison guard, who would come and visit him. On the day of his death, Valentine left a note for the young woman professing his undying devotion signed ""Love from your Valentine.""",51438013417,http://twitter.com/captainfate/statuses/51438013417,,en,100,-1,,,,,,,,,,,,,,,,,,,,,,,,,,,,,,,,,,,,,,,,,,,,St. Valentine,Person,Person,4,3,1,1,February 14,Pattern,Date,5,1,1,0,Emperor Claudius II,Person,Person,-8,4,1,0,"""Love from your Valentine.""",Quote,Quote,0,1,1,0,,,,,,,,,,,,,,,,,,,,,,,,,,,,,,,,,,,,,,,,,,,,,,,,,,,,,,,,,,,,,,,,,,,,,,female,,Susan Fuerstenberg,1424826852,http://www.facebook.com/profile.php?id=1424826852,https://graph.facebook.com/1424826852/picture,,1424826852_10200815319771705,,,web,status,,,,,,,,exchanging love notes,romantic love,prison guard,,,,,,,,,,,,,,,,,,,,,,,,,,"Today is Valentine's Day, the day on which we celebrate love, especially romantic love. The holiday was named after an early Christian priest, St. Valentine, who was martyred on February 14 in 269 A.D.

The tradition of exchanging love notes on Valentine's Day originates from the martyr Valentine himself. The legend maintains that due to a shortage of enlistments, Emperor Claudius II forbade single men to get married in an effort to bolster his struggling army. Seeing this act as a grave injustice, Valentine performed clandestine wedding rituals in defiance of the emperor. Valentine was discovered, imprisoned, and sentenced to death by beheading. While awaiting his fate in his cell, it is believed that Valentine fell in love with the daughter of a prison guard, who would come and visit him. On the day of his death, Valentine left a note for the young woman professing his undying devotion signed ""Love from your Valentine.""",young woman,undying devotion,clandestine wedding rituals,single men,struggling army,grave injustice,exchanging love notes,romantic love,exchanging love notes,clandestine wedding rituals,single men,struggling army,grave injustice,prison guard,young woman,undying devotion,,,,,,,,,,,,,,,,,,,,,,,,,,,
3,Tweet Button,Bloodlust,Bloodlust ,4559709,http://a0.twimg.com/profile_images/544421215/image_normal.jpg,http://twitter.com/bloodlust,twitter,"Thu, 14 Feb 2013 15:48:41 +0000",Why the Liberal Hatred of Citizens With Guns? Because they don't control it. Control is what they want. Of everything http://t.co/r1s8JwTE,83010734152,http://twitter.com/bloodlust/statuses/83010734152,24,en,100,0,83010734152,,,,,,,,,,,,,,,,,,,,,,,,,,,,,,,,,,,,,,,,Augustpersonagein,9494405,44872832344,,,,,,,,,,,,,,,,,,,,,,,,,,,,,,,,,,,,,,,,,,,,,,,,,,,,,,,,,,,,,,,,,,,,,,,,,,,,,,"Thu, 14 Feb 2013 15:48:41 +0000",,,"<a href=""http://twitter.com/tweetbutton"" rel=""nofollow"">Tweet Button</a>",Why the Liberal Hatred of Citizens With Guns? Because they don't control it. Control is what they want. Of everything http://t.co/r1s8JwTE,Bloodlust ,,USA,1092,39,31,Bloodlust,http://a0.twimg.com/profile_images/544421215/image_normal.jpg,en,,,4559709,4559709,"Wed, 28 Mar 2012 17:29:02 +0000",http://bloodlust.com,,,,,,,,,,,,,,200,"Thu, 14 Feb 2013 05:40:06 +0000",http://townhall.com/columnists/nealboortz/2013/02/13/why-the-liberal-hatred-of-citizens-with-guns-n1511221,0,Why the Liberal Hatred of Citizens With Guns - Neal Boortz - Page 1,http://townhall.com/columnists/nealboortz/2013/02/13/why-the-liberal-hatred-of-citizens-with-guns-n1511221,,,,,,,,,,,,,,,,,,,1,,,,,,,,,,,,,,,,,,,,,,,,,,,townhall.com,http://townhall.com/columnists/nealboortz/2013/02/13/why-the-liberal-hatred-of-citizens-with-guns-n1511221,,,,,,,,,,,,,,,,,,,,,,,,,
3,web,Atomsmasher,Atom Smasher ,5686981,http://a0.twimg.com/profile_images/873757076/image_normal.jpg,http://twitter.com/atomsmasher,twitter,"Thu, 14 Feb 2013 15:48:40 +0000",@arrow hahaha :D mcm abg is lah tuh kan :P hahaha. tak tido lagi?,20665078447,http://twitter.com/atomsmasher/statuses/20665078447,49,ms,100,,20665078447,,,,,,,,,,,,,,,,,,,,,,,,,,,,,,,,,,,,,,,,Arrow,8115497,44605447910,,,,,,,,,,,,,,,,,,,,,,,,,,,,,,,,,,,,,,,,,,,,,,,,,,,,,,,,,,,,,,,,,,,,,,,,,,,,,,"Thu, 14 Feb 2013 15:48:40 +0000",8115497,arrow,web,@arrow hahaha :D mcm abg is lah tuh kan :P hahaha. tak tido lagi?,Atom Smasher ,,Kuala Lumpur,9421,1578,1995,Atomsmasher,http://a0.twimg.com/profile_images/873757076/image_normal.jpg,en,Kuala Lumpur,28800,5686981,5686981,"Tue, 03 Jan 2012 19:58:03 +0000",http://atomsmasher.com,unisex,,,,,,,,,,,,,,,,,,,,,,,,true,,,,,,,,,,,,,1,,,,,,,,,,,,,,,,,,,,,,,,,,,,,,,,,,,,,,,,,,,,,,,,,,,,,
3,TweetDeck,Ch'vayre,Ch'vayre ,7166786,http://a0.twimg.com/profile_images/262844936/image_normal.jpg,http://twitter.com/ch'vayre,twitter,"Thu, 14 Feb 2013 15:48:41 +0000","@matthewt. Huh, that's fascinating. Did they see a distinction between bride prices to families and rings as financial promises to brides?",85031624697,http://twitter.com/ch'vayre/statuses/85031624697,63,en,100,4,85031624697,,,,,,,,,,,,,,,,,,,,,,,,,,,,,,,,,,,,,,,,Matthewt.,3719842,90864463732,Huh,Person,Person,0,1,1,1,,,,,,,,,,,,,,,,,,,,,,,,,,,,,,,,,,,,,,,,,,,,,,,,,,,,,,,,,,,,,,,,,,,,,,,"Thu, 14 Feb 2013 15:48:41 +0000",3719842,matthewt.,"<a href=""http://www.tweetdeck.com"" rel=""nofollow"">TweetDeck</a>","@matthewt. Huh, that's fascinating. Did they see a distinction between bride prices to families and rings as financial promises to brides?",Ch'vayre ,,"Washington, DC",32009,10823,435,Ch'vayre,http://a0.twimg.com/profile_images/262844936/image_normal.jpg,en,Eastern Time (US & Canada),-18000,7166786,7166786,"Wed, 05 Nov 2008 00:17:11 +0000",http://ch'vayre.com,female,,,,,,,,,,,,,,,,,,,financial promises,bride prices,,,,,,,,,,,,,,,,,534,,,,,,,,,,,,,,,,,,,,,,,,,,,,,,,,,,,,,,,,,,,,,,,,,,,,,
3,Tweet Button,Bethany,Cabe ,5103384,http://a0.twimg.com/profile_images/679272043/image_normal.jpg,http://twitter.com/bethany,twitter,"Thu, 14 Feb 2013 15:48:41 +0000","Living in His Car, Cramer Developed Investment Strategy - Yahoo! Finance http://t.co/fowyFIU3 via @bantam",37087735626,http://twitter.com/bethany/statuses/37087735626,11,en,100,0,37087735626,,,,,,,,,,,,,,,,,,,,,,,,,,,,,,,,,,,,,,,,Bantam,2561257,11419998737,,,,,,,,,,,,,,,,,,,,,,,,,,,,,,,,,,,,,,,,,,,,,,,,,,,,,,,,,,,,,,,,,,,,,,,,,,,,,,"Thu, 14 Feb 2013 15:48:41 +0000",2561257,bantam,"<a href=""http://twitter.com/tweetbutton"" rel=""nofollow"">Tweet Button</a>","Living in His Car, Cramer Developed Investment Strategy - Yahoo! Finance http://t.co/fowyFIU3 via @bantam",Cabe ,,,72,5,86,Bethany,http://a0.twimg.com/profile_images/679272043/image_normal.jpg,en,,,5103384,5103384,"Tue, 08 Feb 2011 15:34:56 +0000",http://bethany.com,female,,,,,,,,,,,,,200,"Thu, 14 Feb 2013 12:21:44 +0000",http://finance.yahoo.com/news/living-car-cramer-developed-investment-115753521.html,0,"Living in His Car, Cramer Developed Investment Strategy - Yahoo! Finance",http://finance.yahoo.com/news/living-car-cramer-developed-investment-115753521.html,,,,,,,,,,,,,,,,,,,,,,,,,,,,,,,,,,,,,,,,,,,,,,finance.yahoo.com,http://finance.yahoo.com/news/living-car-cramer-developed-investment-115753521.html,,,,,,,,,,,,,,,,,,,,,,,,,
3,txt,Bomblast,Bomblast ,1577406,http://a0.twimg.com/profile_images/172159976/image_normal.jpg,http://twitter.com/bomblast,twitter,"Thu, 14 Feb 2013 15:48:41 +0000",The talk me and bri finna have &lt;&lt;&lt;,20060109882,http://twitter.com/bomblast/statuses/20060109882,42,en,63,0,20060109882,,,,,,,,,,,,,,,,,,,,,,,,,,,,,,,,,,,,,,,,Jonas,6925206,68574550468,,,,,,,,,,,,,,,,,,,,,,,,,,,,,,,,,,,,,,,,,,,,,,,,,,,,,,,,,,,,,,,,,,,,,,,,,,,,,,"Thu, 14 Feb 2013 15:48:41 +0000",,,"<a href=""http://twitter.com/devices"" rel=""nofollow"">txt</a>",The talk me and bri finna have &lt;&lt;&lt;,Bomblast ,,kickin shht with my bro's,29391,782,746,Bomblast,http://a0.twimg.com/profile_images/172159976/image_normal.jpg,en,Central Time (US & Canada),-21600,1577406,1577406,"Tue, 06 Oct 2009 00:09:08 +0000",http://bomblast.com,,,,,,,,,,,,,,,,,,,,,,,,,,,,,,,,,,,,,,1,,,,,,,,,,,,,,,,,,,,,,,,,,,,,,,,,,,,,,,,,,,,,,,,,,,,,
3,Twitter for BlackBerry¬Æ,Safron,Caulder ,2799418,http://a0.twimg.com/profile_images/612102/image_normal.jpg,http://twitter.com/safron,twitter,"Thu, 14 Feb 2013 15:48:41 +0000","Klo udah d kamar peluk guling kotak-katik hape,,,,,menunggu mata terpejam :D",73391865612,http://twitter.com/safron/statuses/73391865612,35,id,100,,73391865612,,,,,,,,,,,,,,,,,,,,,,,,,,,,,,,,,,,,,,,,Anak,7798848,45752601535,,,,,,,,,,,,,,,,,,,,,,,,,,,,,,,,,,,,,,,,,,,,,,,,,,,,,,,,,,,,,,,,,,,,,,,,,,,,,,"Thu, 14 Feb 2013 15:48:41 +0000",,,"<a href=""http://blackberry.com/twitter"" rel=""nofollow"">Twitter for BlackBerry¬Æ</a>","Klo udah d kamar peluk guling kotak-katik hape,,,,,menunggu mata terpejam :D",Caulder ,,"Medan,indonesia",192,59,116,Safron,http://a0.twimg.com/profile_images/612102/image_normal.jpg,id,Pacific Time (US & Canada),-28800,2799418,2799418,"Thu, 13 Oct 2011 14:39:43 +0000",http://safron.com,female,,,,,,,,,,,,,,,,,,,,,,,,,,,,,,,,,,,,,,,,,,,,,,,,,,,,,,,,,,,,,,,,,,,,,,,,,,,,,,,,,,,,,,,,,,
3,,Carson,Black Spectre ,9312410,http://a0.twimg.com/profile_images/0/image_normal.jpg,http://twitter.com/carson,blog,"Thu, 14 Feb 2013 15:48:40 +0000","<div style=""float:left; margin:0px 10px 10px 0px;""><img src=""http://colorlines.com/assets_c/2013/02/RubioGOP_021413-thumb-240xauto-7630.jpg"" alt=""Marco Rubio's Impossible Task: Make Racism Palatable to Latinos"" align=""left""/></div> <p>Marco Rubio's been getting a lot of play lately. <a href=""http://www.time.com/time/covers/0,16641,20130218,00.html"">Time Magazine</a> plastered the freshman senator on its cover with ""Republican Savior"" printed in bright yellow. His Tuesday night response to the president's State of the Union was billed as a crucial moment for Republicans: the high profile anointing of the party's new face. </p> <p>But for a speech from the man supposed to lead a fractured and beleaguered GOP into a more colorful America, it clung tightly to familiar Republican themes. Though the general consensus seems to be that a GOP shift on immigration led by a young Latino senator will be enough to show the country that not all Republicans are rich white men named Mitt, the opening acts from Rubio do not amount to a move to the center. In fact, on nearly every issue he's remained quite tightly in line with the party's far right.</p> <p>This makes one wonder if the Florida freshman's task as the GOP's front man is less about leading the Republican party toward a rebirth and new constituencies, and more about testing exactly how much the party can manage to stay the same without dying. Rubio has crafted himself as an indispensible implement in this pursuit. But it's a posture teetering on an edge and nobody's sure Rubio can pull it off.</p> <p>""My parents immigrated here in pursuit of the opportunity to improve their life and give their children the chance at an even better one,"" Rubio said on Tuesday night. ""They made it to the middle class, my dad working as a bartender and my mother as a cashier and a maid. I didn't inherit any money from them.""</p> <p>The storyline is a profound divergence from most GOP leaders and presidential hopefuls. But it's not at all clear what Rubio's identity changes, or what a more diverse Republican lineup will mean at the polls. No doubt Mitt Romney's oratorical brutishness on immigration locked in his particularly pitiful performance with Latinos, Asians and many others, but the party as a whole has been bashing immigrants for more than two decades and a few new faces won't heal that harm.</p> <p>""The rhetoric and the image do matter, but only if it's connected to policy,"" says Matt Barreto, a political scientist at the University of Washington who studies race and elections. ""Latinos think Republicans are racists. That's where they're starting. You can't just change what you say and who says it and not change policy.""</p> <p>Rubio's policy positions are standard-line tea party Republican, circa 2010.</p> <p>""More government isn't going to help you get ahead. It's going to hold you back,"" he said on Tuesday, wasting little time establishing his conservative chops. He lambasted government spending, went in on taxes, Obamacare and the safety net, and took swipes at reproductive choice, ""moral breakdown"" and the ""mistakes"" of single mothers. Then yesterday, Rubio added to his arch-conservative credentials when he joined 21 other Republican senators to vote against the Violence Against Women Act.</p> <p>So if Rubio sounds like any other tea party-era Republican, just with a very different origin story, what's left to bring on new constituencies, namely Latinos? A recent Pew Hispanic Center <a href=""http://www.pewhispanic.org/2012/04/04/v-politics-values-and-religion/"">poll</a> indicates that Latinos are more liberal on nearly every issue, with wide margins believing that government is a driver of positive change. Yet the Republican establishment thinks a shift on immigration alone will get them Latino votes.</p> <p>""We can also help our economy grow if we have a legal immigration system that allows us to attract and assimilate the world's best and brightest,"" Rubio said on Tuesday. ""We need a responsible, permanent solution to the problem of those who are here illegally.""</p> <p>But even as the press narrates the 41-year old Cuban American Senator as the new middle on immigration, the truth is that he's engaged in a white-knuckled cling to Republican doctrine on this issue as well. And he's volunteered to produce two impossibly contradictory results: delivery of a reform bill that's narrow enough to garner House Republican support, and a whole bunch of new Republicans voting Latinos.</p> <p>""It's very precarious,"" said Barreto, the political scientist. ""If he has the influence within his party to deliver votes on this issue, then he does have an opportunity to come out of this as a very favorable politician within the Latino community. Latinos know many Republicans are trying to block reform, and if Rubio unclogs it, it's an opportunity for him.""</p> <p>But Baretto and others say that it's not just any kind of reform that will work to change voter affinities. Polls <a href=""http://www.gallup.com/poll/160307/americans-widely-support-immigration-reform-proposals.aspx"">show</a> that when communities express support for immigration reform, they mean a bill that includes a path to citizenship. </p> <p>That's a problem for Rubio because House Republicans <a href=""http://www.nytimes.com/2013/02/06/us/politics/house-gop-explores-immigration-changes-short-of-citizenship.html?_r=0"">indicated</a> last week that they would not vote for a path to citizenship. That may be why Rubio has now adopted the tired GOP line that the border must be a fortress before any immigrant gets a green card.</p> <p>""But first,"" Rubio said on Tuesday, before immigrants move toward citizenship, ""we must follow through on the broken promises of the past to secure our borders and enforce our laws.""</p> <p>Immigrant rights advocates see the border-first demand as the seed of destruction for a reform bill. And for many, Rubio's insistence on the line raises questions about how series he really is.</p> <p>""We don't know if this is just an attempt to change the face, speak in Spanish, add diversity,"" said Marielena Hincapi√©, the head of the National Immigration Law Center. ""Is it a window dressing or is it actual policy change? Have [Republicans] crossed the line where they'll sit down on a path to citizenship?""</p> <p>Democrats will likely shun a bill that doesn't include clarity about how applicants become citizens and even if such a law passes, it's not clear that Republicans can pick up Latino votes with a watered down version of reform. </p> <p>Quite aware of the hard road ahead, Rubio is trying to tamp down expectations, hoping that if somehow he fails either at pulling enough Republicans into a reform agreement or at getting enough Latinos to come the way of the GOP, he'll still have a chance at a political future.</p> <p>""If anyone is under the illusion that suddenly our percentage of Hispanic voters will double, let me dissuade them,"" Rubio told <a href=""http://www.time.com/time/covers/0,16641,20130218,00.html"">Time</a>. </p> <p>The young Republican may have an impossible task no matter how it's cut, and he's done himself no favors. He is to lead Republicans forward on immigration and more broadly into a racially changed country by acting as a sort of gatekeeper of the political status quo loathed by the constituencies his party needs. And in that arrangement, the freshman from Florida is shaky at best.</p> <div class=""feedflare""> <a href=""http://feeds.feedburner.com/~ff/racewireblog?a=FN7pbuWPs2U:SUaUUyw7I9A:qj6IDK7rITs""><img src=""http://feeds.feedburner.com/~ff/racewireblog?d=qj6IDK7rITs"" border=""0""></img></a> <a href=""http://feeds.feedburner.com/~ff/racewireblog?a=FN7pbuWPs2U:SUaUUyw7I9A:nQ_hWtDbxek""><img src=""http://feeds.feedburner.com/~ff/racewireblog?d=nQ_hWtDbxek"" border=""0""></img></a> <a href=""http://feeds.feedburner.com/~ff/racewireblog?a=FN7pbuWPs2U:SUaUUyw7I9A:-BTjWOF_DHI""><img src=""http://feeds.feedburner.com/~ff/racewireblog?i=FN7pbuWPs2U:SUaUUyw7I9A:-BTjWOF_DHI"" border=""0""></img></a> <a href=""http://feeds.feedburner.com/~ff/racewireblog?a=FN7pbuWPs2U:SUaUUyw7I9A:nAtlLZaEg64""><img src=""http://feeds.feedburner.com/~ff/racewireblog?i=FN7pbuWPs2U:SUaUUyw7I9A:nAtlLZaEg64"" border=""0""></img></a> </div><img src=""http://feeds.feedburner.com/~r/racewireblog/~4/FN7pbuWPs2U"" height=""1"" width=""1""/>",23927776515,http://twitter.com/carson/statuses/23927776515,,en,100,,,,,,,,,,,,,,,,,,,,,,,,,,,,,,,,,,,,,,,,,,,,,,,,,,,,,,,,,,,,,,,,,,,,,,,,,,,,,,,,,,,,,,,,,,,,,,,,,,,,,,,,,,,,,,,,,,,,,,,,,,,,,,,,,,,,,,,,,,,,,,male,,,,,,,,,,,,Marco Rubio's Impossible Task: Make Racism Palatable to Latinos,,,,,,,,,,-1,,,,,,,,,,,,,,,,,,,,,,,,,,,,,,,,,,,,,,,,,,,,"Thu, 14 Feb 2013 15:48:40 +0000",1e276be00927ac00e061ec7328fed80a,Seth Freed Wessler,"<div style=""float:left; margin:0px 10px 10px 0px;""><img src=""http://colorlines.com/assets_c/2013/02/RubioGOP_021413-thumb-240xauto-7630.jpg"" alt=""Marco Rubio's Impossible Task: Make Racism Palatable to Latinos"" align=""left""/></div> <p>Marco Rubio's been getting a lot of play lately. <a href=""http://www.time.com/time/covers/0,16641,20130218,00.html"">Time Magazine</a> plastered the freshman senator on its cover with ""Republican Savior"" printed in bright yellow. His Tuesday night response to the president's State of the Union was billed as a crucial moment for Republicans: the high profile anointing of the party's new face. </p> <p>But for a speech from the man supposed to lead a fractured and beleaguered GOP into a more colorful America, it clung tightly to familiar Republican themes. Though the general consensus seems to be that a GOP shift on immigration led by a young Latino senator will be enough to show the country that not all Republicans are rich white men named Mitt, the opening acts from Rubio do not amount to a move to the center. In fact, on nearly every issue he's remained quite tightly in line with the party's far right.</p> <p>This makes one wonder if the Florida freshman's task as the GOP's front man is less about leading the Republican party toward a rebirth and new constituencies, and more about testing exactly how much the party can manage to stay the same without dying. Rubio has crafted himself as an indispensible implement in this pursuit. But it's a posture teetering on an edge and nobody's sure Rubio can pull it off.</p> <p>""My parents immigrated here in pursuit of the opportunity to improve their life and give their children the chance at an even better one,"" Rubio said on Tuesday night. ""They made it to the middle class, my dad working as a bartender and my mother as a cashier and a maid. I didn't inherit any money from them.""</p> <p>The storyline is a profound divergence from most GOP leaders and presidential hopefuls. But it's not at all clear what Rubio's identity changes, or what a more diverse Republican lineup will mean at the polls. No doubt Mitt Romney's oratorical brutishness on immigration locked in his particularly pitiful performance with Latinos, Asians and many others, but the party as a whole has been bashing immigrants for more than two decades and a few new faces won't heal that harm.</p> <p>""The rhetoric and the image do matter, but only if it's connected to policy,"" says Matt Barreto, a political scientist at the University of Washington who studies race and elections. ""Latinos think Republicans are racists. That's where they're starting. You can't just change what you say and who says it and not change policy.""</p> <p>Rubio's policy positions are standard-line tea party Republican, circa 2010.</p> <p>""More government isn't going to help you get ahead. It's going to hold you back,"" he said on Tuesday, wasting little time establishing his conservative chops. He lambasted government spending, went in on taxes, Obamacare and the safety net, and took swipes at reproductive choice, ""moral breakdown"" and the ""mistakes"" of single mothers. Then yesterday, Rubio added to his arch-conservative credentials when he joined 21 other Republican senators to vote against the Violence Against Women Act.</p> <p>So if Rubio sounds like any other tea party-era Republican, just with a very different origin story, what's left to bring on new constituencies, namely Latinos? A recent Pew Hispanic Center <a href=""http://www.pewhispanic.org/2012/04/04/v-politics-values-and-religion/"">poll</a> indicates that Latinos are more liberal on nearly every issue, with wide margins believing that government is a driver of positive change. Yet the Republican establishment thinks a shift on immigration alone will get them Latino votes.</p> <p>""We can also help our economy grow if we have a legal immigration system that allows us to attract and assimilate the world's best and brightest,"" Rubio said on Tuesday. ""We need a responsible, permanent solution to the problem of those who are here illegally.""</p> <p>But even as the press narrates the 41-year old Cuban American Senator as the new middle on immigration, the truth is that he's engaged in a white-knuckled cling to Republican doctrine on this issue as well. And he's volunteered to produce two impossibly contradictory results: delivery of a reform bill that's narrow enough to garner House Republican support, and a whole bunch of new Republicans voting Latinos.</p> <p>""It's very precarious,"" said Barreto, the political scientist. ""If he has the influence within his party to deliver votes on this issue, then he does have an opportunity to come out of this as a very favorable politician within the Latino community. Latinos know many Republicans are trying to block reform, and if Rubio unclogs it, it's an opportunity for him.""</p> <p>But Baretto and others say that it's not just any kind of reform that will work to change voter affinities. Polls <a href=""http://www.gallup.com/poll/160307/americans-widely-support-immigration-reform-proposals.aspx"">show</a> that when communities express support for immigration reform, they mean a bill that includes a path to citizenship. </p> <p>That's a problem for Rubio because House Republicans <a href=""http://www.nytimes.com/2013/02/06/us/politics/house-gop-explores-immigration-changes-short-of-citizenship.html?_r=0"">indicated</a> last week that they would not vote for a path to citizenship. That may be why Rubio has now adopted the tired GOP line that the border must be a fortress before any immigrant gets a green card.</p> <p>""But first,"" Rubio said on Tuesday, before immigrants move toward citizenship, ""we must follow through on the broken promises of the past to secure our borders and enforce our laws.""</p> <p>Immigrant rights advocates see the border-first demand as the seed of destruction for a reform bill. And for many, Rubio's insistence on the line raises questions about how series he really is.</p> <p>""We don't know if this is just an attempt to change the face, speak in Spanish, add diversity,"" said Marielena Hincapi√©, the head of the National Immigration Law Center. ""Is it a window dressing or is it actual policy change? Have [Republicans] crossed the line where they'll sit down on a path to citizenship?""</p> <p>Democrats will likely shun a bill that doesn't include clarity about how applicants become citizens and even if such a law passes, it's not clear that Republicans can pick up Latino votes with a watered down version of reform. </p> <p>Quite aware of the hard road ahead, Rubio is trying to tamp down expectations, hoping that if somehow he fails either at pulling enough Republicans into a reform agreement or at getting enough Latinos to come the way of the GOP, he'll still have a chance at a political future.</p> <p>""If anyone is under the illusion that suddenly our percentage of Hispanic voters will double, let me dissuade them,"" Rubio told <a href=""http://www.time.com/time/covers/0,16641,20130218,00.html"">Time</a>. </p> <p>The young Republican may have an impossible task no matter how it's cut, and he's done himself no favors. He is to lead Republicans forward on immigration and more broadly into a racially changed country by acting as a sort of gatekeeper of the political status quo loathed by the constituencies his party needs. And in that arrangement, the freshman from Florida is shaky at best.</p> <div class=""feedflare""> <a href=""http://feeds.feedburner.com/~ff/racewireblog?a=FN7pbuWPs2U:SUaUUyw7I9A:qj6IDK7rITs""><img src=""http://feeds.feedburner.com/~ff/racewireblog?d=qj6IDK7rITs"" border=""0""></img></a> <a href=""http://feeds.feedburner.com/~ff/racewireblog?a=FN7pbuWPs2U:SUaUUyw7I9A:nQ_hWtDbxek""><img src=""http://feeds.feedburner.com/~ff/racewireblog?d=nQ_hWtDbxek"" border=""0""></img></a> <a href=""http://feeds.feedburner.com/~ff/racewireblog?a=FN7pbuWPs2U:SUaUUyw7I9A:-BTjWOF_DHI""><img src=""http://feeds.feedburner.com/~ff/racewireblog?i=FN7pbuWPs2U:SUaUUyw7I9A:-BTjWOF_DHI"" border=""0""></img></a> <a href=""http://feeds.feedburner.com/~ff/racewireblog?a=FN7pbuWPs2U:SUaUUyw7I9A:nAtlLZaEg64""><img src=""http://feeds.feedburner.com/~ff/racewireblog?i=FN7pbuWPs2U:SUaUUyw7I9A:nAtlLZaEg64"" border=""0""></img></a> </div><img src=""http://feeds.feedburner.com/~r/racewireblog/~4/FN7pbuWPs2U"" height=""1"" width=""1""/>",Marco Rubio's Impossible Task: Make Racism Palatable to Latinos,http://colorlines.com/archives/2013/02/marco_rubios_impossible_task.html,html,post,colorlines.com,html,Marco Rubio,Person,Person,-1,2,1,1,impossible task,,,,,,,
3,Google,Andros,Andros ,6539136,http://a0.twimg.com/profile_images/773106377/image_normal.jpg,http://twitter.com/andros,twitter,"Thu, 14 Feb 2013 15:48:40 +0000",Huhhh‚Äôz Why Homebuyerz Should Stop Obsessn' Ova Mortgage Ratez: Don‚Äôt Let Credit Kill da‚Ä¶ http://t.co/krIqUazd,17303054640,http://twitter.com/andros/statuses/17303054640,15,en,62,0,17303054640,,,,,,,,,,,,,,,,,,,,,,,,,,,,,,,,,,,,,,,,Athena[greekgod],3873485,59701651334,,,,,,,,,,,,,,,,,,,,,,,,,,,,,,,,,,,,,,,,,,,,,,,,,,,,,,,,,,,,,,,,,,,,,,,,,,,,,,"Thu, 14 Feb 2013 15:48:40 +0000",,,"<a href=""http://www.google.com/"" rel=""nofollow"">Google</a>",Huhhh‚Äôz Why Homebuyerz Should Stop Obsessn' Ova Mortgage Ratez: Don‚Äôt Let Credit Kill da‚Ä¶ http://t.co/krIqUazd,Andros ,,Las Angeles (Duh),34356,4,,Andros,http://a0.twimg.com/profile_images/773106377/image_normal.jpg,en,,,6539136,6539136,"Sun, 23 Dec 2012 08:19:54 +0000",http://andros.com,female,,,,,,,,,,,,,503,"Thu, 14 Feb 2013 15:48:41 +0000",,0,,http://www.lasangelestimes.com/2013/02/14/heres-why-homebuyers-should-stop-obsessing-over-mortgage-rates/?utm_source=feedburner&utm_medium=feed&utm_campaign=Feed%3A+LasAngelesTimes+%28Las+Angeles+Times%29,,,,,,,,,,,,,,,,,,,,,,,,,,,,,,,,,,,,,,,,,,,,,,goo.gl,http://goo.gl/fb/nBwxK,,,,,,,,,,,,,,,,,,,http://goo.gl/fb/nBwxK,http://feeds.lasangelestimes.com/~r/LasAngelesTimes/~3/BxjT8tzltIE/?utm_source=feedburner&utm_medium=twitter&utm_campaign=lasangelestimes,http://www.lasangelestimes.com/2013/02/14/heres-why-homebuyers-should-stop-obsessing-over-mortgage-rates/?utm_source=feedburner&utm_medium=feed&utm_campaign=Feed%3A+LasAngelesTimes+%28Las+Angeles+Times%29,,,,
3,Twitter for BlackBerry¬Æ,Sir,Black Knight Ii ,9446751,http://a0.twimg.com/profile_images/614658528/image_normal.jpg,http://twitter.com/sir,twitter,"Thu, 14 Feb 2013 15:48:41 +0000","Bolay ngarep HAHA Rt""@jenny: Td lu suruh dr deket ih-_- RT @: Ihaha ngarep! Rt""@jenny: Yaudah sini deketin gua",63702599634,http://twitter.com/sir/statuses/63702599634,52,id,100,,63702599634,,,,,,,,,,,,,,,,,,,,,,,,,,,,,,,,,,,,,,,,Jenny,7090461,59257058193,,,,,,,,,,,,,,,,,,,,,,,,,,,,,,,,,,,,,,,,,,,,,,,,,,,,,,,,,,,,,,,,,,,,,,,,,,,,,,"Thu, 14 Feb 2013 15:48:41 +0000",7090461,jenny,"<a href=""http://blackberry.com/twitter"" rel=""nofollow"">Twitter for BlackBerry¬Æ</a>","Bolay ngarep HAHA Rt""@jenny: Td lu suruh dr deket ih-_- RT @: Ihaha ngarep! Rt""@jenny: Yaudah sini deketin gua",Black Knight Ii ,,"West Java, Indonesia",12715,384,165,Sir,http://a0.twimg.com/profile_images/614658528/image_normal.jpg,en,Pacific Time (US & Canada),-28800,9446751,9446751,"Sat, 26 Mar 2011 04:30:47 +0000",http://sir.com,,,,,,,,,,,,,,,,,,,,,,,,,true,,,,,,,,,,,,,1,,,,,,,,,,,,,,,,,,,,,,,,,,,,,,,,,,,,,,,,,,,,,,,,,,,,,
3,web,Blackcrane,Black Crane ,7972498,http://a0.twimg.com/profile_images/861724772/image_normal.jpg,http://twitter.com/blackcrane,twitter,"Thu, 14 Feb 2013 15:48:41 +0000","@sarah Thanks Cit,amin ;)",76700343610,http://twitter.com/blackcrane/statuses/76700343610,43,,,3,76700343610,,,,,,,,,,,,,,,,,,,,,,,,,,,,,,,,,,,,,,,,Sarah,9910067,12979012052,,,,,,,,,,,,,,,,,,,,,,,,,,,,,,,,,,,,,,,,,,,,,,,,,,,,,,,,,,,,,,,,,,,,,,,,,,,,,,"Thu, 14 Feb 2013 15:48:41 +0000",9910067,sarah,web,"@sarah Thanks Cit,amin ;)",Black Crane ,,"Moscow,Russia",9677,536,297,Blackcrane,http://a0.twimg.com/profile_images/861724772/image_normal.jpg,en,Jakarta,25200,7972498,7972498,"Sun, 14 Jun 2009 05:57:02 +0000",http://blackcrane.com,female,,,,,,,,,,,,,,,,,,,,,,,,true,,,,,,,,,,,,,7,,,,,,,,,,,,,,,,,,,,,,,,,,,,,,,,,,,,,,,,,,,,,,,,,,,,,
3,web,Countandr,Carnivore ,6649291,http://a0.twimg.com/profile_images/917919946/image_normal.jpg,http://twitter.com/countandr,twitter,"Thu, 14 Feb 2013 15:48:41 +0000",@gen.ulysse Hello Bri!,85564199998,http://twitter.com/countandr/statuses/85564199998,44,en,66,0,85564199998,,,,,,,,,,,,,,,,,,,,,,,,,,,,,,,,,,,,,,,,Gen.ulysse,7841731,56586897489,,,,,,,,,,,,,,,,,,,,,,,,,,,,,,,,,,,,,,,,,,,,,,,,,,,,,,,,,,,,,,,,,,,,,,,,,,,,,,"Thu, 14 Feb 2013 15:48:41 +0000",7841731,gen.ulysse,web,@gen.ulysse Hello Bri!,Carnivore ,,In Brian May's Backyard.,3853,243,256,Countandr,http://a0.twimg.com/profile_images/917919946/image_normal.jpg,en,Brasilia,-10800,6649291,6649291,"Wed, 05 Dec 2012 03:41:51 +0000",http://countandr.com,unisex,,,,,,,,,,,,,,,,,,,,,,,,,,,,,,,,,,,,,,,,,,,,,,,,,,,,,,,,,,,,,,,,,,,,,,,,,,,,,,,,,,,,,,,,,,
3,Twitter for BlackBerry¬Æ,Adva,Adva ,5093060,http://a0.twimg.com/profile_images/427657370/image_normal.jpg,http://twitter.com/adva,twitter,"Thu, 14 Feb 2013 15:48:41 +0000","Mesik, ak main pes jak td duak pex RT""@avios: Ada ikut hunting tadi kah sma firman? RT @:",24317612359,http://twitter.com/adva/statuses/24317612359,45,en,62,0,24317612359,,,,,,,,,,,,,,,,,,,,,,,,,,,,,,,,,,,,,,,,Avios,8532914,66420738887,,,,,,,,,,,,,,,,,,,,,,,,,,,,,,,,,,,,,,,,,,,,,,,,,,,,,,,,,,,,,,,,,,,,,,,,,,,,,,"Thu, 14 Feb 2013 15:48:41 +0000",8532914,avios,"<a href=""http://blackberry.com/twitter"" rel=""nofollow"">Twitter for BlackBerry¬Æ</a>","Mesik, ak main pes jak td duak pex RT""@avios: Ada ikut hunting tadi kah sma firman? RT @:",Adva ,,sanggau,1565,119,220,Adva,http://a0.twimg.com/profile_images/427657370/image_normal.jpg,en,,,5093060,5093060,"Wed, 01 Jun 2011 04:26:28 +0000",http://adva.com,,,,,,,,,,,,,,,,,,,,,,,,,,,,,,,,,,,,,,,,,,,,,,,,,,,,,,,,,,,,,,,,,,,,,,,,,,,,,,,,,,,,,,,,,,,
3,Twitter for BlackBerry¬Æ,Baal,Baal ,9158419,http://a0.twimg.com/profile_images/985266841/image_normal.jpg,http://twitter.com/baal,twitter,"Thu, 14 Feb 2013 15:48:41 +0000","akuu udah dirumah og , Ô£´–≤–≤–º  nya td „ÇÑ—îœÄœëƒ´œÄ∆ç og :( RT @two-fistedtom: Kamu lagi apa ?? Dmn ?? @""",23032049415,http://twitter.com/baal/statuses/23032049415,,ms,64,,23032049415,,,,,,,,,,,,,,,,,,,,,,,,,,,,,,,,,,,,,,,,Two-fistedtom,2535370,31517695263,,,,,,,,,,,,,,,,,,,,,,,,,,,,,,,,,,,,,,,,,,,,,,,,,,,,,,,,,,,,,,,,,,,,,,,,,,,,,,"Thu, 14 Feb 2013 15:48:41 +0000",2535370,two-fistedtom,"<a href=""http://blackberry.com/twitter"" rel=""nofollow"">Twitter for BlackBerry¬Æ</a>","akuu udah dirumah og , Ô£´–≤–≤–º  nya td „ÇÑ—îœÄœëƒ´œÄ∆ç og :( RT @two-fistedtom: Kamu lagi apa ?? Dmn ?? @""",Baal ,,semarang utara,876,95,136,Baal,http://a0.twimg.com/profile_images/985266841/image_normal.jpg,en,Bangkok,25200,9158419,9158419,"Tue, 07 Aug 2012 05:30:47 +0000",http://baal.com,,,,,,,,,,,,,,,,,,,,,,,,,,,,,,,,,,,,,,,,,,,,,,,,,,,,,,,,,,,,,,,,,,,,,,,,,,,,,,,,,,,,,,,,,,,
3,Twitter for Android,Seancassidy,Banshee ,140376,http://a0.twimg.com/profile_images/3506/image_normal.jpg,http://twitter.com/seancassidy,twitter,"Thu, 14 Feb 2013 15:48:41 +0000",@lt.oliver PARAH bgt lah segitu yg td tereak2 -_- ini buku sama casing masih di aku nih.......masih ga aman nih.......,42656536679,http://twitter.com/seancassidy/statuses/42656536679,,ms,100,,42656536679,,,,,,,,,,,,,,,,,,,,,,,,,,,,,,,,,,,,,,,,Lt.oliver,1756413,48348062136,,,,,,,,,,,,,,,,,,,,,,,,,,,,,,,,,,,,,,,,,,,,,,,,,,,,,,,,,,,,,,,,,,,,,,,,,,,,,,"Thu, 14 Feb 2013 15:48:41 +0000",1756413,lt.oliver,"<a href=""http://twitter.com/download/android"" rel=""nofollow"">Twitter for Android</a>",@lt.oliver PARAH bgt lah segitu yg td tereak2 -_- ini buku sama casing masih di aku nih.......masih ga aman nih.......,Banshee ,,,1354,176,203,Seancassidy,http://a0.twimg.com/profile_images/3506/image_normal.jpg,en,Bangkok,25200,140376,140376,"Tue, 26 Jun 2012 03:28:14 +0000",http://seancassidy.com,female,,,,,,,,,,,,,,,,,,,,,,,,,,,,,,,,,,,,,,,,,,,,,,,,,,,,,,,,,,,,,,,,,,,,,,,,,,,,,,,,,,,,,,,,,,
3,Twitter for Android,Arnstrom,Arnstrom ,5646810,http://a0.twimg.com/profile_images/859379066/image_normal.jpg,http://twitter.com/arnstrom,twitter,"Thu, 14 Feb 2013 15:48:41 +0000",RT @Ciroc_NGlocks: White people stay worried about health insurance lls,93905188539,http://twitter.com/arnstrom/statuses/93905188539,39,en,100,1,93905188539,White people stay worried about health insurance lls,302081941241475072,"*Lovelyy,·É¶",,no mention ? no follow back .‚ù§‚úå.  follow my blood @Mac_daddayy,"Chambersburg, PA",13503,486,281,TwerkMyCakee_,http://a0.twimg.com/profile_images/3205012171/16994f67d4fe58c1eb171740148fb7d8_normal.jpeg,en,Atlantic Time (Canada),-14400,1,473326382,473326382,true,"Tue, 24 Jan 2012 21:26:08 +0000","<a href=""http://twitter.com/download/android"" rel=""nofollow"">Twitter for Android</a>",1,"Thu, 14 Feb 2013 15:48:41 +0000",302081796764479488,KoolKid~SourSmoke,Give af wat chu think FREE DEM BOIS NATE AND DARIUS,22974,676,926,Ciroc_NGlocks,http://a0.twimg.com/profile_images/3214197167/195294c9499b08c2c2258ee3d20b97aa_normal.jpeg,en,Quito,-18000,327192409,327192409,true,"Fri, 01 Jul 2011 04:23:26 +0000","<a href=""http://twitter.com/download/android"" rel=""nofollow"">Twitter for Android</a>","Thu, 14 Feb 2013 15:48:07 +0000",Angel2013,2677917,29018003609,,,,,,,,,,,,,,,,,,,,,,,,,,,,,,,,,,,,,,,,,,,,,,,,,,,,,,,,,,,,,,,,,,,,,,,,,,,,,,,,,,,,,,,,,,,,,,,,,,,,,,,,,,,,,,,,,,,,,,,,,,,,,,,,,,,,,,,,http://www.facebook.com/linden.waters?cropsuccess#!/,In Da Clouds,1,,,,,,,,,,,,,,,,,,,,,,,,,,,,,,,,,,,,,,,,,,,,,,,,,,
3,Twitter for iPhone,Axe,Axe ,2418214,http://a0.twimg.com/profile_images/176253594/image_normal.jpg,http://twitter.com/axe,twitter,"Thu, 14 Feb 2013 15:48:41 +0000",We'll run where lights won't chase us. Hide where love can save us. I will never let you gooo üé∂ #spectrum,57270174752,http://twitter.com/axe/statuses/57270174752,36,en,100,4,57270174752,,,,,,,,,,,,,,,,,,,,,,,,,,,,,,,,,,,,,,,,General,6404784,15309999533,,,,,,,,,,,,,,,,,,,,,,,,,,,,,,,,,,,,,,,,,,,,,,,,,,,,,,,,,,,,,,,,,,,,,,,,,,,,,,"Thu, 14 Feb 2013 15:48:41 +0000",,,"<a href=""http://twitter.com/download/iphone"" rel=""nofollow"">Twitter for iPhone</a>",We'll run where lights won't chase us. Hide where love can save us. I will never let you gooo üé∂ #spectrum,Axe ,,,26405,324,365,Axe,http://a0.twimg.com/profile_images/176253594/image_normal.jpg,en,Mountain Time (US & Canada),-25200,2418214,2418214,"Thu, 29 Dec 2011 19:18:27 +0000",http://axe.com,female,,,,,,,,,,,,,,,,,,,,,,,spectrum,,,,,,,,,,,,,,,,,,,,,,,,,,,,,,,,,,,,,,,,,,,,,,,,,,,,,,,,,,,,,,,,,,,
3,web,Benny,Beckley ,8664535,http://a0.twimg.com/profile_images/901408583/image_normal.jpg,http://twitter.com/benny,twitter,"Thu, 14 Feb 2013 15:48:42 +0000",Bri me dice 'voy a tomar algo para tomar'  jajajaja,24030017387,http://twitter.com/benny/statuses/24030017387,33,es,62,1,24030017387,,,,,,,,,,,,,,,,,,,,,,,,,,,,,,,,,,,,,,,,Broker,3288228,66972228139,,,,,,,,,,,,,,,,,,,,,,,,,,,,,,,,,,,,,,,,,,,,,,,,,,,,,,,,,,,,,,,,,,,,,,,,,,,,,,"Thu, 14 Feb 2013 15:48:42 +0000",,,web,Bri me dice 'voy a tomar algo para tomar'  jajajaja,Beckley ,,‚ô•Tu novio Te ama demasiadoo‚ô•,28072,425,333,Benny,http://a0.twimg.com/profile_images/901408583/image_normal.jpg,es,Buenos Aires,-10800,8664535,8664535,"Fri, 29 Oct 2010 21:53:14 +0000",http://benny.com,,,,,,,,,,,,,,,,,,,,,,,,,,,,,,,,,,,,,,,,,,,,,,,,,,,,,,,,,,,,,,,,,,,,,,,,,,,,,,,,,,,,,,,,,,,
3,Antivaz Web,Henrycamp,Bulldozer ,2734817,http://a0.twimg.com/profile_images/891129530/image_normal.jpg,http://twitter.com/henrycamp,twitter,"Thu, 14 Feb 2013 15:48:42 +0000",RT @Stereo107: ¬∞Cuenta corriente para universitarios en Banco Santander. Interesados DM @DonDatos @DonDateador @BuenRT @BuscoDatos @Hoci ...,99901671917,http://twitter.com/henrycamp/statuses/99901671917,44,es,100,1,99901671917,¬∞Cuenta corriente para universitarios en Banco Santander. Interesados DM @DonDatos @DonDateador @BuenRT @BuscoDatos @HocicoTarro @ChileanCL,302081941954506752,Revolution,,I am a new revolution,all de universe,108704,5163,5596,Antivaz,http://a0.twimg.com/profile_images/2524479727/3tk1pencoj6lwlthrixm_normal.jpeg,es,Mexico City,-21600,6,146634578,146634578,true,"Fri, 21 May 2010 23:46:28 +0000","<a href=""http://www.twitter.com"" rel=""nofollow"">Antivaz Web</a>",8,"Thu, 14 Feb 2013 15:48:42 +0000",302079350067564544,Carlos Machuca,Megal√≥mano + Egoc√©ntrico + Manipulador + Superficilal y Buena onda xD + Me llamo Carlos https://www.facebook.com/carlito.stereo,1813,247,349,Stereo107,http://a0.twimg.com/profile_images/3215205685/26dd3fb3e90420d0e808a80d3696229e_normal.jpeg,es,,,221528894,221528894,true,"Tue, 30 Nov 2010 22:28:48 +0000",web,"Thu, 14 Feb 2013 15:38:24 +0000",Abominatrix,1733988,93347128829,Banco Santander,Company,Company,1,0,1,1,Interesados DM @DonDatos @DonDateador @BuenRT @BuscoDatos @Hoci,Product,Product,0,0,1,1,,,,,,,,,,,,,,,,,,,,,,,,,,,,,,,,,,,,,,,,,,,,,,,,,,,,,,,,,,,,,,,,,,,,,,,,,,,,,,,,,,,,,,,,,,,,,,,,,,,,,,,,,,,,,DonDatos,DonDateador,BuenRT,BuscoDatos,HocicoTarro,ChileanCL,327776933,376796612,472115553,623314058,384861838,161033795,,,,,,,,,,,,,,,,,,,,,,,,,,,,,,,,,,,,,,,,,,,,,,,,,,,,,,
3,txt,Anti-vision,Anti-vision ,17566,http://a0.twimg.com/profile_images/600349616/image_normal.jpg,http://twitter.com/anti-vision,twitter,"Thu, 14 Feb 2013 15:48:40 +0000","Menyesal pulak datang foyer sem tadi.  Better aku proceed tolong cg muhi je td. Dapat pahala, kurang dosa marah2.",45898880506,http://twitter.com/anti-vision/statuses/45898880506,43,ms,100,,45898880506,,,,,,,,,,,,,,,,,,,,,,,,,,,,,,,,,,,,,,,,Carllucaluke,1228103,27849445003,,,,,,,,,,,,,,,,,,,,,,,,,,,,,,,,,,,,,,,,,,,,,,,,,,,,,,,,,,,,,,,,,,,,,,,,,,,,,,"Thu, 14 Feb 2013 15:48:40 +0000",,,"<a href=""http://twitter.com/devices"" rel=""nofollow"">txt</a>","Menyesal pulak datang foyer sem tadi.  Better aku proceed tolong cg muhi je td. Dapat pahala, kurang dosa marah2.",Anti-vision ,,"Cahaya SPK , Shah Alam ",1381,228,249,Anti-vision,http://a0.twimg.com/profile_images/600349616/image_normal.jpg,en,Kuala Lumpur,28800,17566,17566,"Thu, 27 Aug 2009 08:00:50 +0000",http://anti-vision.com,,,,,,,,,,,,,,,,,,,,,,,,,true,,,,,,,,,,,,,,,,,,,,,,,,,,,,,,,,,,,,,,,,,,,,,,,,,,,,,,,,,,,,,,,,,,
3,Twitter for Android,Jonothonsta,Chamber ,3750253,http://a0.twimg.com/profile_images/175629107/image_normal.jpg,http://twitter.com/jonothonsta,twitter,"Thu, 14 Feb 2013 15:48:40 +0000",RT @DBS_Ox: ATTENTION!!!!!!! Its here that #Mr.UnderRated I will be selln copies if u see me @DBS_Ox OX SNAP - MR.UNDERRATED - http://t. ...,77157148276,http://twitter.com/jonothonsta/statuses/77157148276,25,en,100,,77157148276,ATTENTION!!!!!!! Its here that #Mr.UnderRated I will be selln copies if u see me @DBS_Ox OX SNAP - MR.UNDERRATED - http://t.co/cNU4MRgH,302081933788188674,DntGetClose,,Follow @RpRondogg @Keelow_MMyg @TheReal_YH @DBS_Ox @TG_DGC @Dbs_DntGetClose @605_Southside @LexParma @Scotty_176 @OnTheNade,"Toronto, Ont",76,90,350,_DntGetCloseEnt,http://a0.twimg.com/profile_images/3241432524/6a6cbbcaf0c82f9e0b670557dfece72d_normal.jpeg,en,,,,1167336480,1167336480,,"Sun, 10 Feb 2013 23:52:13 +0000","<a href=""http://twitter.com/download/android"" rel=""nofollow"">Twitter for Android</a>",5,"Thu, 14 Feb 2013 15:48:40 +0000",302056711634702336,OX'snap ,Ox'snap aka Mr.UnderRated. Mixtape droppin Feb 14.!!! You dnt like me or my circle no one said you had too.  #Rurrting  #DntGetClose,2462,708,804,DBS_Ox,http://a0.twimg.com/profile_images/3231057062/cb5a673c45cd70bb11f6cff9af8b181b_normal.jpeg,en,Arizona,-25200,483247003,483247003,,"Sat, 04 Feb 2012 20:06:17 +0000","<a href=""http://blackberry.com/twitter"" rel=""nofollow"">Twitter for BlackBerry¬Æ</a>","Thu, 14 Feb 2013 14:08:26 +0000",Cerebro,8254825,26118916901,,,,,,,,,,,,,,,,,,,,,,,,,,,,,,,,,,,,,,,,,,,,,,,,,,,,,,,,,,,,,,,,,,,,,,,,,,,,,,,,,,,,,,,,,,,,,,,,,,,,,,,,,,,,,,,200,"Thu, 14 Feb 2013 14:00:13 +0000",http://datpiff.com/mixtapes-detail.php?id=455175,0,Ox Snap - Mr.underrated Hosted by DJ Laz Vagez // Free Mixtape @ DatPiff.com,http://www.datpiff.com/mixtapes-detail.php?id=455175,,,,,,,DBS_Ox,,,,,,483247003,,,,,,,,Da Bricks. PARMA. The Crid.,,,,,,,,,,,,,,,,,,,,,,,,,,,,,,,,,,,,,,,,,,,,,http://bit.ly/14Uq2pS,,,http://bit.ly/14Uq2pS,bit.ly,Mr,
3,Twitter for BlackBerry¬Æ,Bludgeon,Bludgeon ,194,http://a0.twimg.com/profile_images/309409659/image_normal.jpg,http://twitter.com/bludgeon,twitter,"Thu, 14 Feb 2013 15:48:40 +0000",Mis regalos de hoy a mi cuenta mercantil xfavor!,13946304889,http://twitter.com/bludgeon/statuses/13946304889,41,es,62,4,13946304889,,,,,,,,,,,,,,,,,,,,,,,,,,,,,,,,,,,,,,,,Victo,5060432,36,,,,,,,,,,,,,,,,,,,,,,,,,,,,,,,,,,,,,,,,,,,,,,,,,,,,,,,,,,,,,,,,,,,,,,,,,,,,,,"Thu, 14 Feb 2013 15:48:40 +0000",,,"<a href=""http://blackberry.com/twitter"" rel=""nofollow"">Twitter for BlackBerry¬Æ</a>",Mis regalos de hoy a mi cuenta mercantil xfavor!,Bludgeon ,,segunda cuadra a la izquierda ,4126,407,535,Bludgeon,http://a0.twimg.com/profile_images/309409659/image_normal.jpg,es,Caracas,-16200,194,194,"Tue, 26 Jan 2010 01:29:39 +0000",http://bludgeon.com,,,,,,,,,,,,,,,,,,,,,,,,,true,,,,,,,,,,,,,1,,,,,,,,,,,,,,,,,,,,,,,,,,,,,,,,,,,,,,,,,,,,,,,,,,,,,
3,,Brutusklor,Brutus Klor ,24,http://a0.twimg.com/profile_images/878293535/image_normal.jpg,http://twitter.com/brutusklor,blog,"Thu, 14 Feb 2013 15:48:40 +0000","A Nokia Siemens Networks a telekommunik√°ci√≥s szektor alacsony n√∂veked√©s√©re sz√°m√≠t az idei √©vben, ugyanis a szolg√°ltat√≥kon egyre nagyobb a p√©nz√ºgyi nyom√°s - √≠rja az Erste v√°llalati √∂sszefoglal√≥j√°ban.",85724864271,http://twitter.com/brutusklor/statuses/85724864271,,hu,100,,,,,,,,,,,,,,,,,,,,,,,,,,,,,,,,,,,,,,,,,,,,,,,,,,,,,,,,,,,,,,,,,,,,,,,,,,,,,,,,,,,,,,,,,,,,,,,,,,,,,,,,,,,,,,,,,,,,,,,,,,,,,,,,,,,,,,,,,,,,,,unisex,,,,,,,,,,,,A v√°llalkoz√≥k t√∂bb mint fele venne fel √∫j alkalmazottakat,,,,,,,,,,,,,,,,,,,,,,,,,,,,,,,,,,,,,,,,,,,,,,,,,,,,,,"Thu, 14 Feb 2013 15:48:40 +0000",1e276be00927ac00e0613581fd7dcc7a,vgonline@vg.hu,"A Nokia Siemens Networks a telekommunik√°ci√≥s szektor alacsony n√∂veked√©s√©re sz√°m√≠t az idei √©vben, ugyanis a szolg√°ltat√≥kon egyre nagyobb a p√©nz√ºgyi nyom√°s - √≠rja az Erste v√°llalati √∂sszefoglal√≥j√°ban.",A v√°llalkoz√≥k t√∂bb mint fele venne fel √∫j alkalmazottakat,http://www.vg.hu/vallalatok/vallalati-hirek/a-vallalkozok-tobb-mint-fele-venne-fel-uj-alkalmazottakat-397815,html,post,www.vg.hu,html,,,,,,,,,,,,,,,
3,Twitter for Android,Agentstepha,Briggs ,7,http://a0.twimg.com/profile_images/603684340/image_normal.jpg,http://twitter.com/agentstepha,twitter,"Thu, 14 Feb 2013 15:48:40 +0000",Chase drop needed asap!!!!!!!!!!!,49097707075,http://twitter.com/agentstepha/statuses/49097707075,51,en,64,,49097707075,,,,,,,,,,,,,,,,,,,,,,,,,,,,,,,,,,,,,,,,Baymax,3605763,51912414631,,,,,,,,,,,,,,,,,,,,,,,,,,,,,,,,,,,,,,,,,,,,,,,,,,,,,,,,,,,,,,,,,,,,,,,,,,,,,,"Thu, 14 Feb 2013 15:48:40 +0000",,,"<a href=""http://twitter.com/download/android"" rel=""nofollow"">Twitter for Android</a>",Chase drop needed asap!!!!!!!!!!!,Briggs ,,I follow this sign $$$$,15237,469,309,Agentstepha,http://a0.twimg.com/profile_images/603684340/image_normal.jpg,en,Hawaii,-36000,7,7,"Sat, 16 Jul 2011 15:10:18 +0000",http://agentstepha.com,,,,,,,,,,,,,,,,,,,,,,,,,true,,,,,,,,,,,,,2,,,,,,,,,,,,,,,,,,,,,,,,,,,,,,,,,,,,,,,,,,,,,,,,,,,,,
3,,Henrycamp,Bulldozer ,8056551,http://a0.twimg.com/profile_images/246853972/image_normal.jpg,http://twitter.com/henrycamp,blog,"Thu, 14 Feb 2013 15:48:40 +0000","<p class=""image-container"" style=""text-align: center;""> <a href=""http://www.engadget.com/2013/02/14/jim-balsillie/""><img alt=""BlackBerry's Jim Balsillie "" data-src-height=""286"" data-src-width=""500"" src=""http://www.blogcdn.com/www.engadget.com/media/2013/02/jim-balsillie.jpg"" /></a></p><p> <a href=""http://www.engadget.com/tag/Jim+Balsillie/"">Jim Balsillie</a>, the former co-CEO of Research in Motion (now known as BlackBerry), has been until recently the third-largest shareholder in the company with 5.1 percent ownership. According to <em>Financial Post,</em> however, he's cut his stake in BlackBerry altogether, now reporting a grand total of zero shares. Balsillie <a href=""http://www.engadget.com/2012/01/22/rim-ceo-quits/"">stepped down</a> as co-CEO in January and <a href=""http://www.engadget.com/2012/03/29/rim-announces-q4-2012-earnings-jim-balsillie-resigns-from-compa/"">resigned</a> from the board in March; this next big move away from the company will likely lead to speculation that <a href=""http://www.engadget.com/2012/04/13/jim-balsillie-rim-plans/"">his interest</a> or faith in BlackBerry's future is waning, though <a href=""http://www.engadget.com/2012/11/19/RIM-CEO-thorsten-heins-interview/"">his successor</a> certainly would beg to differ.</p><p>Filed under: <a href=""http://www.engadget.com/category/cellphones/"" rel=""tag"">Cellphones</a>, <a href=""http://www.engadget.com/category/mobile/"" rel=""tag"">Mobile</a>, <a href=""http://www.engadget.com/category/blackberry/"" rel=""tag"">Blackberry</a></p><p><strong><a href=""http://www.engadget.com/2013/02/14/jim-balsillie/#comments"">Comments</a></strong></p><p><strong>Source:</strong> <a href=""http://business.financialpost.com/2013/02/14/rim-co-founder-jim-balsillie-has-sold-all-his-shares-in-blackberry/"" target=""_blank"">Financial Post</a><!--//--></p>",42612433945,http://twitter.com/henrycamp/statuses/42612433945,,en,91,0,,,,,,,,,,,,,,,,,,,,,,,,,,,,,,,,,,,,,,,,,,,,Jim Balsillie,Person,Person,-11,7,1,1,Research in Motion,Company,Company,0,5,1,1,BlackBerry,Product,Product,-11,6,1,1,,,,,,,,,,,,,,,,,,,,,,,,,,,,,,,,,,,,,,,,,,,,,,,,,,,,,,,,,,,,,,,,,,,,,,,,,,,,,male,,,,,,,,,,,,Jim Balsillie sells his 5.1 percent stake in BlackBerry,,,,,,,grand total,big move,,0,,,,,,,,,,,,,,,,,,,,,,,,,,,,,,,,grand total,,grand total,big move,,,,,,,,,"Thu, 14 Feb 2013 15:48:40 +0000",1e276be00927ac00e06140b4fcc4a744,Brad Molen,"<p class=""image-container"" style=""text-align: center;""> <a href=""http://www.engadget.com/2013/02/14/jim-balsillie/""><img alt=""BlackBerry's Jim Balsillie "" data-src-height=""286"" data-src-width=""500"" src=""http://www.blogcdn.com/www.engadget.com/media/2013/02/jim-balsillie.jpg"" /></a></p><p> <a href=""http://www.engadget.com/tag/Jim+Balsillie/"">Jim Balsillie</a>, the former co-CEO of Research in Motion (now known as BlackBerry), has been until recently the third-largest shareholder in the company with 5.1 percent ownership. According to <em>Financial Post,</em> however, he's cut his stake in BlackBerry altogether, now reporting a grand total of zero shares. Balsillie <a href=""http://www.engadget.com/2012/01/22/rim-ceo-quits/"">stepped down</a> as co-CEO in January and <a href=""http://www.engadget.com/2012/03/29/rim-announces-q4-2012-earnings-jim-balsillie-resigns-from-compa/"">resigned</a> from the board in March; this next big move away from the company will likely lead to speculation that <a href=""http://www.engadget.com/2012/04/13/jim-balsillie-rim-plans/"">his interest</a> or faith in BlackBerry's future is waning, though <a href=""http://www.engadget.com/2012/11/19/RIM-CEO-thorsten-heins-interview/"">his successor</a> certainly would beg to differ.</p><p>Filed under: <a href=""http://www.engadget.com/category/cellphones/"" rel=""tag"">Cellphones</a>, <a href=""http://www.engadget.com/category/mobile/"" rel=""tag"">Mobile</a>, <a href=""http://www.engadget.com/category/blackberry/"" rel=""tag"">Blackberry</a></p><p><strong><a href=""http://www.engadget.com/2013/02/14/jim-balsillie/#comments"">Comments</a></strong></p><p><strong>Source:</strong> <a href=""http://business.financialpost.com/2013/02/14/rim-co-founder-jim-balsillie-has-sold-all-his-shares-in-blackberry/"" target=""_blank"">Financial Post</a><!--//--></p>",Jim Balsillie sells his 5.1 percent stake in BlackBerry,http://www.engadget.com/2013/02/14/jim-balsillie/,html,post,mobile.engadget.com,html,Jim Balsillie,Person,Person,0,1,1,1,,,,,,,,
3,Twitter for Android,Burningpuddle,Burning Puddle ,8777270,http://a0.twimg.com/profile_images/607917568/image_normal.jpg,http://twitter.com/burningpuddle,twitter,"Thu, 14 Feb 2013 15:48:40 +0000","""@gen.jonatha: @ oit2 sjak bile ang jd promoter tdung nie"" ssejak pukul 11.30 mlm td... ;))",33188108843,http://twitter.com/burningpuddle/statuses/33188108843,,,,0,33188108843,,,,,,,,,,,,,,,,,,,,,,,,,,,,,,,,,,,,,,,,Gen.jonatha,0,35076420987,"""@syefakhrullah: @arkemarl oit2 sjak bile ang jd promoter tdung nie""",Quote,Quote,-1,1,1,0,,,,,,,,,,,,,,,,,,,,,,,,,,,,,,,,,,,,,,,,,,,,,,,,,,,,,,,,,,,,,,,,,,,,,,,"Thu, 14 Feb 2013 15:48:40 +0000",0,gen.jonatha,"<a href=""http://twitter.com/download/android"" rel=""nofollow"">Twitter for Android</a>","""@gen.jonatha: @ oit2 sjak bile ang jd promoter tdung nie"" ssejak pukul 11.30 mlm td... ;))",Burning Puddle ,,,3187,106,169,Burningpuddle,http://a0.twimg.com/profile_images/607917568/image_normal.jpg,en,Kuala Lumpur,28800,8777270,8777270,"Tue, 24 Jan 2012 06:05:13 +0000",http://burningpuddle.com,,,,,,,,,,,,,,,,,,,,oit2 sjak bile,ssejak pukul,,,,,,,,,,,,,,,,,1,,,,,,,,,,,,,,,,,,,,,,,,,,,,,,,,,,,,,,,,,,,,,,,,,,,,,
3,twitterfeed,Cyrus,Black ,4983124,http://a0.twimg.com/profile_images/950954727/image_normal.jpg,http://twitter.com/cyrus,twitter,"Thu, 14 Feb 2013 15:48:39 +0000",When it comes to Auto Insurance - How much is too much?: Having insurance to protect you from unforeseen misfort... http://t.co/PkBaRgPX,93914996110,http://twitter.com/cyrus/statuses/93914996110,,en,100,-5,93914996110,,,,,,,,,,,,,,,,,,,,,,,,,,,,,,,,,,,,,,,,Blackbolt,3807336,12584151304,,,,,,,,,,,,,,,,,,,,,,,,,,,,,,,,,,,,,,,,,,,,,,,,,,,,,,,,,,,,,,,,,,,,,,,,,,,,,,"Thu, 14 Feb 2013 15:48:39 +0000",,,"<a href=""http://twitterfeed.com"" rel=""nofollow"">twitterfeed</a>",When it comes to Auto Insurance - How much is too much?: Having insurance to protect you from unforeseen misfort... http://t.co/PkBaRgPX,Black ,,"Austin, TX",6,8,6,Cyrus,http://a0.twimg.com/profile_images/950954727/image_normal.jpg,en,,,4983124,4983124,"Tue, 11 Dec 2012 22:43:27 +0000",http://cyrus.com,male,,,,,,,,,,,,,200,"Thu, 14 Feb 2013 15:48:40 +0000",http://espinosaagency.com/newsletter.html?title=when-it-comes-to-auto-insurance---how-much-is-too-much?-580,0,When it comes to Auto Insurance - How much is too much? - Espinosa Insurance Services,http://espinosaagency.com/newsletter.html?title=when-it-comes-to-auto-insurance---how-much-is-too-much%3F-580,,,,,,,,,,,,,,,,,,,,,,,,,,,,,,,,,,,,,,,,,,,,,,bit.ly,http://bit.ly/12EFkfn,,,,,,,,,,,,,,,,,,,http://bit.ly/12EFkfn,http://espinosaagency.com/newsletter.html?title=when-it-comes-to-auto-insurance---how-much-is-too-much%3F-580&utm_medium=twitter&utm_source=twitterfeed,,,,,
3,web,Captainamericadopp,Captain America Dopp ,4082714,http://a0.twimg.com/profile_images/593103618/image_normal.jpg,http://twitter.com/captainamericadopp,twitter,"Thu, 14 Feb 2013 15:48:40 +0000",trynical vampire vs knight amore,13368368917,http://twitter.com/captainamericadopp/statuses/13368368917,19,en,62,0,13368368917,,,,,,,,,,,,,,,,,,,,,,,,,,,,,,,,,,,,,,,,Nathanielalex,9869980,69061663118,,,,,,,,,,,,,,,,,,,,,,,,,,,,,,,,,,,,,,,,,,,,,,,,,,,,,,,,,,,,,,,,,,,,,,,,,,,,,,"Thu, 14 Feb 2013 15:48:40 +0000",,,web,trynical vampire vs knight amore,Captain America Dopp ,,KEDAH,586,21,37,Captainamericadopp,http://a0.twimg.com/profile_images/593103618/image_normal.jpg,en,Kuala Lumpur,28800,4082714,4082714,"Mon, 21 May 2012 13:00:08 +0000",http://captainamericadopp.com,,,,,,,,,,,,,,,,,,,,,,,,,true,,,,,,,,,,,,,,,,,,,,,,,,,,,,,,,,,,,,,,,,,,,,,,,,,,,,,,,,,,,,,,,,,,
3,UberSocial for BlackBerry,Bigcasino,Big Casino ,2,http://a0.twimg.com/profile_images/205337340/image_normal.jpg,http://twitter.com/bigcasino,twitter,"Thu, 14 Feb 2013 15:48:40 +0000",@brigadierink ti bokapnya dede meninggal sudah tauk? Td jam/9 mlm d rs citra,94092417089,http://twitter.com/bigcasino/statuses/94092417089,40,id,100,,94092417089,,,,,,,,,,,,,,,,,,,,,,,,,,,,,,,,,,,,,,,,Brigadierink,8308502,65949798841,,,,,,,,,,,,,,,,,,,,,,,,,,,,,,,,,,,,,,,,,,,,,,,,,,,,,,,,,,,,,,,,,,,,,,,,,,,,,,"Thu, 14 Feb 2013 15:48:40 +0000",8308502,brigadierink,"<a href=""http://ubersocial.com"" rel=""nofollow"">UberSocial for BlackBerry</a>",@brigadierink ti bokapnya dede meninggal sudah tauk? Td jam/9 mlm d rs citra,Big Casino ,,bekasi,1331,133,199,Bigcasino,http://a0.twimg.com/profile_images/205337340/image_normal.jpg,en,Bangkok,25200,2,2,"Sun, 19 Jun 2011 14:16:26 +0000",http://bigcasino.com,,,,,,,,,,,,,,,,,,,,,,,,,,,,,,,,,,,,,,,,,,,,,,,,,,,,,,,,,,,,,,,,,,,,,,,,,,,,,,,,,,,,,,,,,,,
3,Twitter for Android,Mortonki,Black Hole ,7455649,http://a0.twimg.com/profile_images/325498477/image_normal.jpg,http://twitter.com/mortonki,twitter,"Thu, 14 Feb 2013 15:48:40 +0000","Udh tuh :D ""@rachel: Tanya aja sama @ nya wkwk RT @: @rachel kalo manggil yg td anca gmn?",70061998069,http://twitter.com/mortonki/statuses/70061998069,43,id,100,,70061998069,,,,,,,,,,,,,,,,,,,,,,,,,,,,,,,,,,,,,,,,Rachel,5756885,33774617360,,,,,,,,,,,,,,,,,,,,,,,,,,,,,,,,,,,,,,,,,,,,,,,,,,,,,,,,,,,,,,,,,,,,,,,,,,,,,,"Thu, 14 Feb 2013 15:48:40 +0000",5756885,rachel,"<a href=""http://twitter.com/download/android"" rel=""nofollow"">Twitter for Android</a>","Udh tuh :D ""@rachel: Tanya aja sama @ nya wkwk RT @: @rachel kalo manggil yg td anca gmn?",Black Hole ,,jauh dari 'Jablay Bangsat',3235,137,107,Mortonki,http://a0.twimg.com/profile_images/325498477/image_normal.jpg,en,Pacific Time (US & Canada),-28800,7455649,7455649,"Wed, 06 Jan 2010 10:45:18 +0000",http://mortonki.com,female,,,,,,,,,,,,,,,,,,,,,,,,true,,,,,,,,,,,,,1,,,,,,,,,,,,,,,,,,,,,,,,,,,,,,,,,,,,,,,,,,,,,,,,,,,,,
3,web,Avios,Avios ,8610322,http://a0.twimg.com/profile_images/13846514/image_normal.jpg,http://twitter.com/avios,twitter,"Thu, 14 Feb 2013 15:48:40 +0000","RT @TheKakek: iya, biasanya sih kakek ganteng.. bukan lucu :( RT @cmprng19:  kakek kok hari ini lucu bgt si. Td pagi sarapan apaan?",98764293733,http://twitter.com/avios/statuses/98764293733,,id,100,,98764293733,"iya, biasanya sih kakek ganteng.. bukan lucu :( RT @cmprng19:  kakek kok hari ini lucu bgt si. Td pagi sarapan apaan?",302081936254443520,„ÉÑ,http://ayoehielda.blogspot.com,SEMANGAT YO!!!,"Solo,Indonesian ",6365,302,241,hielda_ayoe,http://a0.twimg.com/profile_images/3228412006/fc39e8d59bbbac07645021ad068c51c6_normal.jpeg,id,Jakarta,25200,1,475548512,475548512,true,"Fri, 27 Jan 2012 05:31:01 +0000",web,2,"Thu, 14 Feb 2013 15:48:40 +0000",302041903615057921,kakek gaul,"Mau tips lucu, ramalan kocak, ato nasehat super ? nongkrong aja disini ama @thekakek , dijamin ngakak baca twitnya bikin rahang kram.  cepe : 085645003982",5761,291749,,TheKakek,http://a0.twimg.com/profile_images/3223878239/d8362b2bfb3dfed57dea5347e9ac55f4_normal.png,en,Bangkok,25200,521162558,521162558,,"Sun, 11 Mar 2012 09:19:46 +0000","<a href=""http://www.tweetdeck.com"" rel=""nofollow"">TweetDeck</a>","Thu, 14 Feb 2013 13:09:36 +0000",Atomsmasher,4615777,57515899813,,,,,,,,,,,,,,,,,,,,,,,,,,,,,,,,,,,,,,,,,,,,,,,,,,,,,,,,,,,,,,,,,,,,,,,,,,,,,,,,,,,,,,,,,,,,,,,,,,,,,,,,,,,,,,,,,,,,,,,,,,,cmprng19,,,,,,837385212,,,,,,,http://thekakek.com,dihatimu *loh kok romantis*,171,,,,,,,,,,,,,,,,,,,,,,,,,,,,,,,,,,,,,,,,,,,,,,,,,,
3,Echofon,Apocryphus,Apocryphus ,1797166,http://a0.twimg.com/profile_images/212730394/image_normal.jpg,http://twitter.com/apocryphus,twitter,"Thu, 14 Feb 2013 15:48:40 +0000","Make money live comfortably. Never chase the money, let the money come to me.",89060372347,http://twitter.com/apocryphus/statuses/89060372347,45,en,100,4,89060372347,,,,,,,,,,,,,,,,,,,,,,,,,,,,,,,,,,,,,,,,Lindam,1404894,55400023120,,,,,,,,,,,,,,,,,,,,,,,,,,,,,,,,,,,,,,,,,,,,,,,,,,,,,,,,,,,,,,,,,,,,,,,,,,,,,,"Thu, 14 Feb 2013 15:48:40 +0000",,,"<a href=""http://www.echofon.com/"" rel=""nofollow"">Echofon</a>","Make money live comfortably. Never chase the money, let the money come to me.",Apocryphus ,,West Bumblefuck,31424,499,386,Apocryphus,http://a0.twimg.com/profile_images/212730394/image_normal.jpg,en,Central Time (US & Canada),-21600,1797166,1797166,"Sat, 08 Aug 2009 01:24:43 +0000",http://apocryphus.com,,,,,,,,,,,,,,,,,,,,,,,,,,,,,,,,,,,,,,1,,,,,,,,,,,,,,,,,,,,,,,,,,,,,,,,,,,,,,,,,,,,,,,,,,,,,
3,Twitter for iPhone,Prof.jo,Blue Bullet ,5424659,http://a0.twimg.com/profile_images/841145546/image_normal.jpg,http://twitter.com/prof.jo,twitter,"Thu, 14 Feb 2013 15:48:39 +0000",RT @BBCBreaking: Billionaire investor Warren Buffett's investment vehicle Berkshire Hathaway buys US food giant Heinz for $28bn http://t ...,91806957917,http://twitter.com/prof.jo/statuses/91806957917,14,en,62,0,91806957917,Billionaire investor Warren Buffett's investment vehicle Berkshire Hathaway buys US food giant Heinz for $28bn http://t.co/0U8nKnt2,302081933209378818,The Drones Club,http://www.dronesclub.de,Fine Gentlemen's Club,Italy,34,12,62,clubdrones,http://a0.twimg.com/profile_images/2977607397/d446853854a29347f976ccf809800e2f_normal.jpeg,it,,,,1012729646,1012729646,,"Sat, 15 Dec 2012 07:53:33 +0000","<a href=""http://twitter.com/download/iphone"" rel=""nofollow"">Twitter for iPhone</a>",559,"Thu, 14 Feb 2013 15:48:39 +0000",302047428960460800,BBC Breaking News,"Breaking news alerts and updates from the BBC. For news, features, analysis follow @BBCWorld (our World edition) and @BBCNews (our UK edition).",10846,5060123,2,BBCBreaking,http://a0.twimg.com/profile_images/2186829506/128x128_twitter_bbc_breaking_normal.jpg,en,London,,5402612,5402612,,"Sun, 22 Apr 2007 14:42:37 +0000","<a href=""http://www.bbc.co.uk/news/"" rel=""nofollow"">BBC News</a>","Thu, 14 Feb 2013 13:31:33 +0000",Anubia,2951358,49401142052,Warren Buffett,Person,Person,0,1,1,1,Berkshire Hathaway,Company,Company,0,1,1,1,,,,,,,,,,,,,,,,,,,,,,,,,,,,,,,,,,,,,,,,,,,,,,,,,,,,,,,,,,,,,,,,,,,,,,,,,,,,,,,,,,,,mostly_female,,,,,,,,,,,,,200,"Thu, 14 Feb 2013 13:25:37 +0000",http://bbc.co.uk/news/business-21461779,0,BBC News - Warren Buffett in $28bn Heinz deal,http://www.bbc.co.uk/news/business-21461779,billionaire investor,investment vehicle,food giant,,,,,,,,,,,,,,,,,http://www.bbc.co.uk/news,"London, UK",70535,true,,,,,,,,,,,,,billionaire investor,investment vehicle,,,,,,,,,,,,,,,,,,,,,,,,,,,,,http://bbc.in/15f2vB5,http://www.bbc.co.uk/news/business-21461779#TWEET602952,,http://bbc.in/15f2vB5,bbc.in,,food giant
3,Twitter for Android,Gen.ulysse,Chapman ,25,http://a0.twimg.com/profile_images/585967288/image_normal.jpg,http://twitter.com/gen.ulysse,twitter,"Thu, 14 Feb 2013 15:48:40 +0000","RT @adulfhatlur: H
A
P
Y

V
A
L
N
T
I
E
N
Z

D
E
Y





Jk ur a fukin fagit nd ur nt getin laid tonite....",41966234566,http://twitter.com/gen.ulysse/statuses/41966234566,44,en,63,0,41966234566,"H
A
P
Y

V
A
L
N
T
I
E
N
Z

D
E
Y





Jk ur a fukin fagit nd ur nt getin laid tonite....",302081935604342784,Crystal Armendariz,,I won't bow down even if the whole world thinks I'm crazy. #queen #chicana,,5208,124,123,nemofishhero,http://a0.twimg.com/profile_images/3172607038/e5cc5c53842b09fa28598d4055ef1094_normal.jpeg,en,Arizona,-25200,1,393081008,393081008,,"Tue, 18 Oct 2011 00:28:05 +0000","<a href=""http://twitter.com/download/android"" rel=""nofollow"">Twitter for Android</a>",44,"Thu, 14 Feb 2013 15:48:40 +0000",302081325609910273,Adulf Hatlur,Beggust jws guser in teh wurld sum of mai joaks r harshz #ÂçêÂçêÂçê #OriginalAccount of Adulf Hatlur Kik me: adulfpls Snapchat: adulfpls,1542,10764,49,adulfhatlur,http://a0.twimg.com/profile_images/3245182198/ea748e268f3993c3a976f1a0a02a58b8_normal.jpeg,en,Amsterdam,3600,843848210,843848210,,"Mon, 24 Sep 2012 16:06:59 +0000","<a href=""http://twitter.com/download/iphone"" rel=""nofollow"">Twitter for iPhone</a>","Thu, 14 Feb 2013 15:46:15 +0000",Job,314,87490888568,,,,,,,,,,,,,,,,,,,,,,,,,,,,,,,,,,,,,,,,,,,,,,,,,,,,,,,,,,,,,,,,,,,,,,,,,,,,,,,,,,,,,,,,,,,,,,,,,,female,,,,,,,,,,,,,,,,,,,,,,,,,,,,,,,,,,,,,,http://www.gaztehjwsz.org,Auschwitz,14,,,,,,,,,,,,,,,,,,,,,,,,,,,,,,,,,,,,,,,,,,,,,,,,,,
3,Twitter for BlackBerry¬Æ,Moxie,Cambridge ,5745315,http://a0.twimg.com/profile_images/971661995/image_normal.jpg,http://twitter.com/moxie,twitter,"Thu, 14 Feb 2013 15:48:40 +0000",‚Äî¬°CUIDADO CON EL BESO! ‚Äî¬øCu√°l bes...,33175271679,http://twitter.com/moxie/statuses/33175271679,35,af,62,,33175271679,,,,,,,,,,,,,,,,,,,,,,,,,,,,,,,,,,,,,,,,Anelle,1404395,518979309,,,,,,,,,,,,,,,,,,,,,,,,,,,,,,,,,,,,,,,,,,,,,,,,,,,,,,,,,,,,,,,,,,,,,,,,,,,,,,"Thu, 14 Feb 2013 15:48:40 +0000",,,"<a href=""http://blackberry.com/twitter"" rel=""nofollow"">Twitter for BlackBerry¬Æ</a>",‚Äî¬°CUIDADO CON EL BESO! ‚Äî¬øCu√°l bes...,Cambridge ,,El Salvador,29231,273,241,Moxie,http://a0.twimg.com/profile_images/971661995/image_normal.jpg,es,Mountain Time (US & Canada),-25200,5745315,5745315,"Mon, 21 Nov 2011 01:24:46 +0000",http://moxie.com,,,,,,,,,,,,,,,,,,,,,,,,,true,,,,,,,,,,,,,1,,,,,,,,,,,,,,,,,,,,,,,,,,,,,,,,,,,,,,,,,,,,,,,,,,,,,
3,UberSocial for BlackBerry,Buzzard,Buzzard ,2624204,http://a0.twimg.com/profile_images/0/image_normal.jpg,http://twitter.com/buzzard,twitter,"Thu, 14 Feb 2013 15:48:41 +0000",Ia lah.... Abg jelek... Apa lah abg ni... @nathanielalex,52673810580,http://twitter.com/buzzard/statuses/52673810580,31,ms,61,,52673810580,,,,,,,,,,,,,,,,,,,,,,,,,,,,,,,,,,,,,,,,Nathanielalex,7064575,72341676941,,,,,,,,,,,,,,,,,,,,,,,,,,,,,,,,,,,,,,,,,,,,,,,,,,,,,,,,,,,,,,,,,,,,,,,,,,,,,,"Thu, 14 Feb 2013 15:48:41 +0000",7064575,nathanielalex,"<a href=""http://ubersocial.com"" rel=""nofollow"">UberSocial for BlackBerry</a>",Ia lah.... Abg jelek... Apa lah abg ni... @nathanielalex,Buzzard ,,"√úT: -6.1881299,106.8440413",481,60,74,Buzzard,http://a0.twimg.com/profile_images/0/image_normal.jpg,id,Beijing,28800,2624204,2624204,"Sun, 06 Nov 2011 09:43:40 +0000",http://buzzard.com,,,,,,,,,,,,,,,,,,,,,,,,,true,,,,,,,,,,,,,,,,,,,,,,,,,,,,,,,,,,,,,,,,,,,,,,,,,,,,,,,,,,,,,,,,,,
3,Twitter for Android,Captainamerica,Captain America ,2252144,http://a0.twimg.com/profile_images/191751099/image_normal.jpg,http://twitter.com/captainamerica,twitter,"Thu, 14 Feb 2013 15:48:41 +0000","RT @tyarizkha: Jan buka kartu dong u,u ""@Marlinavinorisa: Gasalah nih? Td yg ngeWA gua bilng miss siapa ya? -_-""@tyarizkha: Kangen gue k ...",87668535299,http://twitter.com/captainamerica/statuses/87668535299,40,ms,100,,87668535299,"Jan buka kartu dong u,u ""@Marlinavinorisa: Gasalah nih? Td yg ngeWA gua bilng miss siapa ya? -_-""@tyarizkha: Kangen gue kan ? Udah ngaku aja",302081938716499969,Diah Annisa Nursyifa,,@HARVEST12JHS | Raflesia VHS | Taekwondo @QGC_id | admin @SebelasSparkle | @bepe20 and MUFC @WayneRooney ‚ù§,Depok - Yogyakarta,11048,382,356,Diahansyaa,http://a0.twimg.com/profile_images/3246963078/e2873521c5f1a12ecb07996c83d6c0b4_normal.jpeg,en,Pacific Time (US & Canada),-28800,3,159427453,159427453,true,"Fri, 25 Jun 2010 10:10:23 +0000","<a href=""http://twitter.com/download/android"" rel=""nofollow"">Twitter for Android</a>",1,"Thu, 14 Feb 2013 15:48:41 +0000",302081473471713280,Utiya Rizkha~,Hate me? I don't care ! . Don't know me? Don't judge me !! |Simple Girl~ | . | ‚ô•Í∂åÏßÄÏö© ‚ô• ÏäàÌçºÏ£ºÎãàÏñ¥ ‚ô• Ïù¥ÌïòÎÇò ‚ô• Ï°∞Í∑úÌòÑ #nyingBF/ÍπÄÌö®ÏßÑ~ |042697~,10162,215,144,tyarizkha,http://a0.twimg.com/profile_images/3200886840/ab23e9e360287625d837ea9e58e274b7_normal.jpeg,en,Jakarta,25200,93147690,93147690,true,"Sat, 28 Nov 2009 08:47:32 +0000","<a href=""http://store.ovi.com/content/256340"" rel=""nofollow"">Twitter for Nokia S40</a>","Thu, 14 Feb 2013 15:46:50 +0000",Cane,7268078,45497692422,,,,,,,,,,,,,,,,,,,,,,,,,,,,,,,,,,,,,,,,,,,,,,,,,,,,,,,,,,,,,,,,,,,,,,,,,,,,,,,,,,,,,,,,,,,,,,,,,,,,,,,,,,,,,,,,,,,,,,,,,,,Marlinavinorisa,tyarizkha,,,,,365414122,93147690,,,,,,http://www.facebook.com/utiya.rizkha,Indonesia,,,,,,,,,,,,,,,,,,,,,,,,,,,,,,,,,,,,,,,,,,,,,,,,,,,
3,web,Annherd,Aura ,1981699,http://a0.twimg.com/profile_images/463007725/image_normal.jpg,http://twitter.com/annherd,twitter,"Thu, 14 Feb 2013 15:48:41 +0000",RT @flaviagaldino_: Gzuis eh normal desejar a√ßai td dia?,65086809452,http://twitter.com/annherd/statuses/65086809452,36,ms,61,,65086809452,Gzuis eh normal desejar a√ßai td dia?,302081938796204032,bre ,http://www.facebook.com/brenda.galdino,"‚ÄúCom o tempo, voc√™ percebe que nada √© pra sempre.‚Äù
fAlaDor pAsSa mAu ‚úå http://ask.fm/BreeGaldino",Porto Feliz - SP,10647,704,348,bregaldino,http://a0.twimg.com/profile_images/3216284627/a84a278af0a5feaeccaf4660aef499f2_normal.jpeg,pt,Brasilia,-10800,,558167488,558167488,true,"Fri, 20 Apr 2012 00:00:32 +0000",web,5,"Thu, 14 Feb 2013 15:48:41 +0000",302081170806558720,Fl√°via Galdino,A vida √© o que acontece quando esta ocupado fazendo outros planos ‚úå,28463,1140,511,flaviagaldino_,http://a0.twimg.com/profile_images/3174715481/02944445d6bc0d7e33c91fd96423cda2_normal.jpeg,en,Santiago,-14400,298120281,298120281,true,"Fri, 13 May 2011 19:03:23 +0000","<a href=""http://twitter.com/download/iphone"" rel=""nofollow"">Twitter for iPhone</a>","Thu, 14 Feb 2013 15:45:38 +0000",Caduceus,7265621,33480616402,,,,,,,,,,,,,,,,,,,,,,,,,,,,,,,,,,,,,,,,,,,,,,,,,,,,,,,,,,,,,,,,,,,,,,,,,,,,,,,,,,,,,,,,,,,,,,,,,,,,,,,,,,,,,,,,,,,,,,,,,,,,,,,,,,,,,,,,,,,,,,,,,,,,,,,,,,,,,,,,,,,,,,,,,,,,,,,,,,,,,,,,,,,,
3,TweetCaster for Android,George,Bush ,8077605,http://a0.twimg.com/profile_images/970864051/image_normal.jpg,http://twitter.com/george,twitter,"Thu, 14 Feb 2013 15:48:41 +0000","RT @LFC: LFC team v Zenit: Reina, Johnson, Enrique, Carragher, Skrtel, Allen, Henderson, Gerrard, Sterling, Downing, Suarez.",43836936959,http://twitter.com/george/statuses/43836936959,42,fr,62,0,43836936959,"LFC team v Zenit: Reina, Johnson, Enrique, Carragher, Skrtel, Allen, Henderson, Gerrard, Sterling, Downing, Suarez.",302081941107253248,FIKRY SAKTI F,http://www.forthcomingrecords.blogspot.com,"Lazy, Kopite, @ForthcomingRecs, KYF. @FUISEmeanYOU and @DISDAIN_HC Bass Filler. PTS90 Rider.","Depok west java, Indonesia",36310,576,470,bagolrisol,http://a0.twimg.com/profile_images/3091115942/91b9d15b7adb4e1e77202370a4bee31a_normal.jpeg,en,Pacific Time (US & Canada),-28800,1,86052984,86052984,,"Thu, 29 Oct 2009 12:17:15 +0000","<a href=""http://www.tweetcaster.com"" rel=""nofollow"">TweetCaster for Android</a>",777,"Thu, 14 Feb 2013 15:48:41 +0000",302080839288750081,Liverpool FC ,Official LFC account. Follow @OfficialLFC_ID @ThaiLFC @LFCANZ @LFCBrasil @LFCEspanol @LFC_Arabic @LFCIndia @LFCFrance @TurkeyLFC  @LFCBangladesh,21749,1511801,409073,LFC,http://a0.twimg.com/profile_images/1847862599/Grad_LFC_Crest_twitter_normal.jpg,en,,,19583545,19583545,true,"Tue, 27 Jan 2009 09:05:21 +0000",web,"Thu, 14 Feb 2013 15:44:19 +0000",Broop,2704825,43099626596,Reina,Person,Person,0,0,1,1,Johnson,Person,Person,0,0,1,1,Enrique,Person,Person,0,0,1,1,Carragher,Person,Person,0,0,1,1,Skrtel,Person,Person,0,0,1,1,Allen,Person,Person,0,0,1,1,Henderson,Person,Person,0,0,1,1,Gerrard,Person,Person,0,0,1,1,Sterling,Person,Person,0,0,1,1,Downing,Person,Person,0,0,1,1,Suarez,Person,Person,0,0,1,1,,,,,,,,,,,,,,,,,,,,,,,,,,,,,,,,,,,,,,,,,,,,,,,,,,,,,,,,,,,http://www.liverpoolfc.com/,"Anfield, Liverpool",11364,true,,,,,,,,,,,,,,,,,,,,,,,,,,,,,,,,,,,,,,,,,,,,,,,,,

