interaction/schema/version,interaction/source,interaction/author/username,interaction/author/name,interaction/author/id,interaction/author/avatar,interaction/author/link,interaction/type,interaction/created_at,interaction/content,interaction/id,interaction/link,klout/score,language/tag,language/confidence,links/code/0,links/created_at/0,links/hops/0/0,links/normalized_url/0,links/retweet_count/0,links/title/0,links/url/0,salience/content/sentiment,twitter/created_at,twitter/domains/0,twitter/hashtags/0,twitter/id,twitter/links/0,twitter/source,twitter/text,twitter/user/name,twitter/user/url,twitter/user/description,twitter/user/location,twitter/user/statuses_count,twitter/user/followers_count,twitter/user/friends_count,twitter/user/screen_name,twitter/user/profile_image_url,twitter/user/lang,twitter/user/time_zone,twitter/user/listed_count,twitter/user/id,twitter/user/id_str,twitter/user/created_at,twitter/in_reply_to_screen_name,twitter/in_reply_to_user_id,twitter/in_reply_to_status_id,demographic/gender,twitter/retweet/text,twitter/retweet/id,twitter/retweet/user/name,twitter/retweet/user/description,twitter/retweet/user/location,twitter/retweet/user/statuses_count,twitter/retweet/user/followers_count,twitter/retweet/user/friends_count,twitter/retweet/user/screen_name,twitter/retweet/user/profile_image_url,twitter/retweet/user/lang,twitter/retweet/user/time_zone,twitter/retweet/user/utc_offset,twitter/retweet/user/id,twitter/retweet/user/id_str,twitter/retweet/user/created_at,twitter/retweet/source,twitter/retweet/count,twitter/retweet/created_at,twitter/retweeted/id,twitter/retweeted/user/name,twitter/retweeted/user/description,twitter/retweeted/user/statuses_count,twitter/retweeted/user/followers_count,twitter/retweeted/user/friends_count,twitter/retweeted/user/screen_name,twitter/retweeted/user/profile_image_url,twitter/retweeted/user/lang,twitter/retweeted/user/time_zone,twitter/retweeted/user/utc_offset,twitter/retweeted/user/listed_count,twitter/retweeted/user/id,twitter/retweeted/user/id_str,twitter/retweeted/user/created_at,twitter/retweeted/source,twitter/retweeted/created_at,salience/content/entities/0/name,salience/content/entities/0/type,salience/content/entities/0/label,salience/content/entities/0/sentiment,salience/content/entities/0/evidence,salience/content/entities/0/confident,salience/content/entities/0/about,salience/content/entities/1/name,salience/content/entities/1/type,salience/content/entities/1/label,salience/content/entities/1/sentiment,salience/content/entities/1/evidence,salience/content/entities/1/confident,salience/content/entities/1/about,salience/content/entities/2/name,salience/content/entities/2/type,salience/content/entities/2/label,salience/content/entities/2/sentiment,salience/content/entities/2/evidence,salience/content/entities/2/confident,salience/content/entities/2/about,salience/content/entities/3/name,salience/content/entities/3/type,salience/content/entities/3/label,salience/content/entities/3/sentiment,salience/content/entities/3/evidence,salience/content/entities/3/confident,salience/content/entities/3/about,salience/content/entities/4/name,salience/content/entities/4/type,salience/content/entities/4/label,salience/content/entities/4/sentiment,salience/content/entities/4/evidence,salience/content/entities/4/confident,salience/content/entities/4/about,salience/content/entities/5/name,salience/content/entities/5/type,salience/content/entities/5/label,salience/content/entities/5/sentiment,salience/content/entities/5/evidence,salience/content/entities/5/confident,salience/content/entities/5/about,salience/content/entities/6/name,salience/content/entities/6/type,salience/content/entities/6/label,salience/content/entities/6/sentiment,salience/content/entities/6/evidence,salience/content/entities/6/confident,salience/content/entities/6/about,salience/content/entities/7/name,salience/content/entities/7/type,salience/content/entities/7/label,salience/content/entities/7/sentiment,salience/content/entities/7/evidence,salience/content/entities/7/confident,salience/content/entities/7/about,salience/content/entities/8/name,salience/content/entities/8/type,salience/content/entities/8/label,salience/content/entities/8/sentiment,salience/content/entities/8/evidence,salience/content/entities/8/confident,salience/content/entities/8/about,salience/content/entities/9/name,salience/content/entities/9/type,salience/content/entities/9/label,salience/content/entities/9/sentiment,salience/content/entities/9/evidence,salience/content/entities/9/confident,salience/content/entities/9/about,salience/content/entities/10/name,salience/content/entities/10/type,salience/content/entities/10/label,salience/content/entities/10/sentiment,salience/content/entities/10/evidence,salience/content/entities/10/confident,salience/content/entities/10/about,twitter/mention_ids/0,twitter/mentions/0,twitter/user/utc_offset,twitter/user/geo_enabled,twitter/retweeted/user/url,twitter/retweeted/user/location,twitter/retweeted/user/geo_enabled,twitter/retweeted/user/verified,twitter/retweet/user/listed_count,twitter/retweet/user/geo_enabled,twitter/retweet/mentions/0,twitter/retweet/mentions/1,twitter/retweet/mention_ids/0,twitter/retweet/mention_ids/1,links/hops/0/1,facebook/author/name,facebook/author/id,facebook/author/link,facebook/author/avatar,facebook/id,facebook/message,facebook/source,facebook/type,twitter/retweet/hashtags/0,twitter/hashtags/1,twitter/hashtags/2,twitter/hashtags/3
3,FXstreet.com,Noah,Baxter ,7692314,http://a0.twimg.com/profile_images/0/image_normal.jpg,http://twitter.com/noah,twitter,"Thu, 14 Feb 2013 15:48:16 +0000",#Forex Flash: Chinese credit boom could roil AUD – UBS http://t.co/EfvibWdv,17763637262,http://twitter.com/noah/statuses/17763637262,63,en,61,200,"Thu, 14 Feb 2013 15:48:18 +0000",http://bit.ly/YgwWl1,http://fxstreet.com/news/forex-news/article.aspx?storyid=c6d4c4e6-0cdd-4ffd-a263-9bcf9b215642,0,Forex Flash: Chinese credit boom could roil AUD – UBS,http://www.fxstreet.com/news/forex-news/article.aspx?storyid=c6d4c4e6-0cdd-4ffd-a263-9bcf9b215642,0,"Thu, 14 Feb 2013 15:48:16 +0000",bit.ly,Forex,17763637262,http://bit.ly/YgwWl1,"<a href=""http://www.fxstreet.com/"" rel=""nofollow"">FXstreet.com</a>",#Forex Flash: Chinese credit boom could roil AUD – UBS http://t.co/EfvibWdv,Baxter ,http://noah.com,,Barcelona,75682,28086,253,Noah,http://a0.twimg.com/profile_images/0/image_normal.jpg,en,London,1050,7692314,7692314,"Mon, 30 Mar 2009 15:05:53 +0000",Cynthia,9720700,31067089317,,,,,,,,,,,,,,,,,,,,,,,,,,,,,,,,,,,,,,,,,,,,,,,,,,,,,,,,,,,,,,,,,,,,,,,,,,,,,,,,,,,,,,,,,,,,,,,,,,,,,,,,,,,,,,,,,,,,,,,,,,,,,,,,,,,,,,,,,,,,,
3,Twitter for iPhone,Astraii,Astra Ii ,2996042,http://a0.twimg.com/profile_images/605195041/image_normal.jpg,http://twitter.com/astraii,twitter,"Thu, 14 Feb 2013 15:48:18 +0000",RT @fxckaycee: everi1 al hapy bcus dey getin fukd 2dai,95280158473,http://twitter.com/astraii/statuses/95280158473,,en,62,,,,,,,,0,,,,95280158473,,,,,,,,,,,,,,,,,,,Bradhulk,9280423,84262790158,female,everi1 al hapy bcus dey getin fukd 2dai,302081842796969986,Nicole Chavez☕,Kofa King - Love who I be - Love who I be taken with - Make your passion your life not just a living - #LIDF ,Somerton,1593,50,65,Nickerella6,http://a0.twimg.com/profile_images/3151058280/89d83424bc6b400bcdd0dbc247ce2974_normal.jpeg,en,Arizona,-25200,100066911,100066911,"Mon, 28 Dec 2009 22:43:07 +0000","<a href=""http://twitter.com/download/iphone"" rel=""nofollow"">Twitter for iPhone</a>",1,"Thu, 14 Feb 2013 15:48:18 +0000",302070192257761280,yedvany,die,9946,500,326,fxckaycee,http://a0.twimg.com/profile_images/3244045903/b0e767b6d21426efcaae438637264e46_normal.jpeg,en,Pacific Time (US & Canada),-28800,2,202011049,202011049,"Wed, 13 Oct 2010 03:12:41 +0000","<a href=""http://twitter.com/download/iphone"" rel=""nofollow"">Twitter for iPhone</a>","Thu, 14 Feb 2013 15:02:00 +0000",,,,,,,,,,,,,,,,,,,,,,,,,,,,,,,,,,,,,,,,,,,,,,,,,,,,,,,,,,,,,,,,,,,,,,,,,,,,,,,,,,,,,,,,,,,,,,,,,,,,,,,,
3,UberSocial for BlackBerry,Bansheeii,Banshee Ii ,8413555,http://a0.twimg.com/profile_images/210368961/image_normal.jpg,http://twitter.com/bansheeii,twitter,"Thu, 14 Feb 2013 15:48:18 +0000","RT @ro: ro team v Zenit: Reina, Johnson, Enrique, Carragher, Skrtel, Allen, Henderson, Gerrard, Sterling, Downing, Suarez.",71836098097,http://twitter.com/bansheeii/statuses/71836098097,45,fr,62,,,,,,,,0,"Thu, 14 Feb 2013 15:48:18 +0000",,,71836098097,,"<a href=""http://ubersocial.com"" rel=""nofollow"">UberSocial for BlackBerry</a>","RT @ro: ro team v Zenit: Reina, Johnson, Enrique, Carragher, Skrtel, Allen, Henderson, Gerrard, Sterling, Downing, Suarez.",Banshee Ii ,http://bansheeii.com,,"ÜT: -6.8935723,107.5595599",1853,114,132,Bansheeii,http://a0.twimg.com/profile_images/210368961/image_normal.jpg,en,Pacific Time (US & Canada),,8413555,8413555,"Tue, 13 Jul 2010 02:49:37 +0000",Ro,3073820,98496240237,,,,,,,,,,,,,,,,,,,,,,,,,,,,,,,,,,,,,,Reina,Person,Person,0,0,1,1,Johnson,Person,Person,0,0,1,1,Enrique,Person,Person,0,0,1,1,Carragher,Person,Person,0,0,1,1,Skrtel,Person,Person,0,0,1,1,Allen,Person,Person,0,0,1,1,Henderson,Person,Person,0,0,1,1,Gerrard,Person,Person,0,0,1,1,Sterling,Person,Person,0,0,1,1,Downing,Person,Person,0,0,1,1,Suarez,Person,Person,0,0,1,1,3073820,ro,-28800,true,,,,,,,,,,,,,,,,,,,,,,,
3,Twitter for BlackBerry®,Kylegrobe,Advent ,8631455,http://a0.twimg.com/profile_images/949379607/image_normal.jpg,http://twitter.com/kylegrobe,twitter,"Thu, 14 Feb 2013 15:48:18 +0000","Soryy td ngga bls VN , soalnya td ribut puut RT""@cancerii: This is fuckday! Semuanya menyebalkan!""",842,http://twitter.com/kylegrobe/statuses/842,39,ms,100,,,,,,,,,"Thu, 14 Feb 2013 15:48:18 +0000",,,842,,"<a href=""http://blackberry.com/twitter"" rel=""nofollow"">Twitter for BlackBerry®</a>","Soryy td ngga bls VN , soalnya td ribut puut RT""@cancerii: This is fuckday! Semuanya menyebalkan!""",Advent ,http://kylegrobe.com,,,9810,468,321,Kylegrobe,http://a0.twimg.com/profile_images/949379607/image_normal.jpg,en,Jakarta,,8631455,8631455,"Wed, 26 Jan 2011 11:49:13 +0000",Cancerii,6283088,96424924093,,,,,,,,,,,,,,,,,,,,,,,,,,,,,,,,,,,,,,,,,,,,,,,,,,,,,,,,,,,,,,,,,,,,,,,,,,,,,,,,,,,,,,,,,,,,,,,,,,,,,,,,,,,,,,,,,,,6283088,cancerii,25200,,,,,,,,,,,,,,,,,,,,,,,,
3,UberSocial for BlackBerry,Authority,Authority ,2110755,http://a0.twimg.com/profile_images/145790525/image_normal.jpg,http://twitter.com/authority,twitter,"Thu, 14 Feb 2013 15:48:18 +0000","Lah laper lagi, efek td cuma makan bubur,,, dah gitu stgh porsi lg :'(",95693417871,http://twitter.com/authority/statuses/95693417871,41,ms,100,,,,,,,,,"Thu, 14 Feb 2013 15:48:18 +0000",,,95693417871,,"<a href=""http://ubersocial.com"" rel=""nofollow"">UberSocial for BlackBerry</a>","Lah laper lagi, efek td cuma makan bubur,,, dah gitu stgh porsi lg :'(",Authority ,http://authority.com,,Jakarta n Bandung,24648,1066,1712,Authority,http://a0.twimg.com/profile_images/145790525/image_normal.jpg,en,,2,2110755,2110755,"Mon, 16 Jan 2012 13:31:02 +0000",Prof,3139838,19138337532,,,,,,,,,,,,,,,,,,,,,,,,,,,,,,,,,,,,,,,,,,,,,,,,,,,,,,,,,,,,,,,,,,,,,,,,,,,,,,,,,,,,,,,,,,,,,,,,,,,,,,,,,,,,,,,,,,,,,,,,,,,,,,,,,,,,,,,,,,,,,
3,UberSocial for Android,Hiroshi,Anami ,4430216,http://a0.twimg.com/profile_images/972578119/image_normal.jpg,http://twitter.com/hiroshi,twitter,"Thu, 14 Feb 2013 15:48:18 +0000",@sam kyk td she. Tetaplah ditempatny. sma tempat terindah. Haha~,17669393750,http://twitter.com/hiroshi/statuses/17669393750,43,id,100,,,,,,,,,"Thu, 14 Feb 2013 15:48:18 +0000",,,17669393750,,"<a href=""http://ubersocial.com"" rel=""nofollow"">UberSocial for Android</a>",@sam kyk td she. Tetaplah ditempatny. sma tempat terindah. Haha~,Anami ,http://hiroshi.com,,,391,66,65,Hiroshi,http://a0.twimg.com/profile_images/972578119/image_normal.jpg,id,Jakarta,,4430216,4430216,"Mon, 24 Dec 2012 11:54:40 +0000",Sam,9050018,57975189085,,,,,,,,,,,,,,,,,,,,,,,,,,,,,,,,,,,,,,,,,,,,,,,,,,,,,,,,,,,,,,,,,,,,,,,,,,,,,,,,,,,,,,,,,,,,,,,,,,,,,,,,,,,,,,,,,,,9050018,sam,25200,,,,,,,,,,,,,,,,,,,,,,,,
3,Facebook,Dan,Carr ,1037493,http://a0.twimg.com/profile_images/712831402/image_normal.jpg,http://twitter.com/dan,twitter,"Thu, 14 Feb 2013 15:48:18 +0000",Arcapita Bank Preparing To Liquidate $2 Billion in U.S. Assets -... http://t.co/67FE2xE5,61038443935,http://twitter.com/dan/statuses/61038443935,11,en,62,200,"Thu, 14 Feb 2013 15:48:19 +0000",http://fb.me/HQb7sGIv,http://facebook.com/permalink.php?story_fbid=558132727539749&id=468966366456386,0,Arcapita Bank... | Facebook,http://www.facebook.com/permalink.php?story_fbid=558132727539749&id=468966366456386,0,"Thu, 14 Feb 2013 15:48:18 +0000",fb.me,,61038443935,http://fb.me/HQb7sGIv,"<a href=""http://www.facebook.com/twitter"" rel=""nofollow"">Facebook</a>",Arcapita Bank Preparing To Liquidate $2 Billion in U.S. Assets -... http://t.co/67FE2xE5,Carr ,http://dan.com,,,1083,6,,Dan,http://a0.twimg.com/profile_images/712831402/image_normal.jpg,en,,,1037493,1037493,"Mon, 27 Aug 2012 03:19:03 +0000",Centurius,6433638,60318537661,female,,,,,,,,,,,,,,,,,,,,,,,,,,,,,,,,,,,,,Arcapita Bank,Company,Company,0,1,1,1,,,,,,,,,,,,,,,,,,,,,,,,,,,,,,,,,,,,,,,,,,,,,,,,,,,,,,,,,,,,,,,,,,,,,,,,,,,,,,,,,,,,,,,,,,,,,,,,,
3,Twitter for Android,Boulder,Boulder ,48,http://a0.twimg.com/profile_images/255375077/image_normal.jpg,http://twitter.com/boulder,twitter,"Thu, 14 Feb 2013 15:48:19 +0000","RT @LFC: LFC team v Zenit: Reina, Johnson, Enrique, Carragher, Skrtel, Allen, Henderson, Gerrard, Sterling, Downing, Suarez.",89952876674,http://twitter.com/boulder/statuses/89952876674,44,fr,62,,,,,,,,0,,,,89952876674,,,,,,,,,,,,,,,,,,,Barrier,6024925,80710639455,male,"LFC team v Zenit: Reina, Johnson, Enrique, Carragher, Skrtel, Allen, Henderson, Gerrard, Sterling, Downing, Suarez.",302081845909151744,Constantin Dimas,"Avatar aku jangan di Zoom, takutnya kamu naksir. #YNWA",,1578,65,137,RealCDR,http://a0.twimg.com/profile_images/3198105417/38e30ac66acbd4011ccac8f96b985403_normal.jpeg,en,Jakarta,25200,767499085,767499085,"Sun, 19 Aug 2012 12:36:33 +0000","<a href=""http://twitter.com/download/android"" rel=""nofollow"">Twitter for Android</a>",751,"Thu, 14 Feb 2013 15:48:19 +0000",302080839288750081,Liverpool FC ,Official LFC account. Follow @OfficialLFC_ID @ThaiLFC @LFCANZ @LFCBrasil @LFCEspanol @LFC_Arabic @LFCIndia @LFCFrance @TurkeyLFC  @LFCBangladesh,21749,1511801,409073,LFC,http://a0.twimg.com/profile_images/1847862599/Grad_LFC_Crest_twitter_normal.jpg,en,,,11364,19583545,19583545,"Tue, 27 Jan 2009 09:05:21 +0000",web,"Thu, 14 Feb 2013 15:44:19 +0000",Reina,Person,Person,0,0,1,1,Johnson,Person,Person,0,0,1,1,Enrique,Person,Person,0,0,1,1,Carragher,Person,Person,0,0,1,1,Skrtel,Person,Person,0,0,1,1,Allen,Person,Person,0,0,1,1,Henderson,Person,Person,0,0,1,1,Gerrard,Person,Person,0,0,1,1,Sterling,Person,Person,0,0,1,1,Downing,Person,Person,0,0,1,1,Suarez,Person,Person,0,0,1,1,,,,,http://www.liverpoolfc.com/,"Anfield, Liverpool",true,true,,,,,,,,,,,,,,,,,,,
3,Mobile Web (M2),Blastaar,Blastaar ,5605285,http://a0.twimg.com/profile_images/167801909/image_normal.jpg,http://twitter.com/blastaar,twitter,"Thu, 14 Feb 2013 15:48:19 +0000",RT @frasedesarcasmo: —¡CUIDADO CON EL BESO! —¿Cuál bes...,24022833025,http://twitter.com/blastaar/statuses/24022833025,27,af,62,,,,,,,,,,,,24022833025,,,,,,,,,,,,,,,,,,,Mrs.,1651709,16982480767,,—¡CUIDADO CON EL BESO! —¿Cuál bes...,302081845355495425,Bilieve U-kiss♥,Unas de las primeras cosas qe me hace feliz :D es qe esfuerces por ser un buen amiw@,El salvador,1369,87,281,GabrielithaF,http://a0.twimg.com/profile_images/3230978711/fdb16a9d7b4e440bbfa8a255807c0777_normal.jpeg,es,Alaska,-32400,374257434,374257434,"Fri, 16 Sep 2011 00:22:59 +0000","<a href=""https://mobile.twitter.com"" rel=""nofollow"">Mobile Web (M2)</a>",1722,"Thu, 14 Feb 2013 15:48:19 +0000",301009683974610944,Sarcasmos!,"Síguenos, y llena tu TL de los mejores sarcasmos de todo twitter ,retweet si te indentificas. ♥",42876,2009019,44,frasedesarcasmo,http://a0.twimg.com/profile_images/3216144619/fd4821b9aa34f5be2fe7a4d5317600eb_normal.gif,en,Caracas,-16200,6763,189534066,189534066,"Sat, 11 Sep 2010 14:46:05 +0000","<a href=""http://www.tweetdeck.com"" rel=""nofollow"">TweetDeck</a>","Mon, 11 Feb 2013 16:47:55 +0000",,,,,,,,,,,,,,,,,,,,,,,,,,,,,,,,,,,,,,,,,,,,,,,,,,,,,,,,,,,,,,,,,,,,,,,,,,,,,,,,,,http://antiyou.org,,true,,,,,,,,,,,,,,,,,,,,
3,web,B'gon,B'gon ,4532077,http://a0.twimg.com/profile_images/581228381/image_normal.jpg,http://twitter.com/b'gon,twitter,"Thu, 14 Feb 2013 15:48:19 +0000","RT @LFC: LFC team v Zenit: Reina, Johnson, Enrique, Carragher, Skrtel, Allen, Henderson, Gerrard, Sterling, Downing, Suarez.",82143155112,http://twitter.com/b'gon/statuses/82143155112,42,fr,62,,,,,,,,0,,,,82143155112,,,,,,,,,,,,,,,,,,,Blackraazer,7714011,13125314703,,"LFC team v Zenit: Reina, Johnson, Enrique, Carragher, Skrtel, Allen, Henderson, Gerrard, Sterling, Downing, Suarez.",302081846014013440,Sy▲hIR ツ," Football is my life,bowling is my soul #LFC #YNWA ","Shah Alam,Malaysia",9065,196,398,syahir0303,http://a0.twimg.com/profile_images/3108044968/c383ca7843a545fd68065f08ff2b8d72_normal.jpeg,en,Kuala Lumpur,28800,237158816,237158816,"Wed, 12 Jan 2011 06:13:23 +0000",web,752,"Thu, 14 Feb 2013 15:48:19 +0000",302080839288750081,Liverpool FC ,Official LFC account. Follow @OfficialLFC_ID @ThaiLFC @LFCANZ @LFCBrasil @LFCEspanol @LFC_Arabic @LFCIndia @LFCFrance @TurkeyLFC  @LFCBangladesh,21749,1511801,409073,LFC,http://a0.twimg.com/profile_images/1847862599/Grad_LFC_Crest_twitter_normal.jpg,en,,,11364,19583545,19583545,"Tue, 27 Jan 2009 09:05:21 +0000",web,"Thu, 14 Feb 2013 15:44:19 +0000",Reina,Person,Person,0,0,1,1,Johnson,Person,Person,0,0,1,1,Enrique,Person,Person,0,0,1,1,Carragher,Person,Person,0,0,1,1,Skrtel,Person,Person,0,0,1,1,Allen,Person,Person,0,0,1,1,Henderson,Person,Person,0,0,1,1,Gerrard,Person,Person,0,0,1,1,Sterling,Person,Person,0,0,1,1,Downing,Person,Person,0,0,1,1,Suarez,Person,Person,0,0,1,1,,,,,http://www.liverpoolfc.com/,"Anfield, Liverpool",true,true,1,true,,,,,,,,,,,,,,,,,
3,HootSuite,Blackanto,Black Bolt ,9447045,http://a0.twimg.com/profile_images/630959047/image_normal.jpg,http://twitter.com/blackanto,twitter,"Thu, 14 Feb 2013 15:48:19 +0000",@gen. but there's so much drag on deposits that it causes complications. 4 Days for a credit card charge to hit my bank account?,74462264496,http://twitter.com/blackanto/statuses/74462264496,69,en,100,,,,,,,,0,"Thu, 14 Feb 2013 15:48:19 +0000",,,74462264496,,"<a href=""http://www.hootsuite.com"" rel=""nofollow"">HootSuite</a>",@gen. but there's so much drag on deposits that it causes complications. 4 Days for a credit card charge to hit my bank account?,Black Bolt ,http://blackanto.com,,"Boston, MA",85066,22722,15510,Blackanto,http://a0.twimg.com/profile_images/630959047/image_normal.jpg,en,Eastern Time (US & Canada),1082,9447045,9447045,"Sat, 27 Oct 2007 13:50:32 +0000",Gen.,2015706,34150300431,,,,,,,,,,,,,,,,,,,,,,,,,,,,,,,,,,,,,,,,,,,,,,,,,,,,,,,,,,,,,,,,,,,,,,,,,,,,,,,,,,,,,,,,,,,,,,,,,,,,,,,,,,,,,,,,,,,2015706,gen.,-18000,,,,,,,,,,,,,,,,,,,,,,,,
3,web,Bernardthepoet,Bernard The Poet ,7864909,http://a0.twimg.com/profile_images/395182895/image_normal.jpg,http://twitter.com/bernardthepoet,twitter,"Thu, 14 Feb 2013 15:48:19 +0000",RT @RijalChicarito: Teringat farah kene game mlm td.haha,57822589017,http://twitter.com/bernardthepoet/statuses/57822589017,36,ms,100,,,,,,,,,,,,57822589017,,,,,,,,,,,,,,,,,,,Bloodspider,4992097,48253745911,unisex,Teringat farah kene game mlm td.haha,302081846706053121,L.,awak terlalu baik untuk saya . Terimakasih ! :),seremban ,21040,286,217,farahzulkhair,http://a0.twimg.com/profile_images/3252488905/3d641a3a6031f9d6b68829e81870bf03_normal.jpeg,en,Kuala Lumpur,28800,484741564,484741564,"Mon, 06 Feb 2012 12:51:06 +0000",web,1,"Thu, 14 Feb 2013 15:48:19 +0000",302081777953042432,RJ,"Diploma in Landscape Horticulture,Politeknik Nilai.In with Love,Out with Anger. Natasha Binti Nasiumin 23.01.2013.WhatApps user.Instagram:rijalchicarito",4920,94,172,RijalChicarito,http://a0.twimg.com/profile_images/3244902527/913cf005589d1ae612e3b233c8a70574_normal.jpeg,en,Kuala Lumpur,28800,,498445783,498445783,"Tue, 21 Feb 2012 02:17:14 +0000","<a href=""http://www.tweetcaster.com"" rel=""nofollow"">TweetCaster for Android</a>","Thu, 14 Feb 2013 15:48:02 +0000",,,,,,,,,,,,,,,,,,,,,,,,,,,,,,,,,,,,,,,,,,,,,,,,,,,,,,,,,,,,,,,,,,,,,,,,,,,,,,,,,,http://www.facebook.com/rijal.chicarito,"Kanchong Darat, Malaysia",true,,,true,,,,,,,,,,,,,,,,,
3,web,Norma,Betelheim ,9739858,http://a0.twimg.com/profile_images/870174967/image_normal.jpg,http://twitter.com/norma,twitter,"Thu, 14 Feb 2013 15:48:19 +0000",Member of large European bank's tech division making snarky comments about investment banking's tendency to gamble. Priceless.,60130577604,http://twitter.com/norma/statuses/60130577604,56,en,100,,,,,,,,2,"Thu, 14 Feb 2013 15:48:19 +0000",,,60130577604,,web,Member of large European bank's tech division making snarky comments about investment banking's tendency to gamble. Priceless.,Betelheim ,http://norma.com,,"Newcastle upon Tyne, United Ki",19973,1267,1249,Norma,http://a0.twimg.com/profile_images/870174967/image_normal.jpg,en,London,56,9739858,9739858,"Fri, 23 Feb 2007 11:16:37 +0000",Behemoth,9129610,69208017690,female,,,,,,,,,,,,,,,,,,,,,,,,,,,,,,,,,,,,,,,,,,,,,,,,,,,,,,,,,,,,,,,,,,,,,,,,,,,,,,,,,,,,,,,,,,,,,,,,,,,,,,,,,,,,,,,,,,,,,,,,,,,,,,,,,,,,,,,,,,,,
3,web,Anais,Anais ,3011997,http://a0.twimg.com/profile_images/303571602/image_normal.jpg,http://twitter.com/anais,twitter,"Thu, 14 Feb 2013 15:48:19 +0000",RT @flaviagaldino_: Gzuis eh normal desejar açai td dia?,71775979781,http://twitter.com/anais/statuses/71775979781,35,ms,61,,,,,,,,,,,,71775979781,,,,,,,,,,,,,,,,,,,Bi-beastii,3992538,19038121541,,Gzuis eh normal desejar açai td dia?,302081847347777537,yas✌,,,24257,522,320,yasminpian_,http://a0.twimg.com/profile_images/3250136359/87b5f86354c3e47bf906723228812cf8_normal.jpeg,pt,Greenland,-10800,332968777,332968777,"Sun, 10 Jul 2011 19:07:42 +0000",web,4,"Thu, 14 Feb 2013 15:48:19 +0000",302081170806558720,Flávia Galdino,A vida é o que acontece quando esta ocupado fazendo outros planos ✌,28462,1140,511,flaviagaldino_,http://a0.twimg.com/profile_images/3174715481/02944445d6bc0d7e33c91fd96423cda2_normal.jpeg,en,Santiago,-14400,,298120281,298120281,"Fri, 13 May 2011 19:03:23 +0000","<a href=""http://twitter.com/download/iphone"" rel=""nofollow"">Twitter for iPhone</a>","Thu, 14 Feb 2013 15:45:38 +0000",,,,,,,,,,,,,,,,,,,,,,,,,,,,,,,,,,,,,,,,,,,,,,,,,,,,,,,,,,,,,,,,,,,,,,,,,,,,,,,,,,,,true,,,true,,,,,,,,,,,,,,,,,
3,UberSocial for BlackBerry,Aginar,Aginar ,9641604,http://a0.twimg.com/profile_images/975486556/image_normal.jpg,http://twitter.com/aginar,twitter,"Thu, 14 Feb 2013 15:48:18 +0000","RETWEET!! @prof.henr: Abg ini heboh kali, repot ya ngurusin orang single. Kau aja taken gak bahagia, eh maaf",11753840278,http://twitter.com/aginar/statuses/11753840278,54,ms,100,,,,,,,,,"Thu, 14 Feb 2013 15:48:18 +0000",,,11753840278,,"<a href=""http://ubersocial.com"" rel=""nofollow"">UberSocial for BlackBerry</a>","RETWEET!! @prof.henr: Abg ini heboh kali, repot ya ngurusin orang single. Kau aja taken gak bahagia, eh maaf",Aginar ,http://aginar.com,,Khatulistiwa Earth ☀,9916,3361,754,Aginar,http://a0.twimg.com/profile_images/975486556/image_normal.jpg,en,Bangkok,,9641604,9641604,"Mon, 19 Nov 2012 11:26:50 +0000",Prof.henr,7283206,40398878743,,,,,,,,,,,,,,,,,,,,,,,,,,,,,,,,,,,,,,,,,,,,,,,,,,,,,,,,,,,,,,,,,,,,,,,,,,,,,,,,,,,,,,,,,,,,,,,,,,,,,,,,,,,,,,,,,,,7283206,prof.henr,25200,,,,,,,,,,,,,,,,,,,,,,,,
3,web,Theresatracy,Burke ,7852388,http://a0.twimg.com/profile_images/0/image_normal.jpg,http://twitter.com/theresatracy,twitter,"Thu, 14 Feb 2013 15:48:19 +0000",@catking unuttğun ıcın sağol bni.,28067041886,http://twitter.com/theresatracy/statuses/28067041886,11,tr,100,,,,,,,,,"Thu, 14 Feb 2013 15:48:19 +0000",,,28067041886,,web,@catking unuttğun ıcın sağol bni.,Burke ,http://theresatracy.com,,,45,4,6,Theresatracy,http://a0.twimg.com/profile_images/0/image_normal.jpg,tr,Baghdad,,7852388,7852388,"Sun, 02 Sep 2012 03:54:27 +0000",Catking,7371854,62959247827,male,,,,,,,,,,,,,,,,,,,,,,,,,,,,,,,,,,,,,,,,,,,,,,,,,,,,,,,,,,,,,,,,,,,,,,,,,,,,,,,,,,,,,,,,,,,,,,,,,,,,,,,,,,,,,,,,,,7371854,catking,10800,,,,,,,,,,,,,,,,,,,,,,,,
3,Twitter for Android,Buttons,Buttons ,9433303,http://a0.twimg.com/profile_images/785512729/image_normal.jpg,http://twitter.com/buttons,twitter,"Thu, 14 Feb 2013 15:48:19 +0000","RT @PiliLigenfert: @PilarDRP @BeaHA1 pensando en mis cosas...hahaha y ahora bea dice: si, es que cuando miro al suelo me hace pensar...  ...",21352302213,http://twitter.com/buttons/statuses/21352302213,42,es,100,,,,,,,,6,,,,21352302213,,,,,,,,,,,,,,,,,,,Azazel,4293246,16450526705,female,"@PilarDRP @BeaHA1 pensando en mis cosas...hahaha y ahora bea dice: si, es que cuando miro al suelo me hace pensar... Hahahahaha",302081848090177536,Bea Huertas♡,"Ríe aún cuando creas que no puedes, sólo se vive una vez.",Imagínatelo ,3966,213,268,BeaHA1,http://a0.twimg.com/profile_images/3221570333/73f37c8005c335fb2bd0236837f16c00_normal.jpeg,es,,,562154050,562154050,"Tue, 24 Apr 2012 16:23:02 +0000","<a href=""http://twitter.com/download/android"" rel=""nofollow"">Twitter for Android</a>",1,"Thu, 14 Feb 2013 15:48:19 +0000",301811838042116096,          ,"Because just 5 people can change your life, @onedirection",8247,390,578,PiliLigenfert,http://a0.twimg.com/profile_images/3201384837/e9acb33f3856610c8294f0a225a44da5_normal.jpeg,es,Athens,7200,1,493204509,493204509,"Wed, 15 Feb 2012 15:11:16 +0000","<a href=""http://twitter.com/download/android"" rel=""nofollow"">Twitter for Android</a>","Wed, 13 Feb 2013 21:55:24 +0000",,,,,,,,,,,,,,,,,,,,,,,,,,,,,,,,,,,,,,,,,,,,,,,,,,,,,,,,,,,,,,,,,,,,,,,,,,,,,,,,,,,UK&IRELAND,true,,,,PilarDRP,BeaHA1,559645013,562154050,,,,,,,,,,,,,
3,dlvr.it,Frederickfo,Big Man ,7699276,http://a0.twimg.com/profile_images/488805042/image_normal.jpg,http://twitter.com/frederickfo,twitter,"Thu, 14 Feb 2013 15:48:18 +0000","Chris Knight And Band: Thu, Feb 14 2013 8:00 PM The Castle Theatre in Bloomington Chris Knight Chris Knight... http://t.co/qKJUfMKx #Peoria",80988799780,http://twitter.com/frederickfo/statuses/80988799780,13,en,62,200,"Thu, 14 Feb 2013 15:48:19 +0000",http://goo.gl/eTIf4,http://thingstodoinpeoriail.com/details-E0-001-052857945-6/Chris_Knight_and_Band_Bloomington,0,"Chris Knight and Band | Bloomington | The Castle Theatre | on Feb 14, 2013 8:00 PM",http://www.thingstodoinpeoriail.com/details-E0-001-052857945-6/Chris_Knight_and_Band_Bloomington/,0,"Thu, 14 Feb 2013 15:48:18 +0000",goo.gl,Peoria,80988799780,http://goo.gl/eTIf4,"<a href=""http://dlvr.it"" rel=""nofollow"">dlvr.it</a>","Chris Knight And Band: Thu, Feb 14 2013 8:00 PM The Castle Theatre in Bloomington Chris Knight Chris Knight... http://t.co/qKJUfMKx #Peoria",Big Man ,http://frederickfo.com,,"Peoria, IL",1610,35,27,Frederickfo,http://a0.twimg.com/profile_images/488805042/image_normal.jpg,en,,,7699276,7699276,"Mon, 14 Nov 2011 13:55:49 +0000",Asbestoslady,4438008,51086577167,unisex,,,,,,,,,,,,,,,,,,,,,,,,,,,,,,,,,,,,,Chris Knight Chris Knight...,Person,Person,0,1,1,1,Thu,Person,Person,0,1,1,1,,,,,,,,,,,,,,,,,,,,,,,,,,,,,,,,,,,,,,,,,,,,,,,,,,,,,,,,,,,,,,,,,,,,,,,,,,,,,,http://www.thingstodoinpeoriail.com/details-E0-001-052857945-6/Chris_Knight_and_Band_Bloomington/?utm_source=dlvr.it&utm_medium=twitter,,,,,,,,,,,,
3,Twitter for iPhone,Basilelks,Basilisk ,4759073,http://a0.twimg.com/profile_images/894795439/image_normal.jpg,http://twitter.com/basilelks,twitter,"Thu, 14 Feb 2013 15:48:19 +0000","RT @LFC: LFC team v Zenit: Reina, Johnson, Enrique, Carragher, Skrtel, Allen, Henderson, Gerrard, Sterling, Downing, Suarez.",69654152425,http://twitter.com/basilelks/statuses/69654152425,40,fr,62,,,,,,,,0,,,,69654152425,,,,,,,,,,,,,,,,,,,Captainrectitude,8880952,34914472303,,"LFC team v Zenit: Reina, Johnson, Enrique, Carragher, Skrtel, Allen, Henderson, Gerrard, Sterling, Downing, Suarez.",302081848752881664,Hunnyz,"Passionate abt music, movies, Liverpool FC⚽, Adam Lambert, Sherlock. Love handbags & desserts. Loved Alice in Chains(with Layne Staley). No likey horror movies.",,16929,324,377,hunnyza,http://a0.twimg.com/profile_images/806643454/twitterProfilePhoto_normal.jpg,en,Singapore,28800,19967439,19967439,"Tue, 03 Feb 2009 12:27:38 +0000","<a href=""http://twitter.com/download/iphone"" rel=""nofollow"">Twitter for iPhone</a>",754,"Thu, 14 Feb 2013 15:48:19 +0000",302080839288750081,Liverpool FC ,Official LFC account. Follow @OfficialLFC_ID @ThaiLFC @LFCANZ @LFCBrasil @LFCEspanol @LFC_Arabic @LFCIndia @LFCFrance @TurkeyLFC  @LFCBangladesh,21749,1511801,409073,LFC,http://a0.twimg.com/profile_images/1847862599/Grad_LFC_Crest_twitter_normal.jpg,en,,,11364,19583545,19583545,"Tue, 27 Jan 2009 09:05:21 +0000",web,"Thu, 14 Feb 2013 15:44:19 +0000",Reina,Person,Person,0,0,1,1,Johnson,Person,Person,0,0,1,1,Enrique,Person,Person,0,0,1,1,Carragher,Person,Person,0,0,1,1,Skrtel,Person,Person,0,0,1,1,Allen,Person,Person,0,0,1,1,Henderson,Person,Person,0,0,1,1,Gerrard,Person,Person,0,0,1,1,Sterling,Person,Person,0,0,1,1,Downing,Person,Person,0,0,1,1,Suarez,Person,Person,0,0,1,1,,,,,http://www.liverpoolfc.com/,"Anfield, Liverpool",true,true,12,,,,,,,,,,,,,,,,,,
3,web,Bantam,Bantam ,5556926,http://a0.twimg.com/profile_images/5/image_normal.jpg,http://twitter.com/bantam,facebook,"Thu, 14 Feb 2013 15:48:18 +0000","Etre célibataire le 14février, ça n'a pas de prix. Pour tous les autres ça sera Mastercard :D",39267730689,http://twitter.com/bantam/statuses/39267730689,,fr,100,,,,,,,,0,,,,,,,,,,,,,,,,,,,,,,,,,,male,,,,,,,,,,,,,,,,,,,,,,,,,,,,,,,,,,,,,,,,,,,,,,,,,,,,,,,,,,,,,,,,,,,,,,,,,,,,,,,,,,,,,,,,,,,,,,,,,,,,,,,,,,,,,,,,,,,,,,,,,,,,,,,,,Cyril Soyez,1316799394,http://www.facebook.com/profile.php?id=1316799394,https://graph.facebook.com/1316799394/picture,1316799394_10200676934188551,"Etre célibataire le 14février, ça n'a pas de prix. Pour tous les autres ça sera Mastercard :D",web,status,,,,
3,Mobile Web (M2),Blackmoray,Black Moray ,8481660,http://a0.twimg.com/profile_images/296362725/image_normal.jpg,http://twitter.com/blackmoray,twitter,"Thu, 14 Feb 2013 15:48:17 +0000","RT @OhhCikMyraa: Rindu dekat abg @hairulazreen  lahh , kak bedah hokk alohh . Haha ;)",19510698970,http://twitter.com/blackmoray/statuses/19510698970,38,ms,100,,,,,,,,,,,,19510698970,,,,,,,,,,,,,,,,,,,Halloway,9200236,40392794320,,"Rindu dekat abg @hairulazreen  lahh , kak bedah hokk alohh . Haha ;)",302081840884371456,ин™,"I'm a big girl in a big world. #TeamWhatsApp #Instagram : zirahhhhh
NurulHazirah|The Original, Me™ ヅ",Disebalik kain kafan,17627,1150,1063,zeeghaa,http://a0.twimg.com/profile_images/3224128359/6217c5e773dd81045fefe2093434d9dc_normal.jpeg,en,Beijing,28800,615756836,615756836,"Sat, 23 Jun 2012 03:19:34 +0000","<a href=""https://mobile.twitter.com"" rel=""nofollow"">Mobile Web (M2)</a>",1,"Thu, 14 Feb 2013 15:48:17 +0000",302081719127904256," Miss , SEXOBEAT™ ヅ","Hai!sy umirah,18thun okea :) Tak sombong puns kay ,anda follow  saya , saya follow anda balik :D http://t.co/CRqFk14Z -mention me- peramah,periang kwan smue org",11146,873,1539,OhhCikMyraa,http://a0.twimg.com/profile_images/3251071805/0083ad42eaffcf6a01a43948a9c878f4_normal.jpeg,en,Beijing,28800,,605259121,605259121,"Mon, 11 Jun 2012 09:03:56 +0000",web,"Thu, 14 Feb 2013 15:47:48 +0000",,,,,,,,,,,,,,,,,,,,,,,,,,,,,,,,,,,,,,,,,,,,,,,,,,,,,,,,,,,,,,,,,,,,,,,,,,,,,,,,,,https://twitter.com/OhhCikMyraa,"Alor setar , Kedah",true,,,,hairulazreen,,367621856,,,,,,,,,,,,,,
3,web,Shenkuei,Cat Iii ,5750065,http://a0.twimg.com/profile_images/187400094/image_normal.jpg,http://twitter.com/shenkuei,twitter,"Thu, 14 Feb 2013 15:48:18 +0000","@abomination :( duuuhh, maunya nantipi td pulangka. kujaga maki dulu sampai tidurki seperti kmaren :(",30982673075,http://twitter.com/shenkuei/statuses/30982673075,47,ms,100,,,,,,,,,"Thu, 14 Feb 2013 15:48:18 +0000",,,30982673075,,web,"@abomination :( duuuhh, maunya nantipi td pulangka. kujaga maki dulu sampai tidurki seperti kmaren :(",Cat Iii ,http://shenkuei.com,,,2831,328,90,Shenkuei,http://a0.twimg.com/profile_images/187400094/image_normal.jpg,en,Jakarta,5,5750065,5750065,"Wed, 23 Dec 2009 13:22:04 +0000",Abomination,3321199,53559985850,mostly_male,,,,,,,,,,,,,,,,,,,,,,,,,,,,,,,,,,,,,,,,,,,,,,,,,,,,,,,,,,,,,,,,,,,,,,,,,,,,,,,,,,,,,,,,,,,,,,,,,,,,,,,,,,,,,,,,,,3321199,abomination,25200,,,,,,,,,,,,,,,,,,,,,,,,
3,Twitter for BlackBerry®,Gordonmonk,Ape Man ,26336,http://a0.twimg.com/profile_images/311124394/image_normal.jpg,http://twitter.com/gordonmonk,twitter,"Thu, 14 Feb 2013 15:48:18 +0000","Opo rekkk,rameee deweRT""@batal: @ bukti ny td cemberut ªjª pas liat dy ber2an.. :D""",73189469287,http://twitter.com/gordonmonk/statuses/73189469287,28,ms,100,,,,,,,,,"Thu, 14 Feb 2013 15:48:18 +0000",,,73189469287,,"<a href=""http://blackberry.com/twitter"" rel=""nofollow"">Twitter for BlackBerry®</a>","Opo rekkk,rameee deweRT""@batal: @ bukti ny td cemberut ªjª pas liat dy ber2an.. :D""",Ape Man ,http://gordonmonk.com,,"Manyar,Surabaya",479,77,215,Gordonmonk,http://a0.twimg.com/profile_images/311124394/image_normal.jpg,en,,,26336,26336,"Sun, 13 Feb 2011 13:52:42 +0000",Batal,5784145,46,,,,,,,,,,,,,,,,,,,,,,,,,,,,,,,,,,,,,,,,,,,,,,,,,,,,,,,,,,,,,,,,,,,,,,,,,,,,,,,,,,,,,,,,,,,,,,,,,,,,,,,,,,,,,,,,,,,5784145,batal,,true,,,,,,,,,,,,,,,,,,,,,,,
3,web,Councilmanand,Bolt ,6,http://a0.twimg.com/profile_images/958608713/image_normal.jpg,http://twitter.com/councilmanand,twitter,"Thu, 14 Feb 2013 15:48:18 +0000",dedx baca Yah isi hatii abg :) RT@baal Yaa tau dun..:P RT@,6,http://twitter.com/councilmanand/statuses/6,33,ms,100,,,,,,,,,"Thu, 14 Feb 2013 15:48:18 +0000",,,6,,web,dedx baca Yah isi hatii abg :) RT@baal Yaa tau dun..:P RT@,Bolt ,http://councilmanand.com,,Pekan Baru (Riau),1566,321,9,Councilmanand,http://a0.twimg.com/profile_images/958608713/image_normal.jpg,id,Bangkok,,6,6,"Mon, 23 Jan 2012 16:23:58 +0000",Baal,1784550,58542248234,,,,,,,,,,,,,,,,,,,,,,,,,,,,,,,,,,,,,,,,,,,,,,,,,,,,,,,,,,,,,,,,,,,,,,,,,,,,,,,,,,,,,,,,,,,,,,,,,,,,,,,,,,,,,,,,,,,1784550,baal,25200,true,,,,,,,,,,,,,,,,,,,,,,,
3,Twitter for Android,Salvatore,Carbone ,8123883,http://a0.twimg.com/profile_images/107876032/image_normal.jpg,http://twitter.com/salvatore,twitter,"Thu, 14 Feb 2013 15:48:18 +0000","RT @LFC: LFC team v Zenit: Reina, Johnson, Enrique, Carragher, Skrtel, Allen, Henderson, Gerrard, Sterling, Downing, Suarez.",56947365892,http://twitter.com/salvatore/statuses/56947365892,44,fr,62,,,,,,,,0,,,,56947365892,,,,,,,,,,,,,,,,,,,Broadside,3740656,57649759110,male,"LFC team v Zenit: Reina, Johnson, Enrique, Carragher, Skrtel, Allen, Henderson, Gerrard, Sterling, Downing, Suarez.",302081844474675200,michael,Husband and father of 2 boys. Love football and most of all the mighty Liverpool. Also love playing fifa on my ps3. YNWA JFT96 follow me and I'll #followback ,,833,1140,1448,michaelw1360,http://a0.twimg.com/profile_images/1696171254/IMG_0002_normal.jpg,en,Amsterdam,3600,245501477,245501477,"Mon, 31 Jan 2011 21:00:03 +0000","<a href=""http://twitter.com/download/android"" rel=""nofollow"">Twitter for Android</a>",748,"Thu, 14 Feb 2013 15:48:18 +0000",302080839288750081,Liverpool FC ,Official LFC account. Follow @OfficialLFC_ID @ThaiLFC @LFCANZ @LFCBrasil @LFCEspanol @LFC_Arabic @LFCIndia @LFCFrance @TurkeyLFC  @LFCBangladesh,21749,1511801,409073,LFC,http://a0.twimg.com/profile_images/1847862599/Grad_LFC_Crest_twitter_normal.jpg,en,,,11364,19583545,19583545,"Tue, 27 Jan 2009 09:05:21 +0000",web,"Thu, 14 Feb 2013 15:44:19 +0000",Reina,Person,Person,0,0,1,1,Johnson,Person,Person,0,0,1,1,Enrique,Person,Person,0,0,1,1,Carragher,Person,Person,0,0,1,1,Skrtel,Person,Person,0,0,1,1,Allen,Person,Person,0,0,1,1,Henderson,Person,Person,0,0,1,1,Gerrard,Person,Person,0,0,1,1,Sterling,Person,Person,0,0,1,1,Downing,Person,Person,0,0,1,1,Suarez,Person,Person,0,0,1,1,,,,,http://www.liverpoolfc.com/,"Anfield, Liverpool",true,true,10,,,,,,,,,,,,,,,,,,
3,Twitter for BlackBerry®,Betaraybill,Beta Ray Bill ,3724191,http://a0.twimg.com/profile_images/702772148/image_normal.jpg,http://twitter.com/betaraybill,twitter,"Thu, 14 Feb 2013 15:48:18 +0000",Td tgk the bride dpt surprise anuar zain nyanyi kt wedding die.Die siap nangis.Best gila tu.Makes,95380261517,http://twitter.com/betaraybill/statuses/95380261517,36,ms,63,,,,,,,,,"Thu, 14 Feb 2013 15:48:18 +0000",,,95380261517,,"<a href=""http://blackberry.com/twitter"" rel=""nofollow"">Twitter for BlackBerry®</a>",Td tgk the bride dpt surprise anuar zain nyanyi kt wedding die.Die siap nangis.Best gila tu.Makes,Beta Ray Bill ,http://betaraybill.com,,,8538,127,311,Betaraybill,http://a0.twimg.com/profile_images/702772148/image_normal.jpg,en,Kuala Lumpur,,3724191,3724191,"Thu, 30 Jul 2009 23:37:46 +0000",Mariaesme,9450558,19387229834,female,,,,,,,,,,,,,,,,,,,,,,,,,,,,,,,,,,,,,,,,,,,,,,,,,,,,,,,,,,,,,,,,,,,,,,,,,,,,,,,,,,,,,,,,,,,,,,,,,,,,,,,,,,,,,,,,,,,,28800,,,,,,,,,,,,,,,,,,,,,,,,
3,Mobile Web (M2),Tristan,Brawn ,1998343,http://a0.twimg.com/profile_images/734847335/image_normal.jpg,http://twitter.com/tristan,twitter,"Thu, 14 Feb 2013 15:48:18 +0000","Hola boludos, vivo en Chile, capital de España, me gustan los tacos, la samba y nasí en Montevideo, la siudad de al lado, wey #estereotipo",61211674404,http://twitter.com/tristan/statuses/61211674404,46,es,100,,,,,,,,-2,"Thu, 14 Feb 2013 15:48:18 +0000",,estereotipo,61211674404,,"<a href=""https://mobile.twitter.com"" rel=""nofollow"">Mobile Web (M2)</a>","Hola boludos, vivo en Chile, capital de España, me gustan los tacos, la samba y nasí en Montevideo, la siudad de al lado, wey #estereotipo",Brawn ,http://tristan.com,,,11688,219,91,Tristan,http://a0.twimg.com/profile_images/734847335/image_normal.jpg,es,Madrid,2,1998343,1998343,"Thu, 23 Sep 2010 15:25:54 +0000",Charlesc,6364961,78657889529,,,,,,,,,,,,,,,,,,,,,,,,,,,,,,,,,,,,,,,,,,,,,,,,,,,,,,,,,,,,,,,,,,,,,,,,,,,,,,,,,,,,,,,,,,,,,,,,,,,,,,,,,,,,,,,,,,,,,3600,,,,,,,,,,,,,,,,,,,,,,,,
3,web,Tonaja,Archaeopteryx ,5846744,http://a0.twimg.com/profile_images/980379263/image_normal.jpg,http://twitter.com/tonaja,twitter,"Thu, 14 Feb 2013 15:48:19 +0000","bengong ahh Aqmal nii, haishh aku ingtkan betull td ada salji.",30013005738,http://twitter.com/tonaja/statuses/30013005738,44,ms,100,,,,,,,,,"Thu, 14 Feb 2013 15:48:19 +0000",,,30013005738,,web,"bengong ahh Aqmal nii, haishh aku ingtkan betull td ada salji.",Archaeopteryx ,http://tonaja.com,,,5100,299,224,Tonaja,http://a0.twimg.com/profile_images/980379263/image_normal.jpg,en,Beijing,,5846744,5846744,"Wed, 30 May 2012 16:29:53 +0000",Basilelks,2122021,55724651715,,,,,,,,,,,,,,,,,,,,,,,,,,,,,,,,,,,,,,,,,,,,,,,,,,,,,,,,,,,,,,,,,,,,,,,,,,,,,,,,,,,,,,,,,,,,,,,,,,,,,,,,,,,,,,,,,,,,,28800,,,,,,,,,,,,,,,,,,,,,,,,
3,Twitter for Android,Profess,Blue Diamond ,8412278,http://a0.twimg.com/profile_images/262031415/image_normal.jpg,http://twitter.com/profess,twitter,"Thu, 14 Feb 2013 15:48:19 +0000",@madelynema dpt jmpe jgk cik ferus td.. tgah ujan lbt2 td kan..:-),23450,http://twitter.com/profess/statuses/23450,19,ms,63,,,,,,,,,"Thu, 14 Feb 2013 15:48:19 +0000",,,23450,,"<a href=""http://twitter.com/download/android"" rel=""nofollow"">Twitter for Android</a>",@madelynema dpt jmpe jgk cik ferus td.. tgah ujan lbt2 td kan..:-),Blue Diamond ,http://profess.com,,,244,79,114,Profess,http://a0.twimg.com/profile_images/262031415/image_normal.jpg,en,,,8412278,8412278,"Fri, 06 May 2011 13:39:49 +0000",Madelynema,5335457,25295730773,,,,,,,,,,,,,,,,,,,,,,,,,,,,,,,,,,,,,,,,,,,,,,,,,,,,,,,,,,,,,,,,,,,,,,,,,,,,,,,,,,,,,,,,,,,,,,,,,,,,,,,,,,,,,,,,,,,5335457,madelynema,,,,,,,,,,,,,,,,,,,,,,,,,
3,UberSocial for BlackBerry,Captainbarracuda,Captain Barracuda ,5942956,http://a0.twimg.com/profile_images/727021439/image_normal.jpg,http://twitter.com/captainbarracuda,twitter,"Thu, 14 Feb 2013 15:48:19 +0000","Pele!! RT @billykitson: Yah? Lo liat gue td? (ʃ⌣ƪ) RT @: Ish aber dh gw,,
Plg ngampus liat mahasiswa g pnya etika ciuman d",90920,http://twitter.com/captainbarracuda/statuses/90920,,id,100,,,,,,,,,"Thu, 14 Feb 2013 15:48:19 +0000",,,90920,,"<a href=""http://ubersocial.com"" rel=""nofollow"">UberSocial for BlackBerry</a>","Pele!! RT @billykitson: Yah? Lo liat gue td? (ʃ⌣ƪ) RT @: Ish aber dh gw,,
Plg ngampus liat mahasiswa g pnya etika ciuman d",Captain Barracuda ,http://captainbarracuda.com,,,2334,81,66,Captainbarracuda,http://a0.twimg.com/profile_images/727021439/image_normal.jpg,en,,,5942956,5942956,"Sun, 11 Mar 2012 15:12:15 +0000",Billykitson,8462015,24392342683,,,,,,,,,,,,,,,,,,,,,,,,,,,,,,,,,,,,,,,,,,,,,,,,,,,,,,,,,,,,,,,,,,,,,,,,,,,,,,,,,,,,,,,,,,,,,,,,,,,,,,,,,,,,,,,,,,,8462015,billykitson,,,,,,,,,,,,,,,,,,,,,,,,,
3,Twitter for iPhone,Catking,Cat King ,6592093,http://a0.twimg.com/profile_images/562950522/image_normal.jpg,http://twitter.com/catking,twitter,"Thu, 14 Feb 2013 15:48:19 +0000","RT @adulfhatlur: H
A
P
Y

V
A
L
N
T
I
E
N
Z

D
E
Y





Jk ur a fukin fagit nd ur nt getin laid tonite....",74900954891,http://twitter.com/catking/statuses/74900954891,,en,63,,,,,,,,0,,,,74900954891,,,,,,,,,,,,,,,,,,,Scotthar,5685957,79998065414,male,"H
A
P
Y

V
A
L
N
T
I
E
N
Z

D
E
Y





Jk ur a fukin fagit nd ur nt getin laid tonite....",302081847658151937,brian prue,,,533,31,92,brianprue90,http://a0.twimg.com/profile_images/2595189308/image_normal.jpg,en,,,599846619,599846619,"Tue, 05 Jun 2012 02:49:58 +0000","<a href=""http://twitter.com/download/iphone"" rel=""nofollow"">Twitter for iPhone</a>",34,"Thu, 14 Feb 2013 15:48:19 +0000",302081325609910273,Adulf Hatlur,Beggust jws guser in teh wurld sum of mai joaks r harshz #卐卐卐 #OriginalAccount of Adulf Hatlur Kik me: adulfpls Snapchat: adulfpls,1542,10764,49,adulfhatlur,http://a0.twimg.com/profile_images/3245182198/ea748e268f3993c3a976f1a0a02a58b8_normal.jpeg,en,Amsterdam,3600,14,843848210,843848210,"Mon, 24 Sep 2012 16:06:59 +0000","<a href=""http://twitter.com/download/iphone"" rel=""nofollow"">Twitter for iPhone</a>","Thu, 14 Feb 2013 15:46:15 +0000",,,,,,,,,,,,,,,,,,,,,,,,,,,,,,,,,,,,,,,,,,,,,,,,,,,,,,,,,,,,,,,,,,,,,,,,,,,,,,,,,,http://www.gaztehjwsz.org,Auschwitz,,,,,,,,,,,,,,,,,,,,,
3,Twitter for iPhone,Chakakhan,Chaka Khan ,2494531,http://a0.twimg.com/profile_images/242558673/image_normal.jpg,http://twitter.com/chakakhan,twitter,"Thu, 14 Feb 2013 15:48:18 +0000",RT @Loans_kw: كل من يتخاذل عن الدعوه لمسيرة المقترضين يوم السبت القادم لا يستحق من المقترضين أي إحترام فمن يرضى بإهانة الشعب ووصفه بالغن ...,42144113779,http://twitter.com/chakakhan/statuses/42144113779,41,ar,97,,,,,,,,,,,,42144113779,,,,,,,,,,,,,,,,,,,Henrycamp,5828994,78018036321,,كل من يتخاذل عن الدعوه لمسيرة المقترضين يوم السبت القادم لا يستحق من المقترضين أي إحترام فمن يرضى بإهانة الشعب ووصفه بالغنم مو كفو نحترمه!!,302081844751499264,بونرجس العمده ,الكويت دره ...,قاعد بالليوان ... ,20940,1785,408,Shakosh79,http://a0.twimg.com/profile_images/3130514536/f117fafd5756a836ebcaba4a296cd0f5_normal.jpeg,ar,Kuwait,10800,216480115,216480115,"Tue, 16 Nov 2010 21:04:33 +0000","<a href=""http://twitter.com/download/iphone"" rel=""nofollow"">Twitter for iPhone</a>",8,"Thu, 14 Feb 2013 15:48:18 +0000",302078546115964929,حملة إسقاط القروض,"الحساب الرسمي لحملة إسقاط القروض يطالب بتطبيق القانون والدستور والشرع
فلكي نبني وطن يجب أن نبني مواطن",23079,23861,17070,Loans_kw,http://a0.twimg.com/profile_images/2918243915/727fa7dae74adf6c211d582b43a1554d_normal.jpeg,en,Kuwait,10800,34,440734539,440734539,"Mon, 19 Dec 2011 10:44:46 +0000","<a href=""http://twitter.com/download/iphone"" rel=""nofollow"">Twitter for iPhone</a>","Thu, 14 Feb 2013 15:35:12 +0000",,,,,,,,,,,,,,,,,,,,,,,,,,,,,,,,,,,,,,,,,,,,,,,,,,,,,,,,,,,,,,,,,,,,,,,,,,,,,,,,,,http://loanskw.blogspot.com/,في قلب كل مديون !,,,1,,,,,,,,,,,,,,,,,,
3,web,Abraxas,Abraxas ,4826730,http://a0.twimg.com/profile_images/582807407/image_normal.jpg,http://twitter.com/abraxas,twitter,"Thu, 14 Feb 2013 15:48:19 +0000","Ns autres, notre tradition de la St-&lt;3, c'est manger de la lasagne au souper... #onseditquonsaimetoutletempsanywayçafaitqueokbye",22489511105,http://twitter.com/abraxas/statuses/22489511105,53,fr,100,,,,,,,,-8,"Thu, 14 Feb 2013 15:48:19 +0000",,onseditquonsaimetoutletempsanywayçafaitqueokbye,22489511105,,web,"Ns autres, notre tradition de la St-&lt;3, c'est manger de la lasagne au souper... #onseditquonsaimetoutletempsanywayçafaitqueokbye",Abraxas ,http://abraxas.com,,"Montréal,QC",6648,905,981,Abraxas,http://a0.twimg.com/profile_images/582807407/image_normal.jpg,fr,Central Time (US & Canada),34,4826730,4826730,"Tue, 23 Dec 2008 04:15:16 +0000",Fabian,6927264,40100728138,female,,,,,,,,,,,,,,,,,,,,,,,,,,,,,,,,,,,,,,,,,,,,,,,,,,,,,,,,,,,,,,,,,,,,,,,,,,,,,,,,,,,,,,,,,,,,,,,,,,,,,,,,,,,,,,,,,,,,-21600,,,,,,,,,,,,,,,,,,,,,,,,
3,web,Dr.ch,Captain Power ,7700162,http://a0.twimg.com/profile_images/252336416/image_normal.jpg,http://twitter.com/dr.ch,twitter,"Thu, 14 Feb 2013 15:48:19 +0000",@behemoth anong page ung assignment bes?,90486539015,http://twitter.com/dr.ch/statuses/90486539015,46,en,62,,,,,,,,0,"Thu, 14 Feb 2013 15:48:19 +0000",,,90486539015,,web,@behemoth anong page ung assignment bes?,Captain Power ,http://dr.ch.com,,"MNL,Philippines",10405,241,316,Dr.ch,http://a0.twimg.com/profile_images/252336416/image_normal.jpg,en,Alaska,1,7700162,7700162,"Sat, 05 Nov 2011 16:02:30 +0000",Behemoth,7022382,46720414748,,,,,,,,,,,,,,,,,,,,,,,,,,,,,,,,,,,,,,,,,,,,,,,,,,,,,,,,,,,,,,,,,,,,,,,,,,,,,,,,,,,,,,,,,,,,,,,,,,,,,,,,,,,,,,,,,,,7022382,behemoth,-32400,true,,,,,,,,,,,,,,,,,,,,,,,
3,Twitter for BlackBerry®,Danlyo,Black Marvel ,91274,http://a0.twimg.com/profile_images/273035272/image_normal.jpg,http://twitter.com/danlyo,twitter,"Thu, 14 Feb 2013 15:48:20 +0000","Td masalah disekolah trus skrg dirumah ntar dimana lg? Yallah:""(",40376011328,http://twitter.com/danlyo/statuses/40376011328,39,ms,100,,,,,,,,,"Thu, 14 Feb 2013 15:48:20 +0000",,,40376011328,,"<a href=""http://blackberry.com/twitter"" rel=""nofollow"">Twitter for BlackBerry®</a>","Td masalah disekolah trus skrg dirumah ntar dimana lg? Yallah:""(",Black Marvel ,http://danlyo.com,,▲United Kingdom▲,38001,567,93,Danlyo,http://a0.twimg.com/profile_images/273035272/image_normal.jpg,en,Pacific Time (US & Canada),,91274,91274,"Fri, 15 Apr 2011 16:52:25 +0000",Hiroshi,3287393,59898573835,,,,,,,,,,,,,,,,,,,,,,,,,,,,,,,,,,,,,,,,,,,,,,,,,,,,,,,,,,,,,,,,,,,,,,,,,,,,,,,,,,,,,,,,,,,,,,,,,,,,,,,,,,,,,,,,,,,,,-28800,true,,,,,,,,,,,,,,,,,,,,,,,
3,IFTTT,Anna,Brooks ,9881073,http://a0.twimg.com/profile_images/219014133/image_normal.jpg,http://twitter.com/anna,twitter,"Thu, 14 Feb 2013 15:48:20 +0000",U.S. natgas stocks down 157 bln cubic feet: EIA #news,98143622139,http://twitter.com/anna/statuses/98143622139,42,en,63,,,,,,,,0,"Thu, 14 Feb 2013 15:48:20 +0000",,news,98143622139,,"<a href=""http://ifttt.com"" rel=""nofollow"">IFTTT</a>",U.S. natgas stocks down 157 bln cubic feet: EIA #news,Brooks ,http://anna.com,,,52420,274,544,Anna,http://a0.twimg.com/profile_images/219014133/image_normal.jpg,en,Warsaw,3,9881073,9881073,"Tue, 22 Mar 2011 18:29:17 +0000",Dr.julia,5496464,70,,,,,,,,,,,,,,,,,,,,,,,,,,,,,,,,,,,,,,,,,,,,,,,,,,,,,,,,,,,,,,,,,,,,,,,,,,,,,,,,,,,,,,,,,,,,,,,,,,,,,,,,,,,,,,,,,,,,,3600,,,,,,,,,,,,,,,,,,,,,,,,
3,Twitter for iPhone,Brutothestrongman,Bruto The Strongman ,0,http://a0.twimg.com/profile_images/487959957/image_normal.jpg,http://twitter.com/brutothestrongman,twitter,"Thu, 14 Feb 2013 15:48:20 +0000","RT @SyedMuhdFadli: LFC team v Zenit: Reina, Johnson, Enrique, Carragher, Skrtel, Allen, Henderson, Gerrard, Sterling, Downing, Suarez. #YNWA",36735643679,http://twitter.com/brutothestrongman/statuses/36735643679,40,fr,62,,,,,,,,0,,,,36735643679,,,,,,,,,,,,,,,,,,,George,5546012,51572100794,male,"LFC team v Zenit: Reina, Johnson, Enrique, Carragher, Skrtel, Allen, Henderson, Gerrard, Sterling, Downing, Suarez. #YNWA",302081850631938049,Steven Gerrard ,13 December . #YNWA . ,Starks Tower .,25024,642,151,IzzatAriff,http://a0.twimg.com/profile_images/3239012236/68851826461c61cbc4519323ef293fcc_normal.jpeg,en,Alaska,-32400,437579513,437579513,"Thu, 15 Dec 2011 15:47:05 +0000","<a href=""http://twitter.com/download/iphone"" rel=""nofollow"">Twitter for iPhone</a>",3,"Thu, 14 Feb 2013 15:48:20 +0000",302081400180453376,Syed Muhammad Fadli,"( People always find a reason to hate you ) ( Born: 16.4.1992. ) 
( I LOVE MY PARENTS and @salydrussora ) #LFC #YNWA Instagram: syedmuhdfadli",30954,14148,265,SyedMuhdFadli,http://a0.twimg.com/profile_images/3196261346/edb4124ecfa90a6f9cc4fc7ecd88aa3f_normal.jpeg,en,Kuala Lumpur,28800,1,321867054,321867054,"Wed, 22 Jun 2011 08:00:46 +0000","<a href=""http://twitter.com/#!/download/ipad"" rel=""nofollow"">Twitter for iPad</a>","Thu, 14 Feb 2013 15:46:32 +0000",Reina,Person,Person,0,0,1,1,Johnson,Person,Person,0,0,1,1,Enrique,Person,Person,0,0,1,1,Carragher,Person,Person,0,0,1,1,Skrtel,Person,Person,0,0,1,1,Allen,Person,Person,0,0,1,1,Henderson,Person,Person,0,0,1,1,Gerrard,Person,Person,0,0,1,1,Sterling,Person,Person,0,0,1,1,Downing,Person,Person,0,0,1,1,Suarez,Person,Person,0,0,1,1,,,,,,MMU MELAKA,true,,,true,,,,,,,,,,,,,,YNWA,,,
3,web,Jake,Carlton ,3490576,http://a0.twimg.com/profile_images/852882001/image_normal.jpg,http://twitter.com/jake,twitter,"Thu, 14 Feb 2013 15:48:20 +0000",Brilliant presentation this morning @baronsamedi #BNI,62019439111,http://twitter.com/jake/statuses/62019439111,36,en,100,,,,,,,,6,"Thu, 14 Feb 2013 15:48:20 +0000",,BNI,62019439111,,web,Brilliant presentation this morning @baronsamedi #BNI,Carlton ,http://jake.com,,,264,89,187,Jake,http://a0.twimg.com/profile_images/852882001/image_normal.jpg,en,,,3490576,3490576,"Mon, 08 Nov 2010 15:48:35 +0000",Baronsamedi,31,30163962184,female,,,,,,,,,,,,,,,,,,,,,,,,,,,,,,,,,,,,,,,,,,,,,,,,,,,,,,,,,,,,,,,,,,,,,,,,,,,,,,,,,,,,,,,,,,,,,,,,,,,,,,,,,,,,,,,,,,31,baronsamedi,,,,,,,,,,,,,,,,,,,,,,,,,
3,web,Lucian,Aster ,2793433,http://a0.twimg.com/profile_images/690858056/image_normal.jpg,http://twitter.com/lucian,twitter,"Thu, 14 Feb 2013 15:48:20 +0000",@capt. Bah si qd même un peu bcp :$,26548029994,http://twitter.com/lucian/statuses/26548029994,45,fr,62,,,,,,,,0,"Thu, 14 Feb 2013 15:48:20 +0000",,,26548029994,,web,@capt. Bah si qd même un peu bcp :$,Aster ,http://lucian.com,,Paris,7950,723,443,Lucian,http://a0.twimg.com/profile_images/690858056/image_normal.jpg,fr,Athens,,2793433,2793433,"Sat, 03 Mar 2012 22:50:30 +0000",Capt.,2556200,26681577740,mostly_female,,,,,,,,,,,,,,,,,,,,,,,,,,,,,,,,,,,,,,,,,,,,,,,,,,,,,,,,,,,,,,,,,,,,,,,,,,,,,,,,,,,,,,,,,,,,,,,,,,,,,,,,,,,,,,,,,,2556200,capt.,7200,,,,,,,,,,,,,,,,,,,,,,,,
3,twitterfeed,Lucy,Carlton ,3073176,http://a0.twimg.com/profile_images/341433031/image_normal.jpg,http://twitter.com/lucy,twitter,"Thu, 14 Feb 2013 15:48:20 +0000",LEGO City Undercover: The Chase Begins Previewed by Nintendo http://t.co/QJSas38X,66621005465,http://twitter.com/lucy/statuses/66621005465,,en,100,200,"Thu, 14 Feb 2013 15:36:28 +0000",http://bit.ly/XF8b3M,http://webpronews.com/lego-city-undercover-the-chase-begins-previewed-by-nintendo-2013-02,0,LEGO City Undercover: The Chase Begins Previewed by Nintendo | WebProNews,http://www.webpronews.com/lego-city-undercover-the-chase-begins-previewed-by-nintendo-2013-02,0,"Thu, 14 Feb 2013 15:48:20 +0000",bit.ly,,66621005465,http://bit.ly/XF8b3M,"<a href=""http://twitterfeed.com"" rel=""nofollow"">twitterfeed</a>",LEGO City Undercover: The Chase Begins Previewed by Nintendo http://t.co/QJSas38X,Carlton ,http://lucy.com,,,23200,110,20,Lucy,http://a0.twimg.com/profile_images/341433031/image_normal.jpg,en,Eastern Time (US & Canada),2,3073176,3073176,"Wed, 24 Aug 2011 13:08:02 +0000",Barrage,3817313,54465981014,,,,,,,,,,,,,,,,,,,,,,,,,,,,,,,,,,,,,,Nintendo,Company,Company,0,1,1,1,,,,,,,,,,,,,,,,,,,,,,,,,,,,,,,,,,,,,,,,,,,,,,,,,,,,,,,,,,,,,,,,,,,,,,,,,-18000,,,,,,,,,,,,http://www.webpronews.com/lego-city-undercover-the-chase-begins-previewed-by-nintendo-2013-02?utm_medium=twitter&utm_source=twitterfeed,,,,,,,,,,,,
3,Twitter for iPhone,Blackbird,Blackbird ,1678336,http://a0.twimg.com/profile_images/263202271/image_normal.jpg,http://twitter.com/blackbird,twitter,"Thu, 14 Feb 2013 15:48:20 +0000",@earl nevermind Bri doesn't compete on Friday but thankkss😊,59214581083,http://twitter.com/blackbird/statuses/59214581083,,en,100,,,,,,,,0,"Thu, 14 Feb 2013 15:48:20 +0000",,,59214581083,,"<a href=""http://twitter.com/download/iphone"" rel=""nofollow"">Twitter for iPhone</a>",@earl nevermind Bri doesn't compete on Friday but thankkss😊,Blackbird ,http://blackbird.com,,,1724,188,174,Blackbird,http://a0.twimg.com/profile_images/263202271/image_normal.jpg,en,,,1678336,1678336,"Tue, 21 Apr 2009 01:31:11 +0000",Earl,8113478,77925539389,female,,,,,,,,,,,,,,,,,,,,,,,,,,,,,,,,,,,,,,,,,,,,,,,,,,,,,,,,,,,,,,,,,,,,,,,,,,,,,,,,,,,,,,,,,,,,,,,,,,,,,,,,,,,,,,,,,,8113478,earl,,,,,,,,,,,,,,,,,,,,,,,,,
3,web,Barrington,Barrington ,0,http://a0.twimg.com/profile_images/968846207/image_normal.jpg,http://twitter.com/barrington,twitter,"Thu, 14 Feb 2013 15:48:20 +0000","Tra i #titoli migliori a Piazza Affari: 
#Mediobanca +2,99, Salvatore #Ferragamo +2,13, #Buzzi Unicem +1,99.",28204796323,http://twitter.com/barrington/statuses/28204796323,32,it,100,,,,,,,,,"Thu, 14 Feb 2013 15:48:20 +0000",,titoli,28204796323,,web,"Tra i #titoli migliori a Piazza Affari: 
#Mediobanca +2,99, Salvatore #Ferragamo +2,13, #Buzzi Unicem +1,99.",Barrington ,http://barrington.com,,"Via Brera 6, Milano",1126,84,106,Barrington,http://a0.twimg.com/profile_images/968846207/image_normal.jpg,it,,2,0,0,"Wed, 18 Apr 2012 13:34:54 +0000",Henryhawk,4227346,40579441096,,,,,,,,,,,,,,,,,,,,,,,,,,,,,,,,,,,,,,,,,,,,,,,,,,,,,,,,,,,,,,,,,,,,,,,,,,,,,,,,,,,,,,,,,,,,,,,,,,,,,,,,,,,,,,,,,,,,,,,,,,,,,,,,,,,,,,,,,,,Mediobanca,Ferragamo,Buzzi
3,Twitter for iPhone,Bradhulk,Bedford ,1958752,http://a0.twimg.com/profile_images/523772816/image_normal.jpg,http://twitter.com/bradhulk,twitter,"Thu, 14 Feb 2013 15:48:20 +0000","RT @lmran97: masa berbasikal td aku jumpa nama puan muru dkt jalan... siap ade nama sekolah lagi... well, what u can say its SMKS4.. the ...",73915896867,http://twitter.com/bradhulk/statuses/73915896867,37,ms,76,,,,,,,,,,,,73915896867,,,,,,,,,,,,,,,,,,,Abomination,1290058,37092581344,,"masa berbasikal td aku jumpa nama puan muru dkt jalan... siap ade nama sekolah lagi... well, what u can say its SMKS4.. the best school ever",302081852074762240,Mus-TafaTafa™♣,"Me Name Mustafa.  Date Of Birth 11/11/1997. Interest In Gaming Cooking, Novels,archery And Surfing The Net",,1192,78,227,MrBoMustafa,http://a0.twimg.com/profile_images/3215908169/f063edf68fc0c56616113a2621c4b37f_normal.jpeg,en,,,583854246,583854246,"Fri, 18 May 2012 12:42:22 +0000","<a href=""http://twitter.com/download/iphone"" rel=""nofollow"">Twitter for iPhone</a>",2,"Thu, 14 Feb 2013 15:48:20 +0000",302078475441958912,SYMS..,,3190,97,135,lmran97,http://a0.twimg.com/profile_images/3249012134/37297599bf52d74a91ce7efeed77a0ee_normal.jpeg,en,Beijing,28800,,749265836,749265836,"Fri, 10 Aug 2012 12:24:22 +0000",web,"Thu, 14 Feb 2013 15:34:55 +0000",,,,,,,,,,,,,,,,,,,,,,,,,,,,,,,,,,,,,,,,,,,,,,,,,,,,,,,,,,,,,,,,,,,,,,,,,,,,,,,,,,,,,,,true,,,,,,,,,,,,,,,,,
3,Twitter for iPhone,Dr.will,Carrion Iii ,153045,http://a0.twimg.com/profile_images/716632974/image_normal.jpg,http://twitter.com/dr.will,twitter,"Thu, 14 Feb 2013 15:48:20 +0000","RT @adulfhatlur: H
A
P
Y

V
A
L
N
T
I
E
N
Z

D
E
Y





Jk ur a fukin fagit nd ur nt getin laid tonite....",47018431825,http://twitter.com/dr.will/statuses/47018431825,33,en,63,,,,,,,,0,,,,47018431825,,,,,,,,,,,,,,,,,,,Rebecca,41,12906446191,,"H
A
P
Y

V
A
L
N
T
I
E
N
Z

D
E
Y





Jk ur a fukin fagit nd ur nt getin laid tonite....",302081852431298562,gunce,,Alumbrados,61031,444,275,gunce_erol,http://a0.twimg.com/profile_images/3221671945/f127fabb571c9320f28483894518bdaa_normal.jpeg,en,Amsterdam,3600,248220020,248220020,"Sun, 06 Feb 2011 14:35:03 +0000","<a href=""http://twitter.com/download/iphone"" rel=""nofollow"">Twitter for iPhone</a>",35,"Thu, 14 Feb 2013 15:48:20 +0000",302081325609910273,Adulf Hatlur,Beggust jws guser in teh wurld sum of mai joaks r harshz #卐卐卐 #OriginalAccount of Adulf Hatlur Kik me: adulfpls Snapchat: adulfpls,1542,10764,49,adulfhatlur,http://a0.twimg.com/profile_images/3245182198/ea748e268f3993c3a976f1a0a02a58b8_normal.jpeg,en,Amsterdam,3600,14,843848210,843848210,"Mon, 24 Sep 2012 16:06:59 +0000","<a href=""http://twitter.com/download/iphone"" rel=""nofollow"">Twitter for iPhone</a>","Thu, 14 Feb 2013 15:46:15 +0000",,,,,,,,,,,,,,,,,,,,,,,,,,,,,,,,,,,,,,,,,,,,,,,,,,,,,,,,,,,,,,,,,,,,,,,,,,,,,,,,,,http://www.gaztehjwsz.org,Auschwitz,,,,true,,,,,,,,,,,,,,,,,
3,Twitter for iPhone,Brainstorm,Brainstorm ,2212095,http://a0.twimg.com/profile_images/695997243/image_normal.jpg,http://twitter.com/brainstorm,twitter,"Thu, 14 Feb 2013 15:48:20 +0000","@tantematt #LOWKER ""SALES PERSON CONSUMER"" PT BANK RAKYAT INDONESIA (Persero) Tbk Area Bandung Raya&amp;Jawa Barat.Mention/cek FAV utk info",69023490580,http://twitter.com/brainstorm/statuses/69023490580,50,id,100,,,,,,,,,"Thu, 14 Feb 2013 15:48:20 +0000",,LOWKER,69023490580,,"<a href=""http://twitter.com/download/iphone"" rel=""nofollow"">Twitter for iPhone</a>","@tantematt #LOWKER ""SALES PERSON CONSUMER"" PT BANK RAKYAT INDONESIA (Persero) Tbk Area Bandung Raya&amp;Jawa Barat.Mention/cek FAV utk info",Brainstorm ,http://brainstorm.com,,Jakarta Bandung Jogja #nomaden,25451,1122,615,Brainstorm,http://a0.twimg.com/profile_images/695997243/image_normal.jpg,en,Melbourne,2,2212095,2212095,"Tue, 08 Sep 2009 13:27:11 +0000",Tantematt,7458488,49575049709,,,,,,,,,,,,,,,,,,,,,,,,,,,,,,,,,,,,,,,,,,,,,,,,,,,,,,,,,,,,,,,,,,,,,,,,,,,,,,,,,,,,,,,,,,,,,,,,,,,,,,,,,,,,,,,,,,,7458488,tantematt,36000,true,,,,,,,,,,,,,,,,,,,,,,,
3,Twitter for Android,Colonel,Armbruster ,306,http://a0.twimg.com/profile_images/830989750/image_normal.jpg,http://twitter.com/colonel,twitter,"Thu, 14 Feb 2013 15:48:20 +0000",@caber esok kita piii maxis centre eh jumpa yaya.! sorry lupa pesan adek td sbelum pi keje.,96978102275,http://twitter.com/colonel/statuses/96978102275,36,ms,100,,,,,,,,,"Thu, 14 Feb 2013 15:48:20 +0000",,,96978102275,,"<a href=""http://twitter.com/download/android"" rel=""nofollow"">Twitter for Android</a>",@caber esok kita piii maxis centre eh jumpa yaya.! sorry lupa pesan adek td sbelum pi keje.,Armbruster ,http://colonel.com,,(MyWorld),12507,500,188,Colonel,http://a0.twimg.com/profile_images/830989750/image_normal.jpg,en,Alaska,,306,306,"Sat, 22 Oct 2011 17:56:33 +0000",Caber,2073959,29879622883,,,,,,,,,,,,,,,,,,,,,,,,,,,,,,,,,,,,,,,,,,,,,,,,,,,,,,,,,,,,,,,,,,,,,,,,,,,,,,,,,,,,,,,,,,,,,,,,,,,,,,,,,,,,,,,,,,,2073959,caber,-32400,true,,,,,,,,,,,,,,,,,,,,,,,
3,Twitter for Android,Captainglory,Captain Glory ,0,http://a0.twimg.com/profile_images/453614599/image_normal.jpg,http://twitter.com/captainglory,twitter,"Thu, 14 Feb 2013 15:48:20 +0000","RT @YABOYPERVERT: Your body’s name must be Visa, because it’s where I want to be",20044493442,http://twitter.com/captainglory/statuses/20044493442,40,en,100,,,,,,,,0,,,,20044493442,,,,,,,,,,,,,,,,,,,Bouncer,7164921,48811245593,,"Your body’s name must be Visa, because it’s where I want to be",302081852842332160,Kassibabayy. ;*,"I tweet a lot and most of my tweets are inside jokes with friends. Also, I don't mean to offend anyone by racial or sexual orientation remarks! follow me! :)","Butler, PA",4905,146,87,Kassibabay,http://a0.twimg.com/profile_images/3074935967/4ce41328d30791f259d53f62ad6ac213_normal.jpeg,en,Atlantic Time (Canada),-14400,733583610,733583610,"Thu, 02 Aug 2012 21:32:28 +0000","<a href=""http://twitter.com/download/android"" rel=""nofollow"">Twitter for Android</a>",1,"Thu, 14 Feb 2013 15:48:20 +0000",302081700698157057,Pervert Peter,Drivin my van full of candy around the country ;),4313,24442,,YABOYPERVERT,http://a0.twimg.com/profile_images/2506365225/h35fpbfibcwhgk4s9mat_normal.jpeg,en,Arizona,-25200,10,758561095,758561095,"Wed, 15 Aug 2012 04:26:32 +0000",web,"Thu, 14 Feb 2013 15:47:44 +0000",Visa,Company,Company,0,1,1,1,,,,,,,,,,,,,,,,,,,,,,,,,,,,,,,,,,,,,,,,,,,,,,,,,,,,,,,,,,,,,,,,,,,,,,,,,,,,,,,,true,,,,,,,,,,,,,,,,,
3,web,Emerson,Bale ,1171704,http://a0.twimg.com/profile_images/398401872/image_normal.jpg,http://twitter.com/emerson,twitter,"Thu, 14 Feb 2013 15:48:20 +0000","RT @SoyHiperactivo: Bailemos Samba Despacio, hoy es el día de SAMBA LENTIN.",70378863741,http://twitter.com/emerson/statuses/70378863741,31,es,100,,,,,,,,-1,,,,70378863741,,,,,,,,,,,,,,,,,,,Dr.julia,7115096,67071784706,,"Bailemos Samba Despacio, hoy es el día de SAMBA LENTIN.",302081853739905025,Mrs. Styles ,"Soy Directioner (L) Tengo 14, soy de Chile.Vive la vida como es y no como todos piensan. (: Follow Back, solo pidelo",Distrito 12/Panem,5905,340,584,Cote132,http://a0.twimg.com/profile_images/3181588500/dfeb9ba35acc47f300d6b44d0a722ed8_normal.jpeg,es,Santiago,-14400,187023668,187023668,"Sun, 05 Sep 2010 01:48:14 +0000",web,1,"Thu, 14 Feb 2013 15:48:20 +0000",302081526613557248,Giancarlo ,"Estudiante de Publicidad
Instagram: SoyHiperactivo 

",3653,4862,289,SoyHiperactivo,http://a0.twimg.com/profile_images/3248324219/a509172108f2cda37711c467c701db30_normal.jpeg,es,Central Time (US & Canada),-21600,5,301670071,301670071,"Thu, 19 May 2011 21:14:07 +0000","<a href=""http://twitter.com/download/android"" rel=""nofollow"">Twitter for Android</a>","Thu, 14 Feb 2013 15:47:03 +0000",,,,,,,,,,,,,,,,,,,,,,,,,,,,,,,,,,,,,,,,,,,,,,,,,,,,,,,,,,,,,,,,,,,,,,,,,,,,,,,,,,,Colombia,true,,1,true,,,,,,,,,,,,,,,,,
3,Twitter for iPhone,Aeolus[inhuma,Aireo ,3743888,http://a0.twimg.com/profile_images/590043736/image_normal.jpg,http://twitter.com/aeolus[inhuma,twitter,"Thu, 14 Feb 2013 15:48:21 +0000","RT @LFC: LFC team v Zenit: Reina, Johnson, Enrique, Carragher, Skrtel, Allen, Henderson, Gerrard, Sterling, Downing, Suarez.",71363718388,http://twitter.com/aeolus[inhuma/statuses/71363718388,39,fr,62,,,,,,,,0,,,,71363718388,,,,,,,,,,,,,,,,,,,Broker,3000954,34369389736,,"LFC team v Zenit: Reina, Johnson, Enrique, Carragher, Skrtel, Allen, Henderson, Gerrard, Sterling, Downing, Suarez.",302081854457118720,Sofea Safirah,"I love to fangirl over Justin Bieber, if you don't mind. ","Anfield, Liverpool.",20335,1148,261,sofeaphiasofea,http://a0.twimg.com/profile_images/3165064724/470b96c0675c387a660612c2e43067b3_normal.jpeg,en,Alaska,-32400,279810088,279810088,"Sun, 10 Apr 2011 02:14:43 +0000","<a href=""http://twitter.com/download/iphone"" rel=""nofollow"">Twitter for iPhone</a>",756,"Thu, 14 Feb 2013 15:48:21 +0000",302080839288750081,Liverpool FC ,Official LFC account. Follow @OfficialLFC_ID @ThaiLFC @LFCANZ @LFCBrasil @LFCEspanol @LFC_Arabic @LFCIndia @LFCFrance @TurkeyLFC  @LFCBangladesh,21749,1511801,409073,LFC,http://a0.twimg.com/profile_images/1847862599/Grad_LFC_Crest_twitter_normal.jpg,en,,,11364,19583545,19583545,"Tue, 27 Jan 2009 09:05:21 +0000",web,"Thu, 14 Feb 2013 15:44:19 +0000",Reina,Person,Person,0,0,1,1,Johnson,Person,Person,0,0,1,1,Enrique,Person,Person,0,0,1,1,Carragher,Person,Person,0,0,1,1,Skrtel,Person,Person,0,0,1,1,Allen,Person,Person,0,0,1,1,Henderson,Person,Person,0,0,1,1,Gerrard,Person,Person,0,0,1,1,Sterling,Person,Person,0,0,1,1,Downing,Person,Person,0,0,1,1,Suarez,Person,Person,0,0,1,1,,,,,http://www.liverpoolfc.com/,"Anfield, Liverpool",true,true,4,,,,,,,,,,,,,,,,,,

