interaction/schema/version,interaction/source,interaction/author/username,interaction/author/name,interaction/author/id,interaction/author/avatar,interaction/author/link,interaction/type,interaction/created_at,interaction/content,interaction/id,interaction/link,klout/score,language/tag,language/confidence,links/code/0,links/created_at/0,links/normalized_url/0,links/retweet_count/0,links/title/0,links/url/0,twitter/id,twitter/retweet/text,twitter/retweet/id,twitter/retweet/user/name,twitter/retweet/user/description,twitter/retweet/user/location,twitter/retweet/user/statuses_count,twitter/retweet/user/followers_count,twitter/retweet/user/friends_count,twitter/retweet/user/screen_name,twitter/retweet/user/profile_image_url,twitter/retweet/user/lang,twitter/retweet/user/time_zone,twitter/retweet/user/utc_offset,twitter/retweet/user/listed_count,twitter/retweet/user/id,twitter/retweet/user/id_str,twitter/retweet/user/geo_enabled,twitter/retweet/user/created_at,twitter/retweet/source,twitter/retweet/count,twitter/retweet/created_at,twitter/retweet/links/0,twitter/retweet/domains/0,twitter/retweeted/id,twitter/retweeted/user/name,twitter/retweeted/user/url,twitter/retweeted/user/description,twitter/retweeted/user/statuses_count,twitter/retweeted/user/followers_count,twitter/retweeted/user/friends_count,twitter/retweeted/user/screen_name,twitter/retweeted/user/profile_image_url,twitter/retweeted/user/lang,twitter/retweeted/user/time_zone,twitter/retweeted/user/utc_offset,twitter/retweeted/user/listed_count,twitter/retweeted/user/id,twitter/retweeted/user/id_str,twitter/retweeted/user/created_at,twitter/retweeted/source,twitter/retweeted/created_at,twitter/in_reply_to_screen_name,twitter/in_reply_to_user_id,twitter/in_reply_to_status_id,salience/content/entities/0/name,salience/content/entities/0/type,salience/content/entities/0/label,salience/content/entities/0/sentiment,salience/content/entities/0/evidence,salience/content/entities/0/confident,salience/content/entities/0/about,salience/content/entities/0/themes/0,salience/content/entities/1/name,salience/content/entities/1/type,salience/content/entities/1/label,salience/content/entities/1/sentiment,salience/content/entities/1/evidence,salience/content/entities/1/confident,salience/content/entities/1/about,salience/content/entities/1/themes/0,salience/content/sentiment,twitter/created_at,twitter/source,twitter/text,twitter/user/name,twitter/user/url,twitter/user/description,twitter/user/location,twitter/user/statuses_count,twitter/user/followers_count,twitter/user/friends_count,twitter/user/screen_name,twitter/user/profile_image_url,twitter/user/lang,twitter/user/time_zone,twitter/user/utc_offset,twitter/user/listed_count,twitter/user/id,twitter/user/id_str,twitter/user/geo_enabled,twitter/user/created_at,demographic/gender,twitter/mention_ids/0,twitter/mentions/0,links/hops/0/0,links/hops/0/1,twitter/domains/0,twitter/links/0,salience/content/entities/0/themes/1,salience/content/entities/0/themes/2,twitter/hashtags/0,salience/content/entities/2/name,salience/content/entities/2/type,salience/content/entities/2/label,salience/content/entities/2/sentiment,salience/content/entities/2/evidence,salience/content/entities/2/confident,salience/content/entities/2/about,salience/content/entities/3/name,salience/content/entities/3/type,salience/content/entities/3/label,salience/content/entities/3/sentiment,salience/content/entities/3/evidence,salience/content/entities/3/confident,salience/content/entities/3/about,salience/content/entities/4/name,salience/content/entities/4/type,salience/content/entities/4/label,salience/content/entities/4/sentiment,salience/content/entities/4/evidence,salience/content/entities/4/confident,salience/content/entities/4/about,salience/content/entities/5/name,salience/content/entities/5/type,salience/content/entities/5/label,salience/content/entities/5/sentiment,salience/content/entities/5/evidence,salience/content/entities/5/confident,salience/content/entities/5/about,salience/content/entities/6/name,salience/content/entities/6/type,salience/content/entities/6/label,salience/content/entities/6/sentiment,salience/content/entities/6/evidence,salience/content/entities/6/confident,salience/content/entities/6/about,salience/content/entities/7/name,salience/content/entities/7/type,salience/content/entities/7/label,salience/content/entities/7/sentiment,salience/content/entities/7/evidence,salience/content/entities/7/confident,salience/content/entities/7/about,salience/content/entities/8/name,salience/content/entities/8/type,salience/content/entities/8/label,salience/content/entities/8/sentiment,salience/content/entities/8/evidence,salience/content/entities/8/confident,salience/content/entities/8/about,salience/content/entities/9/name,salience/content/entities/9/type,salience/content/entities/9/label,salience/content/entities/9/sentiment,salience/content/entities/9/evidence,salience/content/entities/9/confident,salience/content/entities/9/about,salience/content/entities/10/name,salience/content/entities/10/type,salience/content/entities/10/label,salience/content/entities/10/sentiment,salience/content/entities/10/evidence,salience/content/entities/10/confident,salience/content/entities/10/about,twitter/retweeted/user/location,twitter/retweeted/user/geo_enabled,twitter/retweeted/user/verified,trends/type/0,trends/type/1,trends/type/2,trends/type/3,trends/type/4,trends/type/5,trends/type/6,trends/type/7,trends/type/8,trends/type/9,trends/type/10,trends/content/0,trends/source/0,twitter/retweet/hashtags/0,salience/content/entities/2/themes/0,salience/content/entities/3/themes/0,salience/content/entities/4/themes/0,twitter/retweet/user/url,twitter/retweet/mentions/0,twitter/retweet/mention_ids/0,links/hops/0/2
3,Twitter for Android,Peggy,Carter ,1212488,http://a0.twimg.com/profile_images/254958332/image_normal.jpg,http://twitter.com/peggy,twitter,"Thu, 14 Feb 2013 15:48:21 +0000","RT @apbankfes: [2013.02.14]ap bank fesについてのお知らせ  

詳しくはオフィシャルサイトにてご確認ください。 http://t.co/0jBImKc1",64106101240,http://twitter.com/peggy/statuses/64106101240,35,ja,85,200,"Thu, 14 Feb 2013 03:18:19 +0000",http://fes.apbank.jp,0,ap bank fes '12 Fund for Japan,http://fes.apbank.jp/,64106101240,"[2013.02.14]ap bank fesについてのお知らせ  

詳しくはオフィシャルサイトにてご確認ください。 http://t.co/0jBImKc1",302081854025117696,くるみ,"Mr.Children大好き★ツアーは必ず1回は行っています♪沖縄大好き★デジタル一眼レフに夢中(*^^*)写真を撮ることが楽しくて仕方ないｗそして素敵な出会いや友達が増えてとても充実していると感じるこの頃。
出逢った人達に感謝です！",Tokyo,3832,93,98,Qumi1999,http://a0.twimg.com/profile_images/2985246168/c8a02791c22a8ae41e838ef636ebcc89_normal.jpeg,ja,Tokyo,32400,1,261677015,261677015,true,"Sun, 06 Mar 2011 13:10:20 +0000","<a href=""http://twitter.com/download/android"" rel=""nofollow"">Twitter for Android</a>",1298,"Thu, 14 Feb 2013 15:48:21 +0000",http://fes.apbank.jp/,fes.apbank.jp,301898180268797953,ap bank,http://fes.apbank.jp/,ap bankは環境プロジェクトの支援や東日本大震災の復興支援などさまざまな活動を行っております。,622,42637,8,apbankfes,http://a0.twimg.com/profile_images/3251165433/e936c669d83d01395c75527cfd0f120a_normal.jpeg,ja,Tokyo,32400,1216,132414080,132414080,"Tue, 13 Apr 2010 04:59:49 +0000",web,"Thu, 14 Feb 2013 03:38:29 +0000",Dr.,39,82216633553,,,,,,,,,,,,,,,,,,,,,,,,,,,,,,,,,,,,,,,,,,,,,,,,,,,,,,,,,,,,,,,,,,,,,,,,,,,,,,,,,,,,,,,,,,,,,,,,,,,,,,,,,,,,,,,,,,,,,,,,,,,,,,,,,,,,,,
3,Twitter for Android,Ajax,Ajax ,2493868,http://a0.twimg.com/profile_images/388309217/image_normal.jpg,http://twitter.com/ajax,twitter,"Thu, 14 Feb 2013 15:48:21 +0000","We should make a ""Primus sucks"" joke about MLP. When someone says MLP sucks, only the real fans will get the joke.",45783479558,http://twitter.com/ajax/statuses/45783479558,43,en,100,,,,,,,45783479558,,,,,,,,,,,,,,,,,,,,,,,,,,,,,,,,,,,,,,,,,,Arcade,67412,18411494861,MLP,Company,Company,4,1,1,1,real fans,"""Primus sucks""",Quote,Quote,0,1,1,0,real fans,4,"Thu, 14 Feb 2013 15:48:21 +0000","<a href=""http://twitter.com/download/android"" rel=""nofollow"">Twitter for Android</a>","We should make a ""Primus sucks"" joke about MLP. When someone says MLP sucks, only the real fans will get the joke.",Ajax ,http://ajax.com,,"Pennsylvania, USA",44451,1356,260,Ajax,http://a0.twimg.com/profile_images/388309217/image_normal.jpg,en,Eastern Time (US & Canada),-18000,23,2493868,2493868,true,"Mon, 20 Jun 2011 18:24:19 +0000",,,,,,,,,,,,,,,,,,,,,,,,,,,,,,,,,,,,,,,,,,,,,,,,,,,,,,,,,,,,,,,,,,,,,,,,,,,,,,,,,,,,,,,,,,,,,,,,,
3,web,Blacktaloniii,Black Talon Iii ,3433746,http://a0.twimg.com/profile_images/689648398/image_normal.jpg,http://twitter.com/blacktaloniii,twitter,"Thu, 14 Feb 2013 15:48:22 +0000",@frederickfo @ @ iy msa td lari* gtt pas dsruh dnor ..haha,23895556572,http://twitter.com/blacktaloniii/statuses/23895556572,43,id,63,,,,,,,23895556572,,,,,,,,,,,,,,,,,,,,,,,,,,,,,,,,,,,,,,,,,,Frederickfo,5486760,47413707687,,,,,,,,,,,,,,,,,,"Thu, 14 Feb 2013 15:48:22 +0000",web,@frederickfo @ @ iy msa td lari* gtt pas dsruh dnor ..haha,Black Talon Iii ,http://blacktaloniii.com,,"cianjur, Jabar, Indonesia",3549,270,373,Blacktaloniii,http://a0.twimg.com/profile_images/689648398/image_normal.jpg,en,Jakarta,25200,,3433746,3433746,true,"Mon, 07 Jun 2010 05:23:05 +0000",mostly_male,5486760,frederickfo,,,,,,,,,,,,,,,,,,,,,,,,,,,,,,,,,,,,,,,,,,,,,,,,,,,,,,,,,,,,,,,,,,,,,,,,,,,,,,,,,,,,,,,,,,,,,,
3,Twitter for BlackBerry®,Frank,Brown ,6657165,http://a0.twimg.com/profile_images/907524906/image_normal.jpg,http://twitter.com/frank,twitter,"Thu, 14 Feb 2013 15:48:21 +0000",Kok ada suara kotak musik nih :&amp;,61792998481,http://twitter.com/frank/statuses/61792998481,46,id,100,,,,,,,61792998481,,,,,,,,,,,,,,,,,,,,,,,,,,,,,,,,,,,,,,,,,,Baronmacabre,1406599,17477611079,,,,,,,,,,,,,,,,,,"Thu, 14 Feb 2013 15:48:21 +0000","<a href=""http://blackberry.com/twitter"" rel=""nofollow"">Twitter for BlackBerry®</a>",Kok ada suara kotak musik nih :&amp;,Brown ,http://frank.com,,indonesia,8231,702,297,Frank,http://a0.twimg.com/profile_images/907524906/image_normal.jpg,en,Pacific Time (US & Canada),-28800,,6657165,6657165,true,"Wed, 17 Feb 2010 09:13:14 +0000",,,,,,,,,,,,,,,,,,,,,,,,,,,,,,,,,,,,,,,,,,,,,,,,,,,,,,,,,,,,,,,,,,,,,,,,,,,,,,,,,,,,,,,,,,,,,,,,,
3,Twitter for iPhone,Adversary,Adversary ,4634100,http://a0.twimg.com/profile_images/189494662/image_normal.jpg,http://twitter.com/adversary,twitter,"Thu, 14 Feb 2013 15:48:22 +0000",@billykitson Bri doesn't dance till Saturday! But ill be there all day! What time do you go on Saturday?!,73719235998,http://twitter.com/adversary/statuses/73719235998,40,en,100,,,,,,,73719235998,,,,,,,,,,,,,,,,,,,,,,,,,,,,,,,,,,,,,,,,,,Billykitson,6832571,24605167936,,,,,,,,,,,,,,,,,-10,"Thu, 14 Feb 2013 15:48:22 +0000","<a href=""http://twitter.com/download/iphone"" rel=""nofollow"">Twitter for iPhone</a>",@billykitson Bri doesn't dance till Saturday! But ill be there all day! What time do you go on Saturday?!,Adversary ,http://adversary.com,,,3268,302,399,Adversary,http://a0.twimg.com/profile_images/189494662/image_normal.jpg,en,Mountain Time (US & Canada),-25200,,4634100,4634100,true,"Sun, 06 Feb 2011 19:33:09 +0000",female,6832571,billykitson,,,,,,,,,,,,,,,,,,,,,,,,,,,,,,,,,,,,,,,,,,,,,,,,,,,,,,,,,,,,,,,,,,,,,,,,,,,,,,,,,,,,,,,,,,,,,,
3,twitterfeed,Ape,Ape ,4946938,http://a0.twimg.com/profile_images/961659401/image_normal.jpg,http://twitter.com/ape,twitter,"Thu, 14 Feb 2013 15:48:16 +0000",How Not unto Espouse Car Insurance adit Missouri: .YTv http://t.co/AOZVr2pC,26412862003,http://twitter.com/ape/statuses/26412862003,23,fr,61,200,"Thu, 14 Feb 2013 15:48:22 +0000",http://alvaro-drees.ru/page-120/716967,0,How Not to Choose Car Insurance in Missouri,http://alvaro-drees.ru/page-120/716967,26412862003,,,,,,,,,,,,,,,,,,,,,,,,,,,,,,,,,,,,,,,,,,Rebecca,6,39501557848,Missouri,Person,Person,0,0,1,1,,,,,,,,,,0,"Thu, 14 Feb 2013 15:48:16 +0000","<a href=""http://twitterfeed.com"" rel=""nofollow"">twitterfeed</a>",How Not unto Espouse Car Insurance adit Missouri: .YTv http://t.co/AOZVr2pC,Ape ,http://ape.com,,,8382,31,9,Ape,http://a0.twimg.com/profile_images/961659401/image_normal.jpg,en,,,,4946938,4946938,,"Wed, 25 Jul 2012 07:45:39 +0000",,,,http://bit.ly/X7y1fF,http://alvaro-drees.ru/page-120/716967?utm_medium=twitter&utm_source=twitterfeed,bit.ly,http://bit.ly/X7y1fF,,,,,,,,,,,,,,,,,,,,,,,,,,,,,,,,,,,,,,,,,,,,,,,,,,,,,,,,,,,,,,,,,,,,,,,,,,,,,,,,,,,,,,,,,,
3,Facebook,Ayesha,Ayesha ,8500840,http://a0.twimg.com/profile_images/976229605/image_normal.jpg,http://twitter.com/ayesha,twitter,"Thu, 14 Feb 2013 15:48:20 +0000","Puede que penséis que el día de San Valentín es un mero invento mercantil, para tratar de vender mas a costa de... http://t.co/ATQ0PFzd",85380594967,http://twitter.com/ayesha/statuses/85380594967,13,es,62,200,"Thu, 14 Feb 2013 15:48:22 +0000",https://facebook.com/photo.php?fbid=571994412834323&l=d51160d325,0,Facebook,https://www.facebook.com/photo.php?fbid=571994412834323&l=d51160d325,85380594967,,,,,,,,,,,,,,,,,,,,,,,,,,,,,,,,,,,,,,,,,,Ainet,5202332,694625082,San Valentín,Place,Place,-8,0,1,1,día de san,,,,,,,,,-7,"Thu, 14 Feb 2013 15:48:20 +0000","<a href=""http://www.facebook.com/twitter"" rel=""nofollow"">Facebook</a>","Puede que penséis que el día de San Valentín es un mero invento mercantil, para tratar de vender mas a costa de... http://t.co/ATQ0PFzd",Ayesha ,http://ayesha.com,,Jerez de la Frontera (Cádiz),127,11,14,Ayesha,http://a0.twimg.com/profile_images/976229605/image_normal.jpg,es,Madrid,3600,,8500840,8500840,true,"Wed, 30 May 2012 15:32:46 +0000",,,,http://fb.me/2w3TSum0P,,fb.me,http://fb.me/2w3TSum0P,mas a costa,mero invento,,,,,,,,,,,,,,,,,,,,,,,,,,,,,,,,,,,,,,,,,,,,,,,,,,,,,,,,,,,,,,,,,,,,,,,,,,,,,,,,,,,,,,,,
3,dlvr.it,Dennis,Bowden ,5893352,http://a0.twimg.com/profile_images/319917621/image_normal.jpg,http://twitter.com/dennis,twitter,"Thu, 14 Feb 2013 15:48:19 +0000","Blue Man Group: Thu, Feb 14 2013 8:00 PM Astor Place Theatre in New_York Event Details: Blue Man Group is a... http://t.co/Q1baDdya #NewYork",2,http://twitter.com/dennis/statuses/2,21,en,62,200,"Thu, 14 Feb 2013 15:48:22 +0000",http://thingstodoinnewyorkcityny.com/details-E0-001-053390220-5@2013021420/Blue_Man_Group_New_York,0,"Blue Man Group | New York | Astor Place Theatre | on Feb 14, 2013 8:00 PM",http://www.thingstodoinnewyorkcityny.com/details-E0-001-053390220-5@2013021420/Blue_Man_Group_New_York/,2,,,,,,,,,,,,,,,,,,,,,,,,,,,,,,,,,,,,,,,,,,Jonathan,19099,11028503207,,,,,,,,,,,,,,,,,0,"Thu, 14 Feb 2013 15:48:19 +0000","<a href=""http://dlvr.it"" rel=""nofollow"">dlvr.it</a>","Blue Man Group: Thu, Feb 14 2013 8:00 PM Astor Place Theatre in New_York Event Details: Blue Man Group is a... http://t.co/Q1baDdya #NewYork",Bowden ,http://dennis.com,,"New York City, NY",2536,69,36,Dennis,http://a0.twimg.com/profile_images/319917621/image_normal.jpg,en,Quito,-18000,2,5893352,5893352,,"Sat, 15 Jan 2011 19:22:20 +0000",male,,,http://goo.gl/6soO8,http://www.thingstodoinnewyorkcityny.com/details-E0-001-053390220-5@2013021420/Blue_Man_Group_New_York/?utm_source=dlvr.it&utm_medium=twitter,goo.gl,http://goo.gl/6soO8,,,NewYork,,,,,,,,,,,,,,,,,,,,,,,,,,,,,,,,,,,,,,,,,,,,,,,,,,,,,,,,,,,,,,,,,,,,,,,,,,,,,,,,,,,,,,,
3,web,Absorbingman,Absorbing Man ,2427921,http://a0.twimg.com/profile_images/865968821/image_normal.jpg,http://twitter.com/absorbingman,twitter,"Thu, 14 Feb 2013 15:48:22 +0000",@james Yah skrg gue gapunya uit ka-__- td udah dibeliin pelmen :p,30306247877,http://twitter.com/absorbingman/statuses/30306247877,41,id,100,,,,,,,30306247877,,,,,,,,,,,,,,,,,,,,,,,,,,,,,,,,,,,,,,,,,,James,3289526,35378861776,,,,,,,,,,,,,,,,,,"Thu, 14 Feb 2013 15:48:22 +0000",web,@james Yah skrg gue gapunya uit ka-__- td udah dibeliin pelmen :p,Absorbing Man ,http://absorbingman.com,,,674,102,212,Absorbingman,http://a0.twimg.com/profile_images/865968821/image_normal.jpg,en,Athens,7200,,2427921,2427921,,"Mon, 12 Mar 2012 18:21:49 +0000",male,3289526,james,,,,,,,,,,,,,,,,,,,,,,,,,,,,,,,,,,,,,,,,,,,,,,,,,,,,,,,,,,,,,,,,,,,,,,,,,,,,,,,,,,,,,,,,,,,,,,
3,Twitter for BlackBerry®,Bonnie,Bliss ,6330050,http://a0.twimg.com/profile_images/0/image_normal.jpg,http://twitter.com/bonnie,twitter,"Thu, 14 Feb 2013 15:48:22 +0000",@boone arsitek sibuk sih:( kgn dibully dan dipeluk ridha haha trus td aku lewatin sg loh:(,84042502683,http://twitter.com/bonnie/statuses/84042502683,40,ms,100,,,,,,,84042502683,,,,,,,,,,,,,,,,,,,,,,,,,,,,,,,,,,,,,,,,,,Boone,2544115,64130077348,,,,,,,,,,,,,,,,,,"Thu, 14 Feb 2013 15:48:22 +0000","<a href=""http://blackberry.com/twitter"" rel=""nofollow"">Twitter for BlackBerry®</a>",@boone arsitek sibuk sih:( kgn dibully dan dipeluk ridha haha trus td aku lewatin sg loh:(,Bliss ,http://bonnie.com,,Jakarta - Semarang,1112,266,158,Bonnie,http://a0.twimg.com/profile_images/0/image_normal.jpg,en,Jakarta,25200,,6330050,6330050,,"Mon, 08 Jun 2009 06:20:36 +0000",female,2544115,boone,,,,,,,,,,,,,,,,,,,,,,,,,,,,,,,,,,,,,,,,,,,,,,,,,,,,,,,,,,,,,,,,,,,,,,,,,,,,,,,,,,,,,,,,,,,,,,
3,Twitter for BlackBerry®,Brad,Carter ,6731396,http://a0.twimg.com/profile_images/297332921/image_normal.jpg,http://twitter.com/brad,twitter,"Thu, 14 Feb 2013 15:48:22 +0000","RT @LFC: LFC team v Zenit: Reina, Johnson, Enrique, Carragher, Skrtel, Allen, Henderson, Gerrard, Sterling, Downing, Suarez.",0,http://twitter.com/brad/statuses/0,,fr,62,,,,,,,0,"LFC team v Zenit: Reina, Johnson, Enrique, Carragher, Skrtel, Allen, Henderson, Gerrard, Sterling, Downing, Suarez.",302081861365137408,NICHOLAS OBADIAH,Not your Average kind of Dude! #TeamLFC #TeamEPL #TeamAries,Abuja Nigeria,6207,407,339,NICKCASH44,http://a0.twimg.com/profile_images/3128370780/ac0e7d5d72b75f91d6ca996ce145dd20_normal.jpeg,en,,,,91990182,91990182,,"Mon, 23 Nov 2009 11:17:07 +0000","<a href=""http://blackberry.com/twitter"" rel=""nofollow"">Twitter for BlackBerry®</a>",757,"Thu, 14 Feb 2013 15:48:22 +0000",,,302080839288750081,Liverpool FC ,http://www.liverpoolfc.com/,Official LFC account. Follow @OfficialLFC_ID @ThaiLFC @LFCANZ @LFCBrasil @LFCEspanol @LFC_Arabic @LFCIndia @LFCFrance @TurkeyLFC  @LFCBangladesh,21749,1511801,409073,LFC,http://a0.twimg.com/profile_images/1847862599/Grad_LFC_Crest_twitter_normal.jpg,en,,,11364,19583545,19583545,"Tue, 27 Jan 2009 09:05:21 +0000",web,"Thu, 14 Feb 2013 15:44:19 +0000",Dr.rory,7818900,16280077816,Reina,Person,Person,0,0,1,1,,Johnson,Person,Person,0,0,1,1,,0,,,,,,,,,,,,,,,,,,,,,male,,,,,,,,,,Enrique,Person,Person,0,0,1,1,Carragher,Person,Person,0,0,1,1,Skrtel,Person,Person,0,0,1,1,Allen,Person,Person,0,0,1,1,Henderson,Person,Person,0,0,1,1,Gerrard,Person,Person,0,0,1,1,Sterling,Person,Person,0,0,1,1,Downing,Person,Person,0,0,1,1,Suarez,Person,Person,0,0,1,1,"Anfield, Liverpool",true,true,,,,,,,,,,,,,,,,,,,,,
3,Mobile Web (M2),Danny,Callahan ,3194996,http://a0.twimg.com/profile_images/337028031/image_normal.jpg,http://twitter.com/danny,twitter,"Thu, 14 Feb 2013 15:48:21 +0000","He paused again for a moment, and turning to the Scottish knight.",41102357162,http://twitter.com/danny/statuses/41102357162,,en,100,,,,,,,41102357162,,,,,,,,,,,,,,,,,,,,,,,,,,,,,,,,,,,,,,,,,,Yvette,3001366,0,,,,,,,,,,,,,,,,,0,"Thu, 14 Feb 2013 15:48:21 +0000","<a href=""https://mobile.twitter.com"" rel=""nofollow"">Mobile Web (M2)</a>","He paused again for a moment, and turning to the Scottish knight.",Callahan ,http://danny.com,,,5,,,Danny,http://a0.twimg.com/profile_images/337028031/image_normal.jpg,en,,,,3194996,3194996,,"Mon, 12 Nov 2012 11:21:56 +0000",,,,,,,,,,,,,,,,,,,,,,,,,,,,,,,,,,,,,,,,,,,,,,,,,,,,,,,,,,,,,,,,,,,,,,,,,,,,,,,,,,,,,,,,,,,,,,,,,
3,web,Mrs.,Blanding ,4365905,http://a0.twimg.com/profile_images/925605154/image_normal.jpg,http://twitter.com/mrs.,twitter,"Thu, 14 Feb 2013 15:48:21 +0000","@halloway @ cehh , teah plak kena . walis yg dok buat gila2 dkt McD td . hahaha .",69089750829,http://twitter.com/mrs./statuses/69089750829,36,ms,100,,,,,,,69089750829,,,,,,,,,,,,,,,,,,,,,,,,,,,,,,,,,,,,,,,,,,Halloway,4373722,89366672956,,,,,,,,,,,,,,,,,,"Thu, 14 Feb 2013 15:48:21 +0000",web,"@halloway @ cehh , teah plak kena . walis yg dok buat gila2 dkt McD td . hahaha .",Blanding ,http://mrs..com,,Di sisi Ibu & Ayah,20939,436,234,Mrs.,http://a0.twimg.com/profile_images/925605154/image_normal.jpg,en,Alaska,-32400,,4365905,4365905,,"Thu, 17 Mar 2011 11:10:11 +0000",mostly_female,4373722,halloway,,,,,,,,,,,,,,,,,,,,,,,,,,,,,,,,,,,,,,,,,,,,,,,,,,,,,,,,,,,,,,,,,,,,,,,,,,,,,,,,,,,,,,,,,,,,,,
3,Mobile Web (M2),Abomination,Abomination ,3087434,http://a0.twimg.com/profile_images/636109405/image_normal.jpg,http://twitter.com/abomination,twitter,"Thu, 14 Feb 2013 15:48:21 +0000","Amizades vem e vao, acostume -se as pessoas um dia vao te abandonar e td vai pasar de uma lembranca boa",39079536707,http://twitter.com/abomination/statuses/39079536707,41,pt,100,,,,,,,39079536707,,,,,,,,,,,,,,,,,,,,,,,,,,,,,,,,,,,,,,,,,,Aryan,5339263,21445832774,,,,,,,,,,,,,,,,,0,"Thu, 14 Feb 2013 15:48:21 +0000","<a href=""https://mobile.twitter.com"" rel=""nofollow"">Mobile Web (M2)</a>","Amizades vem e vao, acostume -se as pessoas um dia vao te abandonar e td vai pasar de uma lembranca boa",Abomination ,http://abomination.com,,,12691,345,1197,Abomination,http://a0.twimg.com/profile_images/636109405/image_normal.jpg,en,Brasilia,-10800,20,3087434,3087434,true,"Sun, 28 Jun 2009 17:41:24 +0000",female,,,,,,,,,,,,,,,,,,,,,,,,,,,,,,,,,,,,,,,,,,,,,,,,,,,,,,,,,,,,,,,,,,,,,,,,,,,,,,,,,,,,,,,,,,,,,,,,
3,Twitter for BlackBerry®,Bambi,Arbogast ,2659485,http://a0.twimg.com/profile_images/680883466/image_normal.jpg,http://twitter.com/bambi,twitter,"Thu, 14 Feb 2013 15:48:21 +0000","Td pdhl gw lgi bwa duit bnyk. Knp nga minjem..""@bulletbiker: @ sama-sama Yull.. Hahanjeeeeer kepikiran banget. 400rb men.""",22518671490,http://twitter.com/bambi/statuses/22518671490,44,id,100,,,,,,,22518671490,,,,,,,,,,,,,,,,,,,,,,,,,,,,,,,,,,,,,,,,,,Bulletbiker,4214038,98724176757,,,,,,,,,,,,,,,,,,"Thu, 14 Feb 2013 15:48:21 +0000","<a href=""http://blackberry.com/twitter"" rel=""nofollow"">Twitter for BlackBerry®</a>","Td pdhl gw lgi bwa duit bnyk. Knp nga minjem..""@bulletbiker: @ sama-sama Yull.. Hahanjeeeeer kepikiran banget. 400rb men.""",Arbogast ,http://bambi.com,,,2023,156,217,Bambi,http://a0.twimg.com/profile_images/680883466/image_normal.jpg,en,Jakarta,25200,,2659485,2659485,,"Sat, 17 Sep 2011 19:40:15 +0000",female,4214038,bulletbiker,,,,,,,,,,,,,,,,,,,,,,,,,,,,,,,,,,,,,,,,,,,,,,,,,,,,,,,,,,,,,,,,,,,,,,,,,,,,,,,,,,,,,,,,,,,,,,
3,Twitter for BlackBerry®,Baker,Baker ,5906,http://a0.twimg.com/profile_images/710041301/image_normal.jpg,http://twitter.com/baker,twitter,"Thu, 14 Feb 2013 15:48:21 +0000",RT @ManU_FC: Manchester United on course to record their best ever financial results http://t.co/qVkIHEbS #ManchesterUnited,78106456506,http://twitter.com/baker/statuses/78106456506,45,en,100,200,"Thu, 14 Feb 2013 15:28:46 +0000",http://adf.ly/J6G8l,0,AdF.ly - shrink your URLs and get paid!,http://adf.ly/J6G8l,78106456506,Manchester United on course to record their best ever financial results http://t.co/qVkIHEbS #ManchesterUnited,302081856751427584,Aditya 'medi',♡Mancunian | the goodboy (y) ,Surakarta,4637,130,100,adidutomo,http://a0.twimg.com/profile_images/3225314387/7d90ad33837a74816aebbc8b130cf00f_normal.jpeg,en,,,,626591834,626591834,,"Wed, 04 Jul 2012 16:38:50 +0000","<a href=""http://blackberry.com/twitter"" rel=""nofollow"">Twitter for BlackBerry®</a>",32,"Thu, 14 Feb 2013 15:48:21 +0000",http://adf.ly/J6G8l,adf.ly,302076924690300929,Manchester United FC,http://www.manutd.com,"English football club and one of the most popular football clubs in the world. Note: This account is not official, For Business: FBTbusiness@gmail.com",11944,516141,3356,ManU_FC,http://a0.twimg.com/sticky/default_profile_images/default_profile_0_normal.png,en,Santiago,-14400,2203,80037636,80037636,"Mon, 05 Oct 2009 14:30:05 +0000","<a href=""http://twitterfeed.com"" rel=""nofollow"">twitterfeed</a>","Thu, 14 Feb 2013 15:28:45 +0000",Brutus,22247,17385251610,,,,,,,,,,,,,,,,,5,,,,,,,,,,,,,,,,,,,,,male,,,,,,,,,,,,,,,,,,,,,,,,,,,,,,,,,,,,,,,,,,,,,,,,,,,,,,,,,,,,,,,,,,,,,,,,,"Trafford, Greater Manchester",,,Birmingham,Brighton,Bristol,Cardiff,Edinburgh,Glasgow,Leeds,Leicester,Liverpool,Manchester,Newcastle,manchester united,twitter,ManchesterUnited,,,,,,,
3,Write Longer,Centarius,Centarius ,52857,http://a0.twimg.com/profile_images/976963864/image_normal.jpg,http://twitter.com/centarius,twitter,"Thu, 14 Feb 2013 15:48:21 +0000","dr td pagi belum ada bahas soal RT @phillipaso: Jadi yang ga mending nya apa? -_- wk""FLSimarmata: itusih (cont) http://t.co/L1T8wYya",49724960746,http://twitter.com/centarius/statuses/49724960746,36,ms,100,200,"Thu, 14 Feb 2013 15:48:22 +0000",http://writelonger.com/show/DyTFe,0,"dr td pagi belum ada bahas soal RT @ImamAbdiillah: Jadi yang ga mending nya apa? -_- wk""FLSimarmata: itusih (cont) http://wl.gs/DyTFe",http://www.writelonger.com/show/DyTFe,49724960746,,,,,,,,,,,,,,,,,,,,,,,,,,,,,,,,,,,,,,,,,,Phillipaso,9433351,60,,,,,,,,,,,,,,,,,,"Thu, 14 Feb 2013 15:48:21 +0000","<a href=""http://www.writelonger.com"" rel=""nofollow"">Write Longer</a>","dr td pagi belum ada bahas soal RT @phillipaso: Jadi yang ga mending nya apa? -_- wk""FLSimarmata: itusih (cont) http://t.co/L1T8wYya",Centarius ,http://centarius.com,,"Betlehem,petapahan Indonesia",3780,122,112,Centarius,http://a0.twimg.com/profile_images/976963864/image_normal.jpg,id,,,,52857,52857,true,"Tue, 20 Mar 2012 06:47:15 +0000",,9433351,phillipaso,http://wl.gs/DyTFe,,wl.gs,http://wl.gs/DyTFe,,,,,,,,,,,,,,,,,,,,,,,,,,,,,,,,,,,,,,,,,,,,,,,,,,,,,,,,,,,,,,,,,,,,,,,,,,,,,,,,,,,,,,,,,,
3,UberSocial for Android,Reverenddoc,Achebe ,4530376,http://a0.twimg.com/profile_images/860787741/image_normal.jpg,http://twitter.com/reverenddoc,twitter,"Thu, 14 Feb 2013 15:48:21 +0000","Liverpool's starting line-up: Reina, Johnson, Enrique, Carragher, Skrtel, Allen, Henderson, Gerrard, Sterling, Downing, Suarez.",59129051957,http://twitter.com/reverenddoc/statuses/59129051957,45,en,62,,,,,,,59129051957,,,,,,,,,,,,,,,,,,,,,,,,,,,,,,,,,,,,,,,,,,Bengal,5731879,31994223385,Liverpool,Place,Place,0,1,1,1,starting line,Reina,Person,Person,0,1,1,1,starting line,0,"Thu, 14 Feb 2013 15:48:21 +0000","<a href=""http://ubersocial.com"" rel=""nofollow"">UberSocial for Android</a>","Liverpool's starting line-up: Reina, Johnson, Enrique, Carragher, Skrtel, Allen, Henderson, Gerrard, Sterling, Downing, Suarez.",Achebe ,http://reverenddoc.com,,BALI - INDONESIA,5275,180,111,Reverenddoc,http://a0.twimg.com/profile_images/860787741/image_normal.jpg,id,Jakarta,25200,,4530376,4530376,true,"Mon, 09 Aug 2010 14:07:56 +0000",mostly_female,,,,,,,,,,Johnson,Person,Person,0,1,1,1,Enrique,Person,Person,0,1,1,1,Carragher,Person,Person,0,1,1,1,,,,,,,,,,,,,,,,,,,,,,,,,,,,,,,,,,,,,,,,,,,,,,,,,,,,,,,,,,,,starting line,starting line,starting line,,,,
3,Twitter for BlackBerry®,Joseph,Beckman ,8799946,http://a0.twimg.com/profile_images/354499445/image_normal.jpg,http://twitter.com/joseph,twitter,"Thu, 14 Feb 2013 15:48:21 +0000","Knp pak ? RT @berserkeriii: msh teringat kta td pagi ""kesalahan spt ini tdk bs ditoleransi dan sangat memalukan, malu saya jdi pembimbing",10372400004,http://twitter.com/joseph/statuses/10372400004,47,ms,100,,,,,,,10372400004,,,,,,,,,,,,,,,,,,,,,,,,,,,,,,,,,,,,,,,,,,Berserkeriii,8416272,53705307678,,,,,,,,,,,,,,,,,,"Thu, 14 Feb 2013 15:48:21 +0000","<a href=""http://blackberry.com/twitter"" rel=""nofollow"">Twitter for BlackBerry®</a>","Knp pak ? RT @berserkeriii: msh teringat kta td pagi ""kesalahan spt ini tdk bs ditoleransi dan sangat memalukan, malu saya jdi pembimbing",Beckman ,http://joseph.com,,Di mana bumi ku pijak,2916,229,149,Joseph,http://a0.twimg.com/profile_images/354499445/image_normal.jpg,en,Jakarta,25200,,8799946,8799946,true,"Fri, 28 Jan 2011 08:18:56 +0000",,8416272,berserkeriii,,,,,,,,,,,,,,,,,,,,,,,,,,,,,,,,,,,,,,,,,,,,,,,,,,,,,,,,,,,,,,,,,,,,,,,,,,,,,,,,,,,,,,,,,,,,,,
3,Tweet Button,T.barton,Burrthrop ,6728353,http://a0.twimg.com/profile_images/604835498/image_normal.jpg,http://twitter.com/t.barton,twitter,"Thu, 14 Feb 2013 15:48:20 +0000",MUSIC BANK ! Currently reading http://t.co/CQWW0x36,87317606736,http://twitter.com/t.barton/statuses/87317606736,49,en,61,200,"Thu, 14 Feb 2013 15:48:22 +0000",http://sistic.com.sg/cms/events?contentCode=jersey0213,0,,http://www.sistic.com.sg/cms/events/index.html?contentCode=jersey0213,87317606736,,,,,,,,,,,,,,,,,,,,,,,,,,,,,,,,,,,,,,,,,,Edward,5002742,16088499734,,,,,,,,,,,,,,,,,0,"Thu, 14 Feb 2013 15:48:20 +0000","<a href=""http://twitter.com/tweetbutton"" rel=""nofollow"">Tweet Button</a>",MUSIC BANK ! Currently reading http://t.co/CQWW0x36,Burrthrop ,http://t.barton.com,,"OSLO,Indonesia ♥ ",9659,393,875,T.barton,http://a0.twimg.com/profile_images/604835498/image_normal.jpg,en,Pacific Time (US & Canada),-28800,2,6728353,6728353,true,"Sun, 30 Aug 2009 14:18:12 +0000",,,,,,www.sistic.com.sg,http://www.sistic.com.sg/cms/events/index.html?contentCode=jersey0213,,,,,,,,,,,,,,,,,,,,,,,,,,,,,,,,,,,,,,,,,,,,,,,,,,,,,,,,,,,,,,,,,,,,,,,,,,,,,,,,,,,,,,,,,,
3,Twitter for BlackBerry®,Athena[greekgod],Athena [greek God] ,8642700,http://a0.twimg.com/profile_images/7736/image_normal.jpg,http://twitter.com/athena[greekgod],twitter,"Thu, 14 Feb 2013 15:48:21 +0000","@bloodstorm wkwkwk ok sipsip, td balay gk?",50318311224,http://twitter.com/athena[greekgod]/statuses/50318311224,49,,,,,,,,,50318311224,,,,,,,,,,,,,,,,,,,,,,,,,,,,,,,,,,,,,,,,,,Bloodstorm,3498326,0,,,,,,,,,,,,,,,,,4,"Thu, 14 Feb 2013 15:48:21 +0000","<a href=""http://blackberry.com/twitter"" rel=""nofollow"">Twitter for BlackBerry®</a>","@bloodstorm wkwkwk ok sipsip, td balay gk?",Athena [greek God] ,http://athena[greekgod].com,,Balay Merakyat,3504,131,121,Athena[greekgod],http://a0.twimg.com/profile_images/7736/image_normal.jpg,id,Bangkok,25200,,8642700,8642700,,"Sun, 13 Jan 2013 05:41:57 +0000",,3498326,bloodstorm,,,,,,,,,,,,,,,,,,,,,,,,,,,,,,,,,,,,,,,,,,,,,,,,,,,,,,,,,,,,,,,,,,,,,,,,,,,,,,,,,,,,,,,,,,,,,,
3,web,Blockbusterii,Blockbuster Ii ,63,http://a0.twimg.com/profile_images/116840836/image_normal.jpg,http://twitter.com/blockbusterii,twitter,"Thu, 14 Feb 2013 15:48:21 +0000","@broop adib , 17 ,slyang :)",26531369565,http://twitter.com/blockbusterii/statuses/26531369565,22,ms,100,,,,,,,26531369565,,,,,,,,,,,,,,,,,,,,,,,,,,,,,,,,,,,,,,,,,,Broop,5357225,75295141339,,,,,,,,,,,,,,,,,,"Thu, 14 Feb 2013 15:48:21 +0000",web,"@broop adib , 17 ,slyang :)",Blockbuster Ii ,http://blockbusterii.com,,,488,41,144,Blockbusterii,http://a0.twimg.com/profile_images/116840836/image_normal.jpg,en,Beijing,28800,,63,63,,"Thu, 06 Dec 2012 09:22:48 +0000",male,5357225,broop,,,,,,,,,,,,,,,,,,,,,,,,,,,,,,,,,,,,,,,,,,,,,,,,,,,,,,,,,,,,,,,,,,,,,,,,,,,,,,,,,,,,,,,,,,,,,,
3,Echofon,Aggamon,Aggamon ,9533598,http://a0.twimg.com/profile_images/415398812/image_normal.jpg,http://twitter.com/aggamon,twitter,"Thu, 14 Feb 2013 15:48:21 +0000","ih kok tau? Hah ye diam"" memperhatikan ye? :p wkwk RT @danie: Abg kenal eda tuh yg adknya @ yg naik ... http://t.co/Hd7ocOVT",96168571943,http://twitter.com/aggamon/statuses/96168571943,40,ms,100,200,"Thu, 14 Feb 2013 15:48:22 +0000",http://tmi.me/KuDZy,0,tmi.me - eda_oktavia: ih kok tau? Ha,http://tmi.me/KuDZy,96168571943,,,,,,,,,,,,,,,,,,,,,,,,,,,,,,,,,,,,,,,,,,Danie,5921,75678820605,,,,,,,,,,,,,,,,,,"Thu, 14 Feb 2013 15:48:21 +0000","<a href=""http://www.echofon.com/"" rel=""nofollow"">Echofon</a>","ih kok tau? Hah ye diam"" memperhatikan ye? :p wkwk RT @danie: Abg kenal eda tuh yg adknya @ yg naik ... http://t.co/Hd7ocOVT",Aggamon ,http://aggamon.com,,in the earth,19796,363,301,Aggamon,http://a0.twimg.com/profile_images/415398812/image_normal.jpg,id,Bangkok,25200,1,9533598,9533598,,"Sun, 15 Apr 2012 12:49:41 +0000",,5921,danie,,,tmi.me,http://tmi.me/KuDZy,,,,,,,,,,,,,,,,,,,,,,,,,,,,,,,,,,,,,,,,,,,,,,,,,,,,,,,,,,,,,,,,,,,,,,,,,,,,,,,,,,,,,,,,,,
3,TweetDeck,Clayton,Burr ,2429948,http://a0.twimg.com/profile_images/396072994/image_normal.jpg,http://twitter.com/clayton,twitter,"Thu, 14 Feb 2013 15:48:22 +0000",@bova nem sempre mas a resposta devia ser: os dois pq sao td uma merda,53491542511,http://twitter.com/clayton/statuses/53491542511,39,pt,100,,,,,,,53491542511,,,,,,,,,,,,,,,,,,,,,,,,,,,,,,,,,,,,,,,,,,Bova,5438283,64077512407,,,,,,,,,,,,,,,,,1,"Thu, 14 Feb 2013 15:48:22 +0000","<a href=""http://www.tweetdeck.com"" rel=""nofollow"">TweetDeck</a>",@bova nem sempre mas a resposta devia ser: os dois pq sao td uma merda,Burr ,http://clayton.com,,são paulo-sp,20063,155,428,Clayton,http://a0.twimg.com/profile_images/396072994/image_normal.jpg,en,Brasilia,-10800,,2429948,2429948,true,"Wed, 24 Jun 2009 21:59:30 +0000",male,5438283,bova,,,,,,,,,,,,,,,,,,,,,,,,,,,,,,,,,,,,,,,,,,,,,,,,,,,,,,,,,,,,,,,,,,,,,,,,,,,,,,,,,,,,,,,,,,,,,,
3,Twitter for Android,Princessa,Avatar Ii ,2215029,http://a0.twimg.com/profile_images/917933160/image_normal.jpg,http://twitter.com/princessa,twitter,"Thu, 14 Feb 2013 15:48:22 +0000",RT @xCutelikesteph: Die kkr sneeuw mag best wel weg,93,http://twitter.com/princessa/statuses/93,32,nl,62,,,,,,,93,Die kkr sneeuw mag best wel weg,302081859259609089,Directioner ∞,Dutch Directioner ♥ || insta; _cupxcake || iiLoveYouuKleinZussiiXXanne:*|| hazza♥.,iin anne der hartjj'♥,11957,209,208,kussSharonx,http://a0.twimg.com/profile_images/3248689564/debd00fd42637cceed1e9646abb8f78d_normal.jpeg,nl,Athens,7200,,570887238,570887238,,"Fri, 04 May 2012 12:50:23 +0000","<a href=""http://twitter.com/download/android"" rel=""nofollow"">Twitter for Android</a>",1,"Thu, 14 Feb 2013 15:48:22 +0000",,,302080557242781696,Stephanieee ♥,,"; Cabo / Braziliaans. ; loveyou x kelsey & laine. ; 010 allday. ; melissa ★",1932,68,92,xCutelikesteph,http://a0.twimg.com/profile_images/3247649991/43913edc70cf7dc2c346719c565cebd3_normal.jpeg,nl,Amsterdam,3600,,868117693,868117693,"Mon, 08 Oct 2012 14:46:49 +0000","<a href=""http://blackberry.com/twitter"" rel=""nofollow"">Twitter for BlackBerry®</a>","Thu, 14 Feb 2013 15:43:11 +0000",Araki[shi'ar],1053330,71315848804,,,,,,,,,,,,,,,,,,,,,,,,,,,,,,,,,,,,,,,,,,,,,,,,,,,,,,,,,,,,,,,,,,,,,,,,,,,,,,,,,,,,,,,,,,,,,,,,,,,,,,,,,,,,,,,010 allday.,,,,,,,,,,,,,,,,,,,,https://www.facebook.com/sharon.vanderlaars,,,
3,iOS,Bartos,Bartos ,4971532,http://a0.twimg.com/profile_images/269919303/image_normal.jpg,http://twitter.com/bartos,twitter,"Thu, 14 Feb 2013 15:48:19 +0000","Mps, Mussari indagato per ostacolo autorità vigilanza con Vigni e Baldassarri http://t.co/mqmwKWRa",69545194203,http://twitter.com/bartos/statuses/69545194203,49,it,100,200,"Thu, 14 Feb 2013 14:34:33 +0000",http://it.notizie.yahoo.com/mps-legali-mussari-non-mai-avuto-conti-allestero-142128296--sector.html,0,"Mps, legali: Mussari non ha mai avuto conti all'estero - Yahoo! Notizie Italia",http://it.notizie.yahoo.com/mps-legali-mussari-non-mai-avuto-conti-allestero-142128296--sector.html,69545194203,,,,,,,,,,,,,,,,,,,,,,,,,,,,,,,,,,,,,,,,,,Bishop,2093125,69571337592,,,,,,,,,,,,,,,,,,"Thu, 14 Feb 2013 15:48:19 +0000","<a href=""http://www.apple.com"" rel=""nofollow"">iOS</a>","Mps, Mussari indagato per ostacolo autorità vigilanza con Vigni e Baldassarri http://t.co/mqmwKWRa",Bartos ,http://bartos.com,,,1115,140,124,Bartos,http://a0.twimg.com/profile_images/269919303/image_normal.jpg,it,Amsterdam,3600,3,4971532,4971532,,"Thu, 10 Jan 2013 16:45:58 +0000",,,,,,it.notizie.yahoo.com,http://it.notizie.yahoo.com/mps-legali-mussari-non-mai-avuto-conti-allestero-142128296--sector.html,,,,,,,,,,,,,,,,,,,,,,,,,,,,,,,,,,,,,,,,,,,,,,,,,,,,,,,,,,,,,,,,,,,,,,,,,,,,,,,,,,,,,,,,,,
3,UberSocial© PRO,Basiliskii,Basilisk Ii ,8074377,http://a0.twimg.com/profile_images/146576/image_normal.jpg,http://twitter.com/basiliskii,twitter,"Thu, 14 Feb 2013 15:48:22 +0000",@georgesbatro ya estoy vestido como aventurera para la samba! Jajaja,40158507577,http://twitter.com/basiliskii/statuses/40158507577,41,es,100,,,,,,,40158507577,,,,,,,,,,,,,,,,,,,,,,,,,,,,,,,,,,,,,,,,,,Georgesbatro,5292839,59108698088,,,,,,,,,,,,,,,,,0,"Thu, 14 Feb 2013 15:48:22 +0000","<a href=""http://ubersocial.com"" rel=""nofollow"">UberSocial© PRO</a>",@georgesbatro ya estoy vestido como aventurera para la samba! Jajaja,Basilisk Ii ,http://basiliskii.com,,Neandertal,31846,573,516,Basiliskii,http://a0.twimg.com/profile_images/146576/image_normal.jpg,es,Mexico City,-21600,8,8074377,8074377,,"Thu, 24 Dec 2009 19:18:22 +0000",male,5292839,georgesbatro,,,,,,,,,,,,,,,,,,,,,,,,,,,,,,,,,,,,,,,,,,,,,,,,,,,,,,,,,,,,,,,,,,,,,,,,,,,,,,,,,,,,,,,,,,,,,,
3,Mobile Web (M2),Ba,Brothers Grimm Ii ,2568176,http://a0.twimg.com/profile_images/328649679/image_normal.jpg,http://twitter.com/ba,twitter,"Thu, 14 Feb 2013 15:48:22 +0000",RT @026Sherdil: Kkkr sneeuw al kkr 2 maanden kil tis al februari jonge,21965417289,http://twitter.com/ba/statuses/21965417289,41,nl,62,,,,,,,21965417289,Kkkr sneeuw al kkr 2 maanden kil tis al februari jonge,302081860710854656,k.vdw,   ¤  Biji Kurdistan,♥ @Gvanderwiel,26292,367,231,MAPIMAYO_,http://a0.twimg.com/profile_images/3198512795/9f35b27e90f74bf0c2f7e881503d150e_normal.jpeg,nl,Amsterdam,3600,1,228280668,228280668,true,"Sun, 19 Dec 2010 07:45:23 +0000","<a href=""https://mobile.twitter.com"" rel=""nofollow"">Mobile Web (M2)</a>",1,"Thu, 14 Feb 2013 15:48:22 +0000",,,302081715768262657,Sherdil,http://www.facebook.com/sherdil.husseiIn.3,Teamvieze | VIVA LA BARCA | TUPAC | @ArianaGrande,25322,191,119,026Sherdil,http://a0.twimg.com/profile_images/3136639377/bf31e64ddb8577888b679291a979d3cd_normal.jpeg,nl,Athens,7200,,410314990,410314990,"Fri, 11 Nov 2011 23:05:34 +0000","<a href=""http://twitter.com/download/android"" rel=""nofollow"">Twitter for Android</a>","Thu, 14 Feb 2013 15:47:48 +0000",Breegan,4470963,87257775268,,,,,,,,,,,,,,,,,,,,,,,,,,,,,,,,,,,,,,unisex,,,,,,,,,,,,,,,,,,,,,,,,,,,,,,,,,,,,,,,,,,,,,,,,,,,,,,,,,,,,,,,,,,,,,,,,,Immerloo ,true,,,,,,,,,,,,,,,,,,,,,,
3,web,Marcuslassite,Aries ,2680507,http://a0.twimg.com/profile_images/922938231/image_normal.jpg,http://twitter.com/marcuslassite,twitter,"Thu, 14 Feb 2013 15:48:22 +0000",zo irritand iemand die kkr laat reageert terwijl ik moet kijke hoelaat ik wat ga doen,15560284117,http://twitter.com/marcuslassite/statuses/15560284117,39,nl,100,,,,,,,15560284117,,,,,,,,,,,,,,,,,,,,,,,,,,,,,,,,,,,,,,,,,,Tantematt,8512936,86190241388,,,,,,,,,,,,,,,,,,"Thu, 14 Feb 2013 15:48:22 +0000",web,zo irritand iemand die kkr laat reageert terwijl ik moet kijke hoelaat ik wat ga doen,Aries ,http://marcuslassite.com,,072,13142,90,99,Marcuslassite,http://a0.twimg.com/profile_images/922938231/image_normal.jpg,nl,Amsterdam,3600,,2680507,2680507,,"Sat, 01 Jan 2011 20:20:36 +0000",female,,,,,,,,,,,,,,,,,,,,,,,,,,,,,,,,,,,,,,,,,,,,,,,,,,,,,,,,,,,,,,,,,,,,,,,,,,,,,,,,,,,,,,,,,,,,,,,,
3,Snaptwit,Shanazrayna,Chaliz ,9428576,http://a0.twimg.com/profile_images/3/image_normal.jpg,http://twitter.com/shanazrayna,twitter,"Thu, 14 Feb 2013 15:48:21 +0000",wung bank e wes bangkrut kok dandak nyarutan haha RT @dr: Go nyarutan we kurang RT paatick: stor (more) http://t.co/1PxsW9Gu,88143187202,http://twitter.com/shanazrayna/statuses/88143187202,27,id,100,200,"Thu, 14 Feb 2013 15:48:22 +0000",http://snaptwit.com/show/CBKX,0,wung bank e wes bangkrut kok dandak nyarutan haha RT @ADHIPAJANGAN: (cont) http://snpt.tk/CBKX,http://www.snaptwit.com/show/CBKX,88143187202,,,,,,,,,,,,,,,,,,,,,,,,,,,,,,,,,,,,,,,,,,Dr,2986371,82894325209,,,,,,,,,,,,,,,,,,"Thu, 14 Feb 2013 15:48:21 +0000","<a href=""http://www.snaptwit.com"" rel=""nofollow"">Snaptwit</a>",wung bank e wes bangkrut kok dandak nyarutan haha RT @dr: Go nyarutan we kurang RT paatick: stor (more) http://t.co/1PxsW9Gu,Chaliz ,http://shanazrayna.com,,Bantul --- (ngayogyokarto),12944,352,1450,Shanazrayna,http://a0.twimg.com/profile_images/3/image_normal.jpg,id,Jakarta,25200,,9428576,9428576,true,"Thu, 30 Dec 2010 16:14:24 +0000",,2986371,dr,http://snpt.tk/CBKX,,snpt.tk,http://snpt.tk/CBKX,,,,,,,,,,,,,,,,,,,,,,,,,,,,,,,,,,,,,,,,,,,,,,,,,,,,,,,,,,,,,,,,,,,,,,,,,,,,,,,,,,,,,,,,,,
3,Twidroyd for Android,Blackknightvdoppe,Black Knight V Doppe ,3544594,http://a0.twimg.com/profile_images/958489932/image_normal.jpg,http://twitter.com/blackknightvdoppe,twitter,"Thu, 14 Feb 2013 15:48:22 +0000","@sen. ooh gtu, mgkin si dian brubah fikiran..Td dia sms nnya brgkt, aku suruh hubungin kamu. Senin? Kalo bsok udh baikan jg masuk hehe",24167,http://twitter.com/blackknightvdoppe/statuses/24167,47,id,100,,,,,,,24167,,,,,,,,,,,,,,,,,,,,,,,,,,,,,,,,,,,,,,,,,,Sen.,2588696,175,,,,,,,,,,,,,,,,,,"Thu, 14 Feb 2013 15:48:22 +0000","<a href=""http://twidroyd.com"" rel=""nofollow"">Twidroyd for Android</a>","@sen. ooh gtu, mgkin si dian brubah fikiran..Td dia sms nnya brgkt, aku suruh hubungin kamu. Senin? Kalo bsok udh baikan jg masuk hehe",Black Knight V Doppe ,http://blackknightvdoppe.com,,"Ciledug, Tangerang",4288,285,271,Blackknightvdoppe,http://a0.twimg.com/profile_images/958489932/image_normal.jpg,en,Pacific Time (US & Canada),-28800,,3544594,3544594,true,"Fri, 24 Jul 2009 14:36:12 +0000",,2588696,sen.,,,,,,,,,,,,,,,,,,,,,,,,,,,,,,,,,,,,,,,,,,,,,,,,,,,,,,,,,,,,,,,,,,,,,,,,,,,,,,,,,,,,,,,,,,,,,,
3,Twitter for iPhone,Armaros,Armaros ,6267504,http://a0.twimg.com/profile_images/705604748/image_normal.jpg,http://twitter.com/armaros,twitter,"Thu, 14 Feb 2013 15:48:22 +0000","RT @ThaiLFC: 11 ตัวจริงวันนี้:  Reina, Johnson, Enrique, Carragher, Skrtel, Allen, Henderson, Gerrard, Sterling, Downing และSuarez #LFCThai",57024586689,http://twitter.com/armaros/statuses/57024586689,36,fr,40,,,,,,,57024586689,"11 ตัวจริงวันนี้:  Reina, Johnson, Enrique, Carragher, Skrtel, Allen, Henderson, Gerrard, Sterling, Downing และSuarez #LFCThai",302081861138657280,Poundps,"BM6/12 , Ac Ngoo49",,936,69,106,poundps,http://a0.twimg.com/profile_images/3192576527/ba3ac362bf5595d6dc5d26686ebb696f_normal.jpeg,en,Bangkok,25200,,373185534,373185534,,"Wed, 14 Sep 2011 04:14:26 +0000","<a href=""http://twitter.com/download/iphone"" rel=""nofollow"">Twitter for iPhone</a>",17,"Thu, 14 Feb 2013 15:48:22 +0000",,,302081228172034048,LFC Thailand,,ทวิตเตอร์ทางการของสโมสรลิเวอร์พูลสำหรับประเทศไทย ฟอลโลว์ @ThaiLFC เพื่อร่วมเป็นหนึ่งในครอบครัวสโมสรฟุตบอลที่ใหญ่ที่สุดในโลกด้วยกัน #LFCThai,2876,15743,14254,ThaiLFC,http://a0.twimg.com/profile_images/2764256774/88be5a456f8cdec9c7c20b18c9b9cbc0_normal.jpeg,en,Bangkok,25200,100,904718268,904718268,"Thu, 25 Oct 2012 21:40:42 +0000","<a href=""http://twitter.com/download/iphone"" rel=""nofollow"">Twitter for iPhone</a>","Thu, 14 Feb 2013 15:45:51 +0000",Atlasiii,5500089,74115455849,,,,,,,,,,,,,,,,,,,,,,,,,,,,,,,,,,,,,,,,,,,,,,,,,,,,,,,,,,,,,,,,,,,,,,,,,,,,,,,,,,,,,,,,,,,,,,,,,,,,,,,,,,,,,,,Bangkok,,true,,,,,,,,,,,,,,LFCThai,,,,,,,
3,dlvr.it,Prof.jo,Blue Bullet ,6574774,http://a0.twimg.com/profile_images/359488415/image_normal.jpg,http://twitter.com/prof.jo,twitter,"Thu, 14 Feb 2013 15:48:20 +0000","Bri Bagwell And The Banned: Thu, Feb 14 2013 8:00 PM Lucky Mule Saloon in Abilene Opening for Randy Houser.... http://t.co/o6DUQV5X #Abilene",91776960808,http://twitter.com/prof.jo/statuses/91776960808,12,en,62,200,"Thu, 14 Feb 2013 15:48:22 +0000",http://thingstodoinabilene-tx.com/details-E0-001-054118634-3/Bri_Bagwell_and_The_Banned_Abilene,0,"Bri Bagwell and The Banned | Abilene | Lucky Mule Saloon | on Feb 14, 2013 8:00 PM",http://www.thingstodoinabilene-tx.com/details-E0-001-054118634-3/Bri_Bagwell_and_The_Banned_Abilene/,91776960808,,,,,,,,,,,,,,,,,,,,,,,,,,,,,,,,,,,,,,,,,,Ginger,6562054,22428471664,,,,,,,,,,,,,,,,,0,"Thu, 14 Feb 2013 15:48:20 +0000","<a href=""http://dlvr.it"" rel=""nofollow"">dlvr.it</a>","Bri Bagwell And The Banned: Thu, Feb 14 2013 8:00 PM Lucky Mule Saloon in Abilene Opening for Randy Houser.... http://t.co/o6DUQV5X #Abilene",Blue Bullet ,http://prof.jo.com,,"Abilene, TX",783,28,23,Prof.jo,http://a0.twimg.com/profile_images/359488415/image_normal.jpg,en,,,,6574774,6574774,,"Fri, 21 Oct 2011 14:38:07 +0000",unisex,,,http://goo.gl/Fq05U,http://www.thingstodoinabilene-tx.com/details-E0-001-054118634-3/Bri_Bagwell_and_The_Banned_Abilene/?utm_source=dlvr.it&utm_medium=twitter,goo.gl,http://goo.gl/Fq05U,,,Abilene,,,,,,,,,,,,,,,,,,,,,,,,,,,,,,,,,,,,,,,,,,,,,,,,,,,,,,,,,,,,,,,,,,,,,,,,,,,,,,,,,,,,,,,
3,Twitter for Android,Kuroy,Black Mountain ,4303908,http://a0.twimg.com/profile_images/861462254/image_normal.jpg,http://twitter.com/kuroy,twitter,"Thu, 14 Feb 2013 15:48:22 +0000",RT @DBS_Ox: Go listen to that #Mr.UnderRated right now. @DBS_Ox OX SNAP - MR.UNDERRATED - http://t.co/CZNjn0H2,84525963757,http://twitter.com/kuroy/statuses/84525963757,25,en,100,200,"Thu, 14 Feb 2013 14:00:13 +0000",http://datpiff.com/mixtapes-detail.php?id=455175,0,Ox Snap - Mr.underrated Hosted by DJ Laz Vagez // Free Mixtape @ DatPiff.com,http://www.datpiff.com/mixtapes-detail.php?id=455175,84525963757,Go listen to that #Mr.UnderRated right now. @DBS_Ox OX SNAP - MR.UNDERRATED - http://t.co/CZNjn0H2,302081861168013312,DntGetClose,Follow @RpRondogg @Keelow_MMyg @TheReal_YH @DBS_Ox @TG_DGC @Dbs_DntGetClose @605_Southside @LexParma @Scotty_176 @OnTheNade,"Toronto, Ont",75,89,350,_DntGetCloseEnt,http://a0.twimg.com/profile_images/3241432524/6a6cbbcaf0c82f9e0b670557dfece72d_normal.jpeg,en,,,,1167336480,1167336480,,"Sun, 10 Feb 2013 23:52:13 +0000","<a href=""http://twitter.com/download/android"" rel=""nofollow"">Twitter for Android</a>",6,"Thu, 14 Feb 2013 15:48:22 +0000",http://www.datpiff.com/mixtapes-detail.php?id=455175,www.datpiff.com,302057685073936385,OX'snap ,,Ox'snap aka Mr.UnderRated. Mixtape droppin Feb 14.!!! You dnt like me or my circle no one said you had too.  #Rurrting  #DntGetClose,2462,708,804,DBS_Ox,http://a0.twimg.com/profile_images/3231057062/cb5a673c45cd70bb11f6cff9af8b181b_normal.jpeg,en,Arizona,-25200,,483247003,483247003,"Sat, 04 Feb 2012 20:06:17 +0000","<a href=""http://blackberry.com/twitter"" rel=""nofollow"">Twitter for BlackBerry®</a>","Thu, 14 Feb 2013 14:12:18 +0000",Charles,260919,89372313837,,,,,,,,,,,,,,,,,0,,,,,,,,,,,,,,,,,,,,,,,,,,,,,,,,,,,,,,,,,,,,,,,,,,,,,,,,,,,,,,,,,,,,,,,,,,,,,,,,,,,,,,,,,,,,,,Da Bricks. PARMA. The Crid.,,,,,,,,,,,,,,,,Mr,,,,,DBS_Ox,483247003,
3,Twitlicious ™,Cerebritealpha,Cerebrite Alpha ,5803569,http://a0.twimg.com/profile_images/223628421/image_normal.jpg,http://twitter.com/cerebritealpha,twitter,"Thu, 14 Feb 2013 15:48:22 +0000","oke RT @lord: Ah mou tau aja ""Vitaaaans: gimana caranya abg ?RT @lord: Asikin ajaa :p ""Vitaaaans: Mulai gak asik""""",16221678070,http://twitter.com/cerebritealpha/statuses/16221678070,,id,100,,,,,,,16221678070,,,,,,,,,,,,,,,,,,,,,,,,,,,,,,,,,,,,,,,,,,Lord,2790947,69395544030,,,,,,,,,,,,,,,,,,"Thu, 14 Feb 2013 15:48:22 +0000","<a href=""http://twitlicious.com"" rel=""nofollow"">Twitlicious ™</a>","oke RT @lord: Ah mou tau aja ""Vitaaaans: gimana caranya abg ?RT @lord: Asikin ajaa :p ""Vitaaaans: Mulai gak asik""""",Cerebrite Alpha ,http://cerebritealpha.com,,Medan-sumatera utara,1238,88,115,Cerebritealpha,http://a0.twimg.com/profile_images/223628421/image_normal.jpg,en,Bangkok,25200,,5803569,5803569,true,"Fri, 10 Feb 2012 02:45:01 +0000",female,2790947,lord,,,,,,,,,,,,,,,,,,,,,,,,,,,,,,,,,,,,,,,,,,,,,,,,,,,,,,,,,,,,,,,,,,,,,,,,,,,,,,,,,,,,,,,,,,,,,,
3,web,Ch'od,Ch'od ,22103,http://a0.twimg.com/profile_images/746079823/image_normal.jpg,http://twitter.com/ch'od,twitter,"Thu, 14 Feb 2013 15:48:22 +0000","@isobel silakan ulangi pembayaran kembali atau ngan tarsfer ke ke rek BCA Cab. Kuningan Jakarta ac. 2173019190 an. PT MNC Sky Vision, tks",30749486247,http://twitter.com/ch'od/statuses/30749486247,68,id,78,,,,,,,30749486247,,,,,,,,,,,,,,,,,,,,,,,,,,,,,,,,,,,,,,,,,,Isobel,6113720,92769955284,,,,,,,,,,,,,,,,,,"Thu, 14 Feb 2013 15:48:22 +0000",web,"@isobel silakan ulangi pembayaran kembali atau ngan tarsfer ke ke rek BCA Cab. Kuningan Jakarta ac. 2173019190 an. PT MNC Sky Vision, tks",Ch'od ,http://ch'od.com,,Indonesia,48555,19634,391,Ch'od,http://a0.twimg.com/profile_images/746079823/image_normal.jpg,en,Jakarta,25200,92,22103,22103,,"Thu, 28 Jan 2010 10:43:30 +0000",,6113720,isobel,,,,,,,,,,,,,,,,,,,,,,,,,,,,,,,,,,,,,,,,,,,,,,,,,,,,,,,,,,,,,,,,,,,,,,,,,,,,,,,,,,,,,,,,,,,,,,
3,Tweet Button,Captainamerica,Captain America ,9351332,http://a0.twimg.com/profile_images/348939950/image_normal.jpg,http://twitter.com/captainamerica,twitter,"Thu, 14 Feb 2013 15:48:22 +0000",Santander corta preço-alvo de Petrobras depois de conduzir teste de estresse http://t.co/9IXW52zZ via @jake,1,http://twitter.com/captainamerica/statuses/1,,pt,100,200,"Thu, 14 Feb 2013 11:46:31 +0000",http://infomoney.com.br/petrobras/noticia/2678827,0,Object moved,http://www.infomoney.com.br/petrobras/noticia/2678827,1,,,,,,,,,,,,,,,,,,,,,,,,,,,,,,,,,,,,,,,,,,Jake,0,44240927207,Petrobras,Place,Place,-2,0,1,1,estresse http,,,,,,,,,-3,"Thu, 14 Feb 2013 15:48:22 +0000","<a href=""http://twitter.com/tweetbutton"" rel=""nofollow"">Tweet Button</a>",Santander corta preço-alvo de Petrobras depois de conduzir teste de estresse http://t.co/9IXW52zZ via @jake,Captain America ,http://captainamerica.com,,Brazil,703,127,788,Captainamerica,http://a0.twimg.com/profile_images/348939950/image_normal.jpg,pt,Brasilia,-10800,,9351332,9351332,,"Tue, 14 Feb 2012 14:43:24 +0000",,0,jake,,,www.infomoney.com.br,http://www.infomoney.com.br/petrobras/noticia/2678827,,,,,,,,,,,,,,,,,,,,,,,,,,,,,,,,,,,,,,,,,,,,,,,,,,,,,,,,,,,,,,,,,,,,,,,,,,,,,,,,,,,,,,,,,,
3,Twitter for Android,Mordecaip.,Boggs ,5586744,http://a0.twimg.com/profile_images/599979437/image_normal.jpg,http://twitter.com/mordecaip.,twitter,"Thu, 14 Feb 2013 15:48:21 +0000",ptg td dah tidur kejap lg confirm lah tak boleh tidur,1821,http://twitter.com/mordecaip./statuses/1821,35,ms,100,,,,,,,1821,,,,,,,,,,,,,,,,,,,,,,,,,,,,,,,,,,,,,,,,,,Blockbuster,3388179,98030475713,,,,,,,,,,,,,,,,,,"Thu, 14 Feb 2013 15:48:21 +0000","<a href=""http://twitter.com/download/android"" rel=""nofollow"">Twitter for Android</a>",ptg td dah tidur kejap lg confirm lah tak boleh tidur,Boggs ,http://mordecaip..com,,,9978,283,252,Mordecaip.,http://a0.twimg.com/profile_images/599979437/image_normal.jpg,en,Beijing,28800,,5586744,5586744,true,"Tue, 19 Jul 2011 13:34:33 +0000",,,,,,,,,,,,,,,,,,,,,,,,,,,,,,,,,,,,,,,,,,,,,,,,,,,,,,,,,,,,,,,,,,,,,,,,,,,,,,,,,,,,,,,,,,,,,,,,,
3,Twitter for iPhone,Kanu,Chakara ,9049449,http://a0.twimg.com/profile_images/107091571/image_normal.jpg,http://twitter.com/kanu,twitter,"Thu, 14 Feb 2013 15:48:23 +0000","RT @NSFWilliam_: I call it the Andy Cohen effect, in which white people discover things we were doing or saying 20 years ago a… http://t ...",50716509670,http://twitter.com/kanu/statuses/50716509670,,en,100,200,"Thu, 14 Feb 2013 15:42:07 +0000",http://randumcharacter.tumblr.com/post/43079762973/i-call-it-the-andy-cohen-effect-in-which-white-people,0,"I call it the Andy Cohen effect, in which white people discover things we were doing or saying 20 years ago and present it to the world as brand new, given it’s new to them. - You Might Think I'm Crazy But I'm Serious",http://randumcharacter.tumblr.com/post/43079762973/i-call-it-the-andy-cohen-effect-in-which-white-people,50716509670,"I call it the Andy Cohen effect, in which white people discover things we were doing or saying 20 years ago a… http://t.co/GZAuDt5G",302081862417928193,Jaffe Joffer,KING JHEY #l4l #lambily #collegedegree #followback #scorpio and a reformed angry #dominican ,"Diamond mine, District One",151,51,88,KingJhusto,http://a0.twimg.com/profile_images/3252453875/751a0e9faf5891d43f15e063a6e918d8_normal.jpeg,en,,,,1176521185,1176521185,,"Wed, 13 Feb 2013 18:43:11 +0000","<a href=""http://twitter.com/download/iphone"" rel=""nofollow"">Twitter for iPhone</a>",1,"Thu, 14 Feb 2013 15:48:23 +0000",http://tmblr.co/ZxajIxe7mGGT,tmblr.co,302080279340797952,guillermo.,,I'm a rebel now; don't give a damn. ,145494,1773,582,NSFWilliam_,http://a0.twimg.com/profile_images/3204082725/04ad9c53067512813899f0d68b7255e8_normal.jpeg,en,Eastern Time (US & Canada),-18000,52,36164207,36164207,"Tue, 28 Apr 2009 19:57:39 +0000","<a href=""http://www.tumblr.com/"" rel=""nofollow"">Tumblr</a>","Thu, 14 Feb 2013 15:42:05 +0000",Jessebla,1375509,22203939338,,,,,,,,,,,,,,,,,2,,,,,,,,,,,,,,,,,,,,,,,,http://tmblr.co/ZxajIxe7mGGT,http://www.tumblr.com/ZxajIxe7mGGT,,,,,,,,,,,,,,,,,,,,,,,,,,,,,,,,,,,,,,,,,,,,,,,,,,,,,,,,,,,,,,,,,,,,,"Baltimore, MD",,,,,,,,,,,,,,,,,,,,,,,
3,twitterfeed,Dr.fredric,Animator ,5,http://a0.twimg.com/profile_images/2/image_normal.jpg,http://twitter.com/dr.fredric,twitter,"Thu, 14 Feb 2013 15:48:18 +0000",Dueness resignation solutions-financial offices inasmuch as the white-bearded ragtag and bobtail: .exs http://t.co/QIOYVcHs,30268381326,http://twitter.com/dr.fredric/statuses/30268381326,39,en,100,200,"Thu, 14 Feb 2013 15:48:23 +0000",http://web-promotions.tk/page-8479/695231,0,Equity Release Solutions-Financial Help For the Aged People,http://web-promotions.tk/page-8479/695231,30268381326,,,,,,,,,,,,,,,,,,,,,,,,,,,,,,,,,,,,,,,,,,Tantematt,4,44855191837,,,,,,,,,,,,,,,,,-2,"Thu, 14 Feb 2013 15:48:18 +0000","<a href=""http://twitterfeed.com"" rel=""nofollow"">twitterfeed</a>",Dueness resignation solutions-financial offices inasmuch as the white-bearded ragtag and bobtail: .exs http://t.co/QIOYVcHs,Animator ,http://dr.fredric.com,,,16555,230,44,Dr.fredric,http://a0.twimg.com/profile_images/2/image_normal.jpg,ru,,,,5,5,,"Thu, 29 Nov 2012 16:37:48 +0000",male,,,http://bit.ly/UiZkoE,http://web-promotions.tk/page-8479/695231?utm_source=twitterfeed&utm_medium=twitter,bit.ly,http://bit.ly/UiZkoE,,,,,,,,,,,,,,,,,,,,,,,,,,,,,,,,,,,,,,,,,,,,,,,,,,,,,,,,,,,,,,,,,,,,,,,,,,,,,,,,,,,,,,,,,,
3,TweetDeck,Lt.paul,Carson ,202036,http://a0.twimg.com/profile_images/528092171/image_normal.jpg,http://twitter.com/lt.paul,twitter,"Thu, 14 Feb 2013 15:48:22 +0000",That's Blackrocking. Vanguard alum Ian MacKinnon has joined a Blackrock fund board. http://t.co/e1Wci3oQ,18308196216,http://twitter.com/lt.paul/statuses/18308196216,,en,100,200,"Thu, 14 Feb 2013 15:48:23 +0000",http://quote.morningstar.com/fund-filing/SAI/2013/1/28/t.aspx?t=BROAX&ft=497&d=030ad10840d2f0e04ea523f3c3f50e12,0,BROAX: BlackRock Global Opportunities Inv A Fund SAI 497 Filling,http://quote.morningstar.com/fund-filing/SAI/2013/1/28/t.aspx?t=BROAX&ft=497&d=030ad10840d2f0e04ea523f3c3f50e12,18308196216,,,,,,,,,,,,,,,,,,,,,,,,,,,,,,,,,,,,,,,,,,Apostate,5097320,48845585994,Ian MacKinnon,Person,Person,0,1,1,1,fund board,,,,,,,,,0,"Thu, 14 Feb 2013 15:48:22 +0000","<a href=""http://www.tweetdeck.com"" rel=""nofollow"">TweetDeck</a>",That's Blackrocking. Vanguard alum Ian MacKinnon has joined a Blackrock fund board. http://t.co/e1Wci3oQ,Carson ,http://lt.paul.com,,Chicago,2189,970,192,Lt.paul,http://a0.twimg.com/profile_images/528092171/image_normal.jpg,en,Central Time (US & Canada),-21600,35,202036,202036,,"Fri, 25 Feb 2011 16:23:33 +0000",male,,,,,quote.morningstar.com,http://quote.morningstar.com/fund-filing/SAI/2013/1/28/t.aspx?t=BROAX&ft=497&d=030ad10840d2f0e04ea523f3c3f50e12,,,,,,,,,,,,,,,,,,,,,,,,,,,,,,,,,,,,,,,,,,,,,,,,,,,,,,,,,,,,,,,,,,,,,,,,,,,,,,,,,,,,,,,,,,
3,Mobile Web (M2),Abraxas,Abraxas ,7421381,http://a0.twimg.com/profile_images/583910604/image_normal.jpg,http://twitter.com/abraxas,twitter,"Thu, 14 Feb 2013 15:48:19 +0000","http://t.co/Q4rlG0Qc
  erection with cialis if  your experience with cialis - purchase cialis  online mastercard priority mail Florida",66273145214,http://twitter.com/abraxas/statuses/66273145214,,en,100,200,"Thu, 14 Feb 2013 15:48:23 +0000",http://imersaolatina.ning.com/forum/topics/buy-cialis-online-order-cialis-internet-cheap-cialis-no,0,Buy Cialis online - Order Cialis internet - Cheap Cialis no prescription - Instituto Imersão Latina - IMEL,http://imersaolatina.ning.com/forum/topics/buy-cialis-online-order-cialis-internet-cheap-cialis-no,66273145214,,,,,,,,,,,,,,,,,,,,,,,,,,,,,,,,,,,,,,,,,,Anteus,9820511,14188341377,,,,,,,,,,,,,,,,,0,"Thu, 14 Feb 2013 15:48:19 +0000","<a href=""https://mobile.twitter.com"" rel=""nofollow"">Mobile Web (M2)</a>","http://t.co/Q4rlG0Qc
  erection with cialis if  your experience with cialis - purchase cialis  online mastercard priority mail Florida",Abraxas ,http://abraxas.com,,,364,,,Abraxas,http://a0.twimg.com/profile_images/583910604/image_normal.jpg,en,,,,7421381,7421381,,"Wed, 12 Dec 2012 17:51:44 +0000",,,,,,imersaolatina.ning.com,http://imersaolatina.ning.com/forum/topics/buy-cialis-online-order-cialis-internet-cheap-cialis-no,,,,,,,,,,,,,,,,,,,,,,,,,,,,,,,,,,,,,,,,,,,,,,,,,,,,,,,,,,,,,,,,,,,,,,Winnipeg,Ottawa,Quebec,Montreal,Toronto,Edmonton,Calgary,Vancouver,,,,florida,twitter,,,,,,,,
3,Twitter for BlackBerry®,Brotheraxe,Brother Axe ,3267592,http://a0.twimg.com/profile_images/168510462/image_normal.jpg,http://twitter.com/brotheraxe,twitter,"Thu, 14 Feb 2013 15:48:23 +0000","RT @LFC: LFC team v Zenit: Reina, Johnson, Enrique, Carragher, Skrtel, Allen, Henderson, Gerrard, Sterling, Downing, Suarez.",25063791545,http://twitter.com/brotheraxe/statuses/25063791545,37,fr,62,,,,,,,25063791545,"LFC team v Zenit: Reina, Johnson, Enrique, Carragher, Skrtel, Allen, Henderson, Gerrard, Sterling, Downing, Suarez.",302081863273558018,Jered,18. I live for football but God comes first. Liverpool will forever rule my heart. #Coleworld #YNWA ,,21776,142,118,JeredHarris8,http://a0.twimg.com/profile_images/3023574053/58839fb35fb55899b50659cd9d45e94c_normal.jpeg,en,Quito,-18000,,270668017,270668017,true,"Wed, 23 Mar 2011 01:32:12 +0000","<a href=""http://blackberry.com/twitter"" rel=""nofollow"">Twitter for BlackBerry®</a>",758,"Thu, 14 Feb 2013 15:48:23 +0000",,,302080839288750081,Liverpool FC ,http://www.liverpoolfc.com/,Official LFC account. Follow @OfficialLFC_ID @ThaiLFC @LFCANZ @LFCBrasil @LFCEspanol @LFC_Arabic @LFCIndia @LFCFrance @TurkeyLFC  @LFCBangladesh,21749,1511801,409073,LFC,http://a0.twimg.com/profile_images/1847862599/Grad_LFC_Crest_twitter_normal.jpg,en,,,11364,19583545,19583545,"Tue, 27 Jan 2009 09:05:21 +0000",web,"Thu, 14 Feb 2013 15:44:19 +0000",Sharonsmith,7642187,18820261117,Reina,Person,Person,0,0,1,1,,Johnson,Person,Person,0,0,1,1,,0,,,,,,,,,,,,,,,,,,,,,male,,,,,,,,,,Enrique,Person,Person,0,0,1,1,Carragher,Person,Person,0,0,1,1,Skrtel,Person,Person,0,0,1,1,Allen,Person,Person,0,0,1,1,Henderson,Person,Person,0,0,1,1,Gerrard,Person,Person,0,0,1,1,Sterling,Person,Person,0,0,1,1,Downing,Person,Person,0,0,1,1,Suarez,Person,Person,0,0,1,1,"Anfield, Liverpool",true,true,,,,,,,,,,,,,,,,,,,,,
3,Twitter for iPhone,Itzhak,Berditchev ,2595670,http://a0.twimg.com/profile_images/277594327/image_normal.jpg,http://twitter.com/itzhak,twitter,"Thu, 14 Feb 2013 15:48:23 +0000","@brainstorm Martin, Chase, Belushi",41343491361,http://twitter.com/itzhak/statuses/41343491361,22,sw,60,,,,,,,41343491361,,,,,,,,,,,,,,,,,,,,,,,,,,,,,,,,,,,,,,,,,,Brainstorm,9937769,28341664490,,,,,,,,,,,,,,,,,,"Thu, 14 Feb 2013 15:48:23 +0000","<a href=""http://twitter.com/download/iphone"" rel=""nofollow"">Twitter for iPhone</a>","@brainstorm Martin, Chase, Belushi",Berditchev ,http://itzhak.com,,Utah,598,38,108,Itzhak,http://a0.twimg.com/profile_images/277594327/image_normal.jpg,en,,,,2595670,2595670,,"Sun, 02 Aug 2009 18:57:18 +0000",male,9937769,brainstorm,,,,,,,,,,,,,,,,,,,,,,,,,,,,,,,,,,,,,,,,,,,,,,,,,,,,,,,,,,,,,,,,,,,,,,,,,,,,,,,,,,,,,,,,,,,,,,
3,web,Dominicpe,Avalanche ,7663671,http://a0.twimg.com/profile_images/754587051/image_normal.jpg,http://twitter.com/dominicpe,twitter,"Thu, 14 Feb 2013 15:48:21 +0000",New report takes Latino perspective and experience into account when looking at financial aid redesign and delivery http://t.co/HQsGWhPT,41375847277,http://twitter.com/dominicpe/statuses/41375847277,34,en,100,200,"Thu, 14 Feb 2013 15:48:23 +0000",http://www.edexcelencia.org/sites/default/files/latinolens_excelenciawhitepaperfeb2013.pdf,0,,http://www.edexcelencia.org/sites/default/files/latinolens_excelenciawhitepaperfeb2013.pdf,41375847277,,,,,,,,,,,,,,,,,,,,,,,,,,,,,,,,,,,,,,,,,,Tim,51,1159707,,,,,,,,,,,,,,,,,3,"Thu, 14 Feb 2013 15:48:21 +0000",web,New report takes Latino perspective and experience into account when looking at financial aid redesign and delivery http://t.co/HQsGWhPT,Avalanche ,http://dominicpe.com,,Florida,610,295,810,Dominicpe,http://a0.twimg.com/profile_images/754587051/image_normal.jpg,en,Eastern Time (US & Canada),-18000,8,7663671,7663671,,"Wed, 24 Aug 2011 14:04:43 +0000",unisex,,,,,www.edexcelencia.org,http://www.edexcelencia.org/sites/default/files/latinolens_excelenciawhitepaperfeb2013.pdf,,,,,,,,,,,,,,,,,,,,,,,,,,,,,,,,,,,,,,,,,,,,,,,,,,,,,,,,,,,,,,,,,,,,,,,,,,,,,,,,,,,,,,,,,,
3,Twitter for BlackBerry®,Carthus,Carthus ,3593936,http://a0.twimg.com/profile_images/7222832/image_normal.jpg,http://twitter.com/carthus,twitter,"Thu, 14 Feb 2013 15:48:23 +0000","Selamet ya ditunggu undanganya *cieee ""@alisandes: selamat ya kgr td menang makan2 atuh.. RT @: Tft kosgoro""",63213660079,http://twitter.com/carthus/statuses/63213660079,39,id,100,,,,,,,63213660079,,,,,,,,,,,,,,,,,,,,,,,,,,,,,,,,,,,,,,,,,,Alisandes,8975439,49043885711,,,,,,,,,,,,,,,,,,"Thu, 14 Feb 2013 15:48:23 +0000","<a href=""http://blackberry.com/twitter"" rel=""nofollow"">Twitter for BlackBerry®</a>","Selamet ya ditunggu undanganya *cieee ""@alisandes: selamat ya kgr td menang makan2 atuh.. RT @: Tft kosgoro""",Carthus ,http://carthus.com,,BOGOR,15888,442,349,Carthus,http://a0.twimg.com/profile_images/7222832/image_normal.jpg,id,Pacific Time (US & Canada),-28800,,3593936,3593936,true,"Wed, 25 May 2011 07:48:57 +0000",,8975439,alisandes,,,,,,,,,,,,,,,,,,,,,,,,,,,,,,,,,,,,,,,,,,,,,,,,,,,,,,,,,,,,,,,,,,,,,,,,,,,,,,,,,,,,,,,,,,,,,,
3,Twitter for BlackBerry®,Celeste,Celeste ,3271288,http://a0.twimg.com/profile_images/646900329/image_normal.jpg,http://twitter.com/celeste,twitter,"Thu, 14 Feb 2013 15:48:23 +0000","Udah,itu jak. Jgn nd y cit,alhamdulillah ""@broker: Oklah .. Itu jak k yg di pesan ? Mau ap agik ? RT @: Belikan cit :( samsung",41606993158,http://twitter.com/celeste/statuses/41606993158,44,ms,100,,,,,,,41606993158,,,,,,,,,,,,,,,,,,,,,,,,,,,,,,,,,,,,,,,,,,Broker,1470169,21054206835,,,,,,,,,,,,,,,,,,"Thu, 14 Feb 2013 15:48:23 +0000","<a href=""http://blackberry.com/twitter"" rel=""nofollow"">Twitter for BlackBerry®</a>","Udah,itu jak. Jgn nd y cit,alhamdulillah ""@broker: Oklah .. Itu jak k yg di pesan ? Mau ap agik ? RT @: Belikan cit :( samsung",Celeste ,http://celeste.com,,,11024,244,245,Celeste,http://a0.twimg.com/profile_images/646900329/image_normal.jpg,en,Pacific Time (US & Canada),-28800,,3271288,3271288,true,"Tue, 02 Nov 2010 12:36:51 +0000",,1470169,broker,,,,,,,,,,,,,,,,,,,,,,,,,,,,,,,,,,,,,,,,,,,,,,,,,,,,,,,,,,,,,,,,,,,,,,,,,,,,,,,,,,,,,,,,,,,,,,
3,Twitter for BlackBerry®,Rosa,Cassada ,8053648,http://a0.twimg.com/profile_images/407172209/image_normal.jpg,http://twitter.com/rosa,twitter,"Thu, 14 Feb 2013 15:48:23 +0000","Mwaaah ;* ;* @madelynema: butuh perjuangan td untuk membeli sesuatu...sampai kehabisan bensin td..nuntun dech :D yg penting dia seneng""",994046595,http://twitter.com/rosa/statuses/994046595,50,id,74,,,,,,,994046595,,,,,,,,,,,,,,,,,,,,,,,,,,,,,,,,,,,,,,,,,,Madelynema,9894418,62226409278,,,,,,,,,,,,,,,,,,"Thu, 14 Feb 2013 15:48:23 +0000","<a href=""http://blackberry.com/twitter"" rel=""nofollow"">Twitter for BlackBerry®</a>","Mwaaah ;* ;* @madelynema: butuh perjuangan td untuk membeli sesuatu...sampai kehabisan bensin td..nuntun dech :D yg penting dia seneng""",Cassada ,http://rosa.com,,,6620,381,252,Rosa,http://a0.twimg.com/profile_images/407172209/image_normal.jpg,en,,,2,8053648,8053648,true,"Wed, 09 Nov 2011 14:03:23 +0000",,9894418,madelynema,,,,,,,,,,,,,,,,,,,,,,,,,,,,,,,,,,,,,,,,,,,,,,,,,,,,,,,,,,,,,,,,,,,,,,,,,,,,,,,,,,,,,,,,,,,,,,
3,web,Atlasiii,Atlas Iii ,5735868,http://a0.twimg.com/profile_images/172004128/image_normal.jpg,http://twitter.com/atlasiii,twitter,"Thu, 14 Feb 2013 15:48:23 +0000",Oscar http://t.co/Rj1yOZ8h Can anyone help me discover this kind of?,73317678412,http://twitter.com/atlasiii/statuses/73317678412,,en,100,200,"Thu, 14 Feb 2013 02:44:37 +0000",http://reuters.com/article/2013/02/14/korea-north-obama-abe-idUSL1N0BE0IR20130214,0,Obama speaks to Japan's Abe about North Korea's nuclear test| Reuters,http://www.reuters.com/article/2013/02/14/korea-north-obama-abe-idUSL1N0BE0IR20130214,73317678412,,,,,,,,,,,,,,,,,,,,,,,,,,,,,,,,,,,,,,,,,,Barnacle,6303920,64005670510,,,,,,,,,,,,,,,,,3,"Thu, 14 Feb 2013 15:48:23 +0000",web,Oscar http://t.co/Rj1yOZ8h Can anyone help me discover this kind of?,Atlas Iii ,http://atlasiii.com,,,35,,,Atlasiii,http://a0.twimg.com/profile_images/172004128/image_normal.jpg,en,,,,5735868,5735868,,"Thu, 14 Feb 2013 15:34:32 +0000",mostly_female,,,http://bit.ly/VcyQqw,http://asbestos12.tk/fudge.php,bit.ly,http://bit.ly/VcyQqw,,,,,,,,,,,,,,,,,,,,,,,,,,,,,,,,,,,,,,,,,,,,,,,,,,,,,,,,,,,,,,,,,,,,,,,,,,,,,,,,,,,,,,,,,,http://reut.rs/YYx61v

