interaction/schema/version,interaction/source,interaction/author/username,interaction/author/name,interaction/author/id,interaction/author/avatar,interaction/author/link,interaction/type,interaction/created_at,interaction/content,interaction/id,interaction/link,klout/score,language/tag,language/confidence,links/code/0,links/created_at/0,links/hops/0/0,links/normalized_url/0,links/retweet_count/0,links/title/0,links/url/0,twitter/created_at,twitter/domains/0,twitter/id,twitter/links/0,twitter/mention_ids/0,twitter/mentions/0,twitter/source,twitter/text,twitter/user/name,twitter/user/description,twitter/user/location,twitter/user/statuses_count,twitter/user/followers_count,twitter/user/friends_count,twitter/user/screen_name,twitter/user/profile_image_url,twitter/user/lang,twitter/user/id,twitter/user/id_str,twitter/user/created_at,twitter/user/url,twitter/in_reply_to_screen_name,twitter/in_reply_to_user_id,twitter/in_reply_to_status_id,salience/content/entities/0/name,salience/content/entities/0/type,salience/content/entities/0/label,salience/content/entities/0/sentiment,salience/content/entities/0/evidence,salience/content/entities/0/confident,salience/content/entities/0/about,salience/content/sentiment,twitter/user/time_zone,twitter/user/utc_offset,demographic/gender,twitter/user/listed_count,twitter/user/geo_enabled,salience/content/entities/0/themes/0,salience/content/entities/1/name,salience/content/entities/1/type,salience/content/entities/1/label,salience/content/entities/1/sentiment,salience/content/entities/1/evidence,salience/content/entities/1/confident,salience/content/entities/1/about,salience/content/entities/1/themes/0,salience/content/entities/2/name,salience/content/entities/2/type,salience/content/entities/2/label,salience/content/entities/2/sentiment,salience/content/entities/2/evidence,salience/content/entities/2/confident,salience/content/entities/2/about,salience/content/entities/2/themes/0,salience/content/entities/3/name,salience/content/entities/3/type,salience/content/entities/3/label,salience/content/entities/3/sentiment,salience/content/entities/3/evidence,salience/content/entities/3/confident,salience/content/entities/3/about,salience/content/entities/3/themes/0,twitter/retweet/text,twitter/retweet/id,twitter/retweet/user/name,twitter/retweet/user/url,twitter/retweet/user/description,twitter/retweet/user/location,twitter/retweet/user/statuses_count,twitter/retweet/user/followers_count,twitter/retweet/user/friends_count,twitter/retweet/user/screen_name,twitter/retweet/user/profile_image_url,twitter/retweet/user/lang,twitter/retweet/user/time_zone,twitter/retweet/user/utc_offset,twitter/retweet/user/listed_count,twitter/retweet/user/id,twitter/retweet/user/id_str,twitter/retweet/user/geo_enabled,twitter/retweet/user/created_at,twitter/retweet/source,twitter/retweet/count,twitter/retweet/created_at,twitter/retweet/hashtags/0,twitter/retweeted/id,twitter/retweeted/user/name,twitter/retweeted/user/url,twitter/retweeted/user/description,twitter/retweeted/user/location,twitter/retweeted/user/statuses_count,twitter/retweeted/user/followers_count,twitter/retweeted/user/friends_count,twitter/retweeted/user/screen_name,twitter/retweeted/user/profile_image_url,twitter/retweeted/user/lang,twitter/retweeted/user/time_zone,twitter/retweeted/user/utc_offset,twitter/retweeted/user/listed_count,twitter/retweeted/user/id,twitter/retweeted/user/id_str,twitter/retweeted/user/geo_enabled,twitter/retweeted/user/created_at,twitter/retweeted/source,twitter/retweeted/created_at,twitter/hashtags/0,salience/content/entities/4/name,salience/content/entities/4/type,salience/content/entities/4/label,salience/content/entities/4/sentiment,salience/content/entities/4/evidence,salience/content/entities/4/confident,salience/content/entities/4/about,salience/content/entities/5/name,salience/content/entities/5/type,salience/content/entities/5/label,salience/content/entities/5/sentiment,salience/content/entities/5/evidence,salience/content/entities/5/confident,salience/content/entities/5/about,salience/content/entities/6/name,salience/content/entities/6/type,salience/content/entities/6/label,salience/content/entities/6/sentiment,salience/content/entities/6/evidence,salience/content/entities/6/confident,salience/content/entities/6/about,salience/content/entities/7/name,salience/content/entities/7/type,salience/content/entities/7/label,salience/content/entities/7/sentiment,salience/content/entities/7/evidence,salience/content/entities/7/confident,salience/content/entities/7/about,salience/content/entities/8/name,salience/content/entities/8/type,salience/content/entities/8/label,salience/content/entities/8/sentiment,salience/content/entities/8/evidence,salience/content/entities/8/confident,salience/content/entities/8/about,salience/content/entities/9/name,salience/content/entities/9/type,salience/content/entities/9/label,salience/content/entities/9/sentiment,salience/content/entities/9/evidence,salience/content/entities/9/confident,salience/content/entities/9/about,salience/content/entities/10/name,salience/content/entities/10/type,salience/content/entities/10/label,salience/content/entities/10/sentiment,salience/content/entities/10/evidence,salience/content/entities/10/confident,salience/content/entities/10/about,facebook/application,facebook/author/name,facebook/author/id,facebook/author/link,facebook/author/avatar,facebook/id,facebook/message,facebook/source,facebook/type,twitter/retweet/mentions/0,twitter/retweet/mention_ids/0,interaction/geo/latitude,interaction/geo/longitude,twitter/geo/latitude,twitter/geo/longitude,twitter/place/id,twitter/place/url,twitter/place/place_type,twitter/place/country,twitter/place/country_code,twitter/place/full_name,twitter/place/name,twitter/retweeted/user/verified,salience/content/entities/0/themes/1,salience/content/entities/0/themes/2,salience/content/entities/0/themes/3,twitter/hashtags/1,twitter/hashtags/2,facebook/likes/count,facebook/likes/names/0,facebook/likes/ids/0,salience/content/entities/4/themes/0,salience/content/entities/5/themes/0,salience/content/entities/6/themes/0,salience/content/entities/7/themes/0,salience/content/entities/8/themes/0,salience/content/entities/9/themes/0,salience/content/entities/10/themes/0,twitter/retweet/links/0,twitter/retweet/domains/0,interaction/title,interaction/contenttype,salience/title/sentiment,youtube/created_at,youtube/id,youtube/author/name,youtube/author/link,youtube/content,youtube/title,youtube/contenttype,youtube/type,youtube/videolink,youtube/duration,youtube/category,twitter/retweet/hashtags/1,twitter/retweet/hashtags/2,twitter/retweet/hashtags/3,links/hops/0/1
3,Write Longer,Ancestor,Ancestor ,3294743,http://a0.twimg.com/profile_images/279760520/image_normal.jpg,http://twitter.com/ancestor,twitter,"Thu, 14 Feb 2013 15:48:27 +0000","Iya..km dmn? RT @henriquem: Td sore km dr situ ya mas,,,☺""AndiGigiShop: Yuk ah,tp jgn d pantaikartini ya (cont) http://t.co/SR4q33ea",1,http://twitter.com/ancestor/statuses/1,35,sw,62,200,"Thu, 14 Feb 2013 15:48:28 +0000",http://wl.gs/UyTFe,http://writelonger.com/show/UyTFe,0,"Iya..km dmn? RT @ceqospin_10: Td sore km dr situ ya mas,,,☺""AndiGigiShop: Yuk ah,tp jgn d pantaikartini ya (cont) http://wl.gs/UyTFe",http://www.writelonger.com/show/UyTFe,"Thu, 14 Feb 2013 15:48:27 +0000",wl.gs,1,http://wl.gs/UyTFe,4955920,henriquem,"<a href=""http://www.writelonger.com"" rel=""nofollow"">Write Longer</a>","Iya..km dmn? RT @henriquem: Td sore km dr situ ya mas,,,☺""AndiGigiShop: Yuk ah,tp jgn d pantaikartini ya (cont) http://t.co/SR4q33ea",Ancestor ,,Pengkol city,8341,90,225,Ancestor,http://a0.twimg.com/profile_images/279760520/image_normal.jpg,en,3294743,3294743,"Mon, 13 Feb 2012 01:04:24 +0000",http://ancestor.com,Henriquem,4955920,13444975251,,,,,,,,,,,,,,,,,,,,,,,,,,,,,,,,,,,,,,,,,,,,,,,,,,,,,,,,,,,,,,,,,,,,,,,,,,,,,,,,,,,,,,,,,,,,,,,,,,,,,,,,,,,,,,,,,,,,,,,,,,,,,,,,,,,,,,,,,,,,,,,,,,,,,,,,,,,,,,,,,,,,,,,,,,,,,,,,,,,,,,,,,,,,,
3,CapturePlay Live,Ancestor,Ancestor ,5946906,http://a0.twimg.com/profile_images/827141902/image_normal.jpg,http://twitter.com/ancestor,twitter,"Thu, 14 Feb 2013 15:48:28 +0000",Tin Knight pieces purchased by ROBOT_Angelina in Chess,96613303991,http://twitter.com/ancestor/statuses/96613303991,23,en,100,,,,,,,,"Thu, 14 Feb 2013 15:48:28 +0000",,96613303991,,,,"<a href=""http://www.captureplay.com"" rel=""nofollow"">CapturePlay Live</a>",Tin Knight pieces purchased by ROBOT_Angelina in Chess,Ancestor ,,"Vancouver, BC",681646,248,9,Ancestor,http://a0.twimg.com/profile_images/827141902/image_normal.jpg,en,5946906,5946906,"Fri, 04 Feb 2011 21:40:33 +0000",http://ancestor.com,Lucy,1932366,70313742524,Tin Knight,Person,Person,0,1,1,1,0,Alaska,-32400,,,,,,,,,,,,,,,,,,,,,,,,,,,,,,,,,,,,,,,,,,,,,,,,,,,,,,,,,,,,,,,,,,,,,,,,,,,,,,,,,,,,,,,,,,,,,,,,,,,,,,,,,,,,,,,,,,,,,,,,,,,,,,,,,,,,,,,,,,,,,,,,,,,,,,,,,,,,,,,,,,,,,,,,,,,,,,,,,,,
3,Echofon,Lizparris,Brandeis ,7436833,http://a0.twimg.com/profile_images/207396367/image_normal.jpg,http://twitter.com/lizparris,twitter,"Thu, 14 Feb 2013 15:48:28 +0000",That means I gotta go back to the bank,89994228933,http://twitter.com/lizparris/statuses/89994228933,33,en,100,,,,,,,,"Thu, 14 Feb 2013 15:48:28 +0000",,89994228933,,,,"<a href=""http://www.echofon.com/"" rel=""nofollow"">Echofon</a>",That means I gotta go back to the bank,Brandeis ,,Fighting crime,16027,643,567,Lizparris,http://a0.twimg.com/profile_images/207396367/image_normal.jpg,en,7436833,7436833,"Sat, 30 Apr 2011 14:39:11 +0000",http://lizparris.com,Carl,8050577,85532403434,,,,,,,,0,Central Time (US & Canada),-21600,mostly_male,1,true,,,,,,,,,,,,,,,,,,,,,,,,,,,,,,,,,,,,,,,,,,,,,,,,,,,,,,,,,,,,,,,,,,,,,,,,,,,,,,,,,,,,,,,,,,,,,,,,,,,,,,,,,,,,,,,,,,,,,,,,,,,,,,,,,,,,,,,,,,,,,,,,,,,,,,,,,,,,,,,,,,,,,,,,,,,,,,,,
3,Twitter for BlackBerry®,Ayesha,Ayesha ,8762418,http://a0.twimg.com/profile_images/685531746/image_normal.jpg,http://twitter.com/ayesha,twitter,"Thu, 14 Feb 2013 15:48:28 +0000","Galau no wkwk ""@elizabethblis: Qe knp.td kyk ngambek2 gt ? ""@: udh qaqa panitia RT @elizabethblis: Sn""",80879172985,http://twitter.com/ayesha/statuses/80879172985,41,id,62,,,,,,,,"Thu, 14 Feb 2013 15:48:28 +0000",,80879172985,,2735425,elizabethblis,"<a href=""http://blackberry.com/twitter"" rel=""nofollow"">Twitter for BlackBerry®</a>","Galau no wkwk ""@elizabethblis: Qe knp.td kyk ngambek2 gt ? ""@: udh qaqa panitia RT @elizabethblis: Sn""",Ayesha ,,,12852,280,340,Ayesha,http://a0.twimg.com/profile_images/685531746/image_normal.jpg,en,8762418,8762418,"Sat, 30 Jun 2012 09:56:58 +0000",http://ayesha.com,Elizabethblis,2735425,70278887613,,,,,,,,,Beijing,28800,,1,true,,,,,,,,,,,,,,,,,,,,,,,,,,,,,,,,,,,,,,,,,,,,,,,,,,,,,,,,,,,,,,,,,,,,,,,,,,,,,,,,,,,,,,,,,,,,,,,,,,,,,,,,,,,,,,,,,,,,,,,,,,,,,,,,,,,,,,,,,,,,,,,,,,,,,,,,,,,,,,,,,,,,,,,,,,,,,,,,
3,Write Longer,Marius,Boudreaux ,9389848,http://a0.twimg.com/profile_images/510546612/image_normal.jpg,http://twitter.com/marius,twitter,"Thu, 14 Feb 2013 15:48:28 +0000","haha taulah awak bes udah pernah ngerasain kok:DRT @mrs.: Bpaku fine*.a bes , opku agak kepo (cont) http://t.co/i0UmmtTL",52071150229,http://twitter.com/marius/statuses/52071150229,38,id,100,200,"Thu, 14 Feb 2013 15:48:28 +0000",http://wl.gs/vyTFe,http://writelonger.com/show/vyTFe,0,"haha taulah awak bes udah pernah ngerasain kok:DRT @miselpoerbah: Bpaku fine*.a bes , opku agak kepo (cont) http://wl.gs/vyTFe",http://www.writelonger.com/show/vyTFe,"Thu, 14 Feb 2013 15:48:28 +0000",wl.gs,52071150229,http://wl.gs/vyTFe,1666750,mrs.,"<a href=""http://www.writelonger.com"" rel=""nofollow"">Write Longer</a>","haha taulah awak bes udah pernah ngerasain kok:DRT @mrs.: Bpaku fine*.a bes , opku agak kepo (cont) http://t.co/i0UmmtTL",Boudreaux ,,Pematangsiantar,11091,332,182,Marius,http://a0.twimg.com/profile_images/510546612/image_normal.jpg,en,9389848,9389848,"Mon, 30 Jan 2012 14:18:45 +0000",http://marius.com,Mrs.,1666750,94861468463,,,,,,,,,Pacific Time (US & Canada),-28800,,,,,,,,,,,,,,,,,,,,,,,,,,,,,,,,,,,,,,,,,,,,,,,,,,,,,,,,,,,,,,,,,,,,,,,,,,,,,,,,,,,,,,,,,,,,,,,,,,,,,,,,,,,,,,,,,,,,,,,,,,,,,,,,,,,,,,,,,,,,,,,,,,,,,,,,,,,,,,,,,,,,,,,,,,,,,,,,,,,
3,Twitter for BlackBerry®,Beastdoppelganger,Beast Doppelganger ,5740290,http://a0.twimg.com/profile_images/437697541/image_normal.jpg,http://twitter.com/beastdoppelganger,twitter,"Thu, 14 Feb 2013 15:48:28 +0000",Kode pisan eta mah haha RT @bullseye: Sakaliii pan ngomongkeun sawo td hahaha RT tatarestania: Stoooooopp haha RT @bullseye: Njir ngakaaaa,68120102537,http://twitter.com/beastdoppelganger/statuses/68120102537,40,,,,,,,,,,"Thu, 14 Feb 2013 15:48:28 +0000",,68120102537,,6965941,bullseye,"<a href=""http://blackberry.com/twitter"" rel=""nofollow"">Twitter for BlackBerry®</a>",Kode pisan eta mah haha RT @bullseye: Sakaliii pan ngomongkeun sawo td hahaha RT tatarestania: Stoooooopp haha RT @bullseye: Njir ngakaaaa,Beast Doppelganger ,,,24529,524,250,Beastdoppelganger,http://a0.twimg.com/profile_images/437697541/image_normal.jpg,en,5740290,5740290,"Wed, 22 Sep 2010 08:28:44 +0000",http://beastdoppelganger.com,Bullseye,6965941,48098267009,,,,,,,,0,Pacific Time (US & Canada),-28800,,,true,,,,,,,,,,,,,,,,,,,,,,,,,,,,,,,,,,,,,,,,,,,,,,,,,,,,,,,,,,,,,,,,,,,,,,,,,,,,,,,,,,,,,,,,,,,,,,,,,,,,,,,,,,,,,,,,,,,,,,,,,,,,,,,,,,,,,,,,,,,,,,,,,,,,,,,,,,,,,,,,,,,,,,,,,,,,,,,,
3,Echofon,Agent,Billups ,20235,http://a0.twimg.com/profile_images/621444315/image_normal.jpg,http://twitter.com/agent,twitter,"Thu, 14 Feb 2013 15:48:28 +0000","RT @IndoStevieG: Liverpool's starting line-up: Reina, Johnson, Enrique, Carragher, Skrtel, Allen, Henderson, Gerrard, Sterling, Downing, ...",33606158895,http://twitter.com/agent/statuses/33606158895,44,en,62,,,,,,,,,,33606158895,,,,,,,,,,,,,,,,,,,Belladonna,2001554,20633504143,Reina,Person,Person,0,1,1,1,0,,,,,,starting line,Johnson,Person,Person,0,1,1,1,starting line,Enrique,Person,Person,0,1,1,1,starting line,Carragher,Person,Person,0,1,1,1,starting line,"Liverpool's starting line-up: Reina, Johnson, Enrique, Carragher, Skrtel, Allen, Henderson, Gerrard, Sterling, Downing, Suarez. #YNWA",302081883880173568,G,http://megaloblast.blogspot.com/,ini mah twitter doang perasaan mah laen lagi,Bandung // Indon,22677,319,245,PRTMAGABO,http://a0.twimg.com/profile_images/3247441095/44b010ca49cd9d2a23b73992911df601_normal.jpeg,en,Pacific Time (US & Canada),-28800,1,150558992,150558992,true,"Tue, 01 Jun 2010 06:54:44 +0000","<a href=""http://www.echofon.com/"" rel=""nofollow"">Echofon</a>",21,"Thu, 14 Feb 2013 15:48:28 +0000",YNWA,302081055475769344,Gerrard Indonesia,http://stevengerrardindonesia.blogspot.com/,Indonesia's fanbase for #LFC & England's legendary player Steven Gerrard. We present you news about Stevie G & the team. We're #Gerrarddicted! Follow @SGF08!,Gerrard's Heart,45178,20359,422,IndoStevieG,http://a0.twimg.com/profile_images/3204278360/fec583cdd761bbac366735ba0e3aace3_normal.jpeg,en,Jakarta,25200,148,174535162,174535162,true,"Wed, 04 Aug 2010 04:37:18 +0000","<a href=""http://www.tweetdeck.com"" rel=""nofollow"">TweetDeck</a>","Thu, 14 Feb 2013 15:45:10 +0000",,,,,,,,,,,,,,,,,,,,,,,,,,,,,,,,,,,,,,,,,,,,,,,,,,,,,,,,,,,,,,,,,,,,,,,,,,,,,,,,,,,,,,,,,,,,,,,,,,,,,,,,,,,,
3,web,Balder[asgardian],Balder [asgardian] ,8338451,http://a0.twimg.com/profile_images/813945991/image_normal.jpg,http://twitter.com/balder[asgardian],twitter,"Thu, 14 Feb 2013 15:48:28 +0000","@dr.rory tutti pacchi raccomandati della politica,andranno a far compagnia a quelli del MPS",80352213419,http://twitter.com/balder[asgardian]/statuses/80352213419,31,it,100,,,,,,,,"Thu, 14 Feb 2013 15:48:28 +0000",,80352213419,,5972633,dr.rory,web,"@dr.rory tutti pacchi raccomandati della politica,andranno a far compagnia a quelli del MPS",Balder [asgardian] ,,napoli,547,52,127,Balder[asgardian],http://a0.twimg.com/profile_images/813945991/image_normal.jpg,it,8338451,8338451,"Mon, 27 Feb 2012 21:38:12 +0000",http://balder[asgardian].com,Dr.rory,5972633,89808321930,,,,,,,,,,,male,,true,,,,,,,,,,,,,,,,,,,,,,,,,,,,,,,,,,,,,,,,,,,,,,,,,,,,,,,,,,,,,,,,,,,,,,,,,,,,,,,,,,,,,,,,,,,,,,,,,,,,,,,,,,,,,,,,,,,,,,,,,,,,,,,,,,,,,,,,,,,,,,,,,,,,,,,,,,,,,,,,,,,,,,,,,,,,,,,,
3,TweetCaster for Android,Lizparris,Brandeis ,8476593,http://a0.twimg.com/profile_images/395135112/image_normal.jpg,http://twitter.com/lizparris,twitter,"Thu, 14 Feb 2013 15:48:28 +0000",masak sih bu dosen? :'( RT @mr.: @ met istirahat cantik.. Km td ndak tau btapa bingungny @ saat km pingsan,40708843688,http://twitter.com/lizparris/statuses/40708843688,40,id,100,,,,,,,,"Thu, 14 Feb 2013 15:48:28 +0000",,40708843688,,9554764,mr.,"<a href=""http://www.tweetcaster.com"" rel=""nofollow"">TweetCaster for Android</a>",masak sih bu dosen? :'( RT @mr.: @ met istirahat cantik.. Km td ndak tau btapa bingungny @ saat km pingsan,Brandeis ,,surabaya,1119,96,109,Lizparris,http://a0.twimg.com/profile_images/395135112/image_normal.jpg,en,8476593,8476593,"Tue, 24 Jul 2012 13:17:49 +0000",http://lizparris.com,Mr.,9554764,59956970158,,,,,,,,,Jakarta,25200,female,,,,,,,,,,,,,,,,,,,,,,,,,,,,,,,,,,,,,,,,,,,,,,,,,,,,,,,,,,,,,,,,,,,,,,,,,,,,,,,,,,,,,,,,,,,,,,,,,,,,,,,,,,,,,,,,,,,,,,,,,,,,,,,,,,,,,,,,,,,,,,,,,,,,,,,,,,,,,,,,,,,,,,,,,,,,,,,,,,
3,Samsung Mobile,Carter,Blaire ,8397873,http://a0.twimg.com/profile_images/143842308/image_normal.jpg,http://twitter.com/carter,twitter,"Thu, 14 Feb 2013 15:48:28 +0000",@bi-beast td bem??,12152655306,http://twitter.com/carter/statuses/12152655306,39,,,,,,,,,,"Thu, 14 Feb 2013 15:48:28 +0000",,12152655306,,5002361,bi-beast,"<a href=""http://www.samsungmobile.com"" rel=""nofollow"">Samsung Mobile</a>",@bi-beast td bem??,Blaire ,,,1093,87,157,Carter,http://a0.twimg.com/profile_images/143842308/image_normal.jpg,pt,8397873,8397873,"Mon, 19 Nov 2012 20:54:50 +0000",http://carter.com,Bi-beast,5002361,27710811770,,,,,,,,0,,,female,1,true,,,,,,,,,,,,,,,,,,,,,,,,,,,,,,,,,,,,,,,,,,,,,,,,,,,,,,,,,,,,,,,,,,,,,,,,,,,,,,,,,,,,,,,,,,,,,,,,,,,,,,,,,,,,,,,,,,,,,,,,,,,,,,,,,,,,,,,,,,,,,,,,,,,,,,,,,,,,,,,,,,,,,,,,,,,,,,,,
3,Twitter for Android,Kurt,Busiek ,2930253,http://a0.twimg.com/profile_images/78/image_normal.jpg,http://twitter.com/kurt,twitter,"Thu, 14 Feb 2013 15:48:28 +0000","""@bandit: ""oi"" ""oi"" ""td bom?"" ""sim e vc?"" ""to bem"" ""q bom"" ~GRILO AGORA É COM VOCÊ~""  @ kkkk",0,http://twitter.com/kurt/statuses/0,,pt,100,,,,,,,,"Thu, 14 Feb 2013 15:48:28 +0000",,0,,6592086,bandit,"<a href=""http://twitter.com/download/android"" rel=""nofollow"">Twitter for Android</a>","""@bandit: ""oi"" ""oi"" ""td bom?"" ""sim e vc?"" ""to bem"" ""q bom"" ~GRILO AGORA É COM VOCÊ~""  @ kkkk",Busiek ,,Itaí- São Paulo,9834,497,90,Kurt,http://a0.twimg.com/profile_images/78/image_normal.jpg,en,2930253,2930253,"Thu, 09 Sep 2010 18:47:59 +0000",http://kurt.com,Bandit,6592086,42363788955,,,,,,,,,Santiago,-14400,unisex,1,true,,,,,,,,,,,,,,,,,,,,,,,,,,,,,,,,,,,,,,,,,,,,,,,,,,,,,,,,,,,,,,,,,,,,,,,,,,,,,,,,,,,,,,,,,,,,,,,,,,,,,,,,,,,,,,,,,,,,,,,,,,,,,,,,,,,,,,,,,,,,,,,,,,,,,,,,,,,,,,,,,,,,,,,,,,,,,,,,
3,Mobile Web (M2),Beef,Beef ,8310359,http://a0.twimg.com/profile_images/398997291/image_normal.jpg,http://twitter.com/beef,twitter,"Thu, 14 Feb 2013 15:48:28 +0000","thankyou vinii {} idak ado sms kau vin -,- RT @armaros @ HBD yoo :D sms mb pagi td idk dibalas u.u",98129275511,http://twitter.com/beef/statuses/98129275511,38,ms,100,,,,,,,,"Thu, 14 Feb 2013 15:48:28 +0000",,98129275511,,3,armaros,"<a href=""https://mobile.twitter.com"" rel=""nofollow"">Mobile Web (M2)</a>","thankyou vinii {} idak ado sms kau vin -,- RT @armaros @ HBD yoo :D sms mb pagi td idk dibalas u.u",Beef ,,"ÜT: -3.8190819,102.3090254",21478,520,270,Beef,http://a0.twimg.com/profile_images/398997291/image_normal.jpg,en,8310359,8310359,"Mon, 22 Mar 2010 03:55:21 +0000",http://beef.com,Armaros,3,26195525331,,,,,,,,,Pacific Time (US & Canada),-28800,,1,true,,,,,,,,,,,,,,,,,,,,,,,,,,,,,,,,,,,,,,,,,,,,,,,,,,,,,,,,,,,,,,,,,,,,,,,,,,,,,,,,,,,,,,,,,,,,,,,,,,,,,,,,,,,,,,,,,,,,,,,,,,,,,,,,,,,,,,,,,,,,,,,,,,,,,,,,,,,,,,,,,,,,,,,,,,,,,,,,
3,HootSuite,Henry&hank&p,Beast ,8832599,http://a0.twimg.com/profile_images/212993323/image_normal.jpg,http://twitter.com/henry&hank&p,twitter,"Thu, 14 Feb 2013 15:48:28 +0000","@abraxas I'm using Wells Fargo but others have it too, I think?",94066487275,http://twitter.com/henry&hank&p/statuses/94066487275,33,en,100,,,,,,,,"Thu, 14 Feb 2013 15:48:28 +0000",,94066487275,,1916762,abraxas,"<a href=""http://www.hootsuite.com"" rel=""nofollow"">HootSuite</a>","@abraxas I'm using Wells Fargo but others have it too, I think?",Beast ,,"Minneapolis, MN USA",620,224,218,Henry&hank&p,http://a0.twimg.com/profile_images/212993323/image_normal.jpg,en,8832599,8832599,"Mon, 14 Apr 2008 18:08:15 +0000",http://henry&hank&p.com,Abraxas,1916762,43741407035,,,,,,,,0,Central Time (US & Canada),-21600,unisex,19,true,,,,,,,,,,,,,,,,,,,,,,,,,,,,,,,,,,,,,,,,,,,,,,,,,,,,,,,,,,,,,,,,,,,,,,,,,,,,,,,,,,,,,,,,,,,,,,,,,,,,,,,,,,,,,,,,,,,,,,,,,,,,,,,,,,,,,,,,,,,,,,,,,,,,,,,,,,,,,,,,,,,,,,,,,,,,,,,,
3,Twitter for BlackBerry®,Barrier,Barrier ,6846415,http://a0.twimg.com/profile_images/493378372/image_normal.jpg,http://twitter.com/barrier,twitter,"Thu, 14 Feb 2013 15:48:28 +0000",Eh hp gua tiba2 off nih. Eh itu ada yg ga mirip tau td yg pas lo kirim fotonya. Iyasih mirip dikit wkwk @aron[watcher],90345595846,http://twitter.com/barrier/statuses/90345595846,42,id,100,,,,,,,,"Thu, 14 Feb 2013 15:48:28 +0000",,90345595846,,9062123,aron[watcher],"<a href=""http://blackberry.com/twitter"" rel=""nofollow"">Twitter for BlackBerry®</a>",Eh hp gua tiba2 off nih. Eh itu ada yg ga mirip tau td yg pas lo kirim fotonya. Iyasih mirip dikit wkwk @aron[watcher],Barrier ,,Paris,22511,959,815,Barrier,http://a0.twimg.com/profile_images/493378372/image_normal.jpg,en,6846415,6846415,"Fri, 16 Dec 2011 06:33:30 +0000",http://barrier.com,Aron[watcher],9062123,74392773909,,,,,,,,,Pacific Time (US & Canada),-28800,female,,true,,,,,,,,,,,,,,,,,,,,,,,,,,,,,,,,,,,,,,,,,,,,,,,,,,,,,,,,,,,,,,,,,,,,,,,,,,,,,,,,,,,,,,,,,,,,,,,,,,,,,,,,,,,,,,,,,,,,,,,,,,,,,,,,,,,,,,,,,,,,,,,,,,,,,,,,,,,,,,,,,,,,,,,,,,,,,,,,
3,web,Sarah,Chan ,7555372,http://a0.twimg.com/profile_images/650347593/image_normal.jpg,http://twitter.com/sarah,twitter,"Thu, 14 Feb 2013 15:48:28 +0000",This day is he best #KNight,57600066950,http://twitter.com/sarah/statuses/57600066950,36,en,100,,,,,,,,"Thu, 14 Feb 2013 15:48:28 +0000",,57600066950,,,,web,This day is he best #KNight,Chan ,,Philippines,12315,416,906,Sarah,http://a0.twimg.com/profile_images/650347593/image_normal.jpg,en,7555372,7555372,"Mon, 06 Jun 2011 04:43:21 +0000",http://sarah.com,Aeolus[inhuma,2790908,50954410247,,,,,,,,4,Dublin,,mostly_male,2,,,,,,,,,,,,,,,,,,,,,,,,,,,,,,,,,,,,,,,,,,,,,,,,,,,,,,,,,,,,,,,,,,,,,,KNight,,,,,,,,,,,,,,,,,,,,,,,,,,,,,,,,,,,,,,,,,,,,,,,,,,,,,,,,,,,,,,,,,,,,,,,,,,,,,,,,,,,,,,,,,,,,,,,,,,,,,,,,,,,
3,Twitter for iPhone,Caretaker,Caretaker ,7972367,http://a0.twimg.com/profile_images/174065054/image_normal.jpg,http://twitter.com/caretaker,twitter,"Thu, 14 Feb 2013 15:48:29 +0000","RT @LFCTransferNRS: CONFIRMED: Reina, Johnson, Skrtel, Carragher, Enrique, Allen, Henderson, Gerrard, Downing, Sterling, Suarez.",97545588761,http://twitter.com/caretaker/statuses/97545588761,44,fr,62,,,,,,,,,,97545588761,,,,,,,,,,,,,,,,,,,Balder[asgardian],2415785,35242008743,CONFIRMED,Person,Person,0,0,1,1,0,,,male,,,,Reina,Person,Person,0,0,1,1,,Johnson,Person,Person,0,0,1,1,,Skrtel,Person,Person,0,0,1,1,,"CONFIRMED: Reina, Johnson, Skrtel, Carragher, Enrique, Allen, Henderson, Gerrard, Downing, Sterling, Suarez.",302081888229679104,Nacho,,I live in my own head and it all makes sense to me. #WeBad,"YCK, Singapore",2946,166,285,Anwarazlan7,http://a0.twimg.com/profile_images/3252686905/a4eb014b70988eac30c8ed7cd99c3da4_normal.jpeg,en,Beijing,28800,,504532162,504532162,,"Sun, 26 Feb 2012 13:51:54 +0000","<a href=""http://twitter.com/download/iphone"" rel=""nofollow"">Twitter for iPhone</a>",10,"Thu, 14 Feb 2013 15:48:29 +0000",,302081175172833280,LiverpoolFC News,,Liverpool FC Latest | Transfer News | Rumours | Stats | #YNWA,Liverpool,11625,18596,1173,LFCTransferNRS,http://a0.twimg.com/profile_images/3242448984/1506956c0c99828b29643b514000e61b_normal.jpeg,en,Hawaii,-36000,116,489229249,489229249,true,"Sat, 11 Feb 2012 09:40:17 +0000",web,"Thu, 14 Feb 2013 15:45:39 +0000",,Carragher,Person,Person,0,0,1,1,Enrique,Person,Person,0,0,1,1,Allen,Person,Person,0,0,1,1,Henderson,Person,Person,0,0,1,1,,,,,,,,,,,,,,,,,,,,,,,,,,,,,,,,,,,,,,,,,,,,,,,,,,,,,,,,,,,,,,,,,,,,,,,,,,,,,,,
3,Twitter for BlackBerry®,Birdbrain,Birdbrain ,2898997,http://a0.twimg.com/profile_images/117410684/image_normal.jpg,http://twitter.com/birdbrain,twitter,"Thu, 14 Feb 2013 15:48:29 +0000",@beefer nangisin aku nab :&gt;,54397297371,http://twitter.com/birdbrain/statuses/54397297371,46,ms,63,,,,,,,,"Thu, 14 Feb 2013 15:48:29 +0000",,54397297371,,3206652,beefer,"<a href=""http://blackberry.com/twitter"" rel=""nofollow"">Twitter for BlackBerry®</a>",@beefer nangisin aku nab :&gt;,Birdbrain ,,whatever I want ,2536,103,416,Birdbrain,http://a0.twimg.com/profile_images/117410684/image_normal.jpg,en,2898997,2898997,"Fri, 21 Sep 2012 14:22:41 +0000",http://birdbrain.com,Beefer,3206652,75644965539,,,,,,,,,,,,1,,,,,,,,,,,,,,,,,,,,,,,,,,,,,,,,,,,,,,,,,,,,,,,,,,,,,,,,,,,,,,,,,,,,,,,,,,,,,,,,,,,,,,,,,,,,,,,,,,,,,,,,,,,,,,,,,,,,,,,,,,,,,,,,,,,,,,,,,,,,,,,,,,,,,,,,,,,,,,,,,,,,,,,,,,,,,,,,,
3,TweetCaster for Android,Wolfg,Baron Strucker ,8435356,http://a0.twimg.com/profile_images/430006265/image_normal.jpg,http://twitter.com/wolfg,twitter,"Thu, 14 Feb 2013 15:48:28 +0000",nice RT @bereet: ga..ke komar..tau klo anda merem RT @: td siang jd ksni?RT (cont) http://t.co/54L0tjY0,58480901434,http://twitter.com/wolfg/statuses/58480901434,47,id,100,200,"Thu, 14 Feb 2013 15:48:29 +0000",http://tl.gd/l1qjpg,http://twitlonger.com/show/l1qjpg,0,TwitLonger — When you talk too much for Twitter,http://www.twitlonger.com/show/l1qjpg,"Thu, 14 Feb 2013 15:48:28 +0000",tl.gd,58480901434,http://tl.gd/l1qjpg,2645226,bereet,"<a href=""http://www.tweetcaster.com"" rel=""nofollow"">TweetCaster for Android</a>",nice RT @bereet: ga..ke komar..tau klo anda merem RT @: td siang jd ksni?RT (cont) http://t.co/54L0tjY0,Baron Strucker ,,Tegal - Surakarta,23261,1019,1097,Wolfg,http://a0.twimg.com/profile_images/430006265/image_normal.jpg,en,8435356,8435356,"Sat, 12 Sep 2009 07:55:21 +0000",http://wolfg.com,Bereet,2645226,25731092318,,,,,,,,,Jakarta,25200,,,true,,,,,,,,,,,,,,,,,,,,,,,,,,,,,,,,,,,,,,,,,,,,,,,,,,,,,,,,,,,,,,,,,,,,,,,,,,,,,,,,,,,,,,,,,,,,,,,,,,,,,,,,,,,,,,,,,,,,,,,,,,,,,,,,,,,,,,,,,,,,,,,,,,,,,,,,,,,,,,,,,,,,,,,,,,,,,,,,
3,Twitter for BlackBerry®,Brotherstephen,Brother Stephen ,4230810,http://a0.twimg.com/profile_images/476830870/image_normal.jpg,http://twitter.com/brotherstephen,twitter,"Thu, 14 Feb 2013 15:48:29 +0000","#YNWA RT @lemarhos: lemarhos team v Zenit: Reina, Johnson, Enrique, Carragher, Skrtel, Allen, Henderson, Gerrard, Sterling, Downing, Suarez.",91227335226,http://twitter.com/brotherstephen/statuses/91227335226,43,fr,62,,,,,,,,"Thu, 14 Feb 2013 15:48:29 +0000",,91227335226,,4834133,lemarhos,"<a href=""http://blackberry.com/twitter"" rel=""nofollow"">Twitter for BlackBerry®</a>","#YNWA RT @lemarhos: lemarhos team v Zenit: Reina, Johnson, Enrique, Carragher, Skrtel, Allen, Henderson, Gerrard, Sterling, Downing, Suarez.",Brother Stephen ,,Indonesia,2613,205,203,Brotherstephen,http://a0.twimg.com/profile_images/476830870/image_normal.jpg,en,4230810,4230810,"Mon, 24 Jan 2011 10:21:41 +0000",http://brotherstephen.com,Lemarhos,4834133,44996120245,Reina,Person,Person,0,0,1,1,0,Jakarta,25200,,,,,Johnson,Person,Person,0,0,1,1,,Enrique,Person,Person,0,0,1,1,,Carragher,Person,Person,0,0,1,1,,,,,,,,,,,,,,,,,,,,,,,,,,,,,,,,,,,,,,,,,,,,,YNWA,Skrtel,Person,Person,0,0,1,1,Allen,Person,Person,0,0,1,1,Henderson,Person,Person,0,0,1,1,Gerrard,Person,Person,0,0,1,1,Sterling,Person,Person,0,0,1,1,Downing,Person,Person,0,0,1,1,Suarez,Person,Person,0,0,1,1,,,,,,,,,,,,,,,,,,,,,,,,,,,,,,,,,,,,,,,,,,,,,,,,,,,,,,,,,,
3,web,Clayton,Burr ,3045847,http://a0.twimg.com/profile_images/627745509/image_normal.jpg,http://twitter.com/clayton,twitter,"Thu, 14 Feb 2013 15:48:29 +0000",Td tengok macam dh tak nak cakap.. ehh dia ni,21738555585,http://twitter.com/clayton/statuses/21738555585,42,ms,100,,,,,,,,"Thu, 14 Feb 2013 15:48:29 +0000",,21738555585,,,,web,Td tengok macam dh tak nak cakap.. ehh dia ni,Burr ,,,842,139,96,Clayton,http://a0.twimg.com/profile_images/627745509/image_normal.jpg,en,3045847,3045847,"Tue, 18 Dec 2012 03:13:57 +0000",http://clayton.com,Bellam,3188298,51080606342,,,,,,,,,,,unisex,,,,,,,,,,,,,,,,,,,,,,,,,,,,,,,,,,,,,,,,,,,,,,,,,,,,,,,,,,,,,,,,,,,,,,,,,,,,,,,,,,,,,,,,,,,,,,,,,,,,,,,,,,,,,,,,,,,,,,,,,,,,,,,,,,,,,,,,,,,,,,,,,,,,,,,,,,,,,,,,,,,,,,,,,,,,,,,,,,
3,web,Arcturus,Arcturus ,3899419,http://a0.twimg.com/profile_images/818413380/image_normal.jpg,http://twitter.com/arcturus,twitter,"Thu, 14 Feb 2013 15:48:29 +0000","@blackbody No he had it in Serbia with England, was very mature. Henderson was also brilliant during the racism at the end",81800509453,http://twitter.com/arcturus/statuses/81800509453,49,en,100,,,,,,,,"Thu, 14 Feb 2013 15:48:29 +0000",,81800509453,,9732403,blackbody,web,"@blackbody No he had it in Serbia with England, was very mature. Henderson was also brilliant during the racism at the end",Arcturus ,,Your window.,18192,267,752,Arcturus,http://a0.twimg.com/profile_images/818413380/image_normal.jpg,en,3899419,3899419,"Thu, 20 Oct 2011 20:41:14 +0000",http://arcturus.com,Blackbody,9732403,60462409188,England,Place,Place,0,1,1,1,0,London,,male,1,,,,,,,,,,,,,,,,,,,,,,,,,,,,,,,,,,,,,,,,,,,,,,,,,,,,,,,,,,,,,,,,,,,,,,,,,,,,,,,,,,,,,,,,,,,,,,,,,,,,,,,,,,,,,,,,,,,,,,,,,,,,,,,,,,,,,,,,,,,,,,,,,,,,,,,,,,,,,,,,,,,,,,,,,,,,,,,,,
3,Twitter for iPad,Tad,Carter ,2642944,http://a0.twimg.com/profile_images/731183344/image_normal.jpg,http://twitter.com/tad,twitter,"Thu, 14 Feb 2013 15:48:29 +0000","@bulletbiker samalah aku nmpak tshirt je, haha nasib baik abg fahmi snap 2 kali",84899862739,http://twitter.com/tad/statuses/84899862739,36,ms,100,,,,,,,,"Thu, 14 Feb 2013 15:48:29 +0000",,84899862739,,9739022,bulletbiker,"<a href=""http://twitter.com/#!/download/ipad"" rel=""nofollow"">Twitter for iPad</a>","@bulletbiker samalah aku nmpak tshirt je, haha nasib baik abg fahmi snap 2 kali",Carter ,,Kuala Lumpur,19413,291,340,Tad,http://a0.twimg.com/profile_images/731183344/image_normal.jpg,en,2642944,2642944,"Fri, 08 Apr 2011 18:30:08 +0000",http://tad.com,Bulletbiker,9739022,90758951846,,,,,,,,,Kuala Lumpur,28800,mostly_female,1,,,,,,,,,,,,,,,,,,,,,,,,,,,,,,,,,,,,,,,,,,,,,,,,,,,,,,,,,,,,,,,,,,,,,,,,,,,,,,,,,,,,,,,,,,,,,,,,,,,,,,,,,,,,,,,,,,,,,,,,,,,,,,,,,,,,,,,,,,,,,,,,,,,,,,,,,,,,,,,,,,,,,,,,,,,,,,,,,
3,Mobile (2915120374),Mordecaip.,Boggs ,1313671,http://a0.twimg.com/profile_images/364714388/image_normal.jpg,http://twitter.com/mordecaip.,facebook,"Thu, 14 Feb 2013 15:48:29 +0000","te
men 2semua slt hari palentin semoga panjang umur dn di bri rijki yg halal",35052009229,http://twitter.com/mordecaip./statuses/35052009229,,id,100,,,,,,,,,,,,,,,,,,,,,,,,,,,,,,,,,,,,,,,,,,,,,,,,,,,,,,,,,,,,,,,,,,,,,,,,,,,,,,,,,,,,,,,,,,,,,,,,,,,,,,,,,,,,,,,,,,,,,,,,,,,,,,,,,,,,,,,,,,,,,,,,,,,,,,,,,,,,,,,,,,,Mobile,Dhen Akigaul,100004128252551,http://www.facebook.com/profile.php?id=100004128252551,https://graph.facebook.com/100004128252551/picture,100004128252551_166463146834626,"te
men 2semua slt hari palentin semoga panjang umur dn di bri rijki yg halal",Mobile (2915120374),status,,,,,,,,,,,,,,,,,,,,,,,,,,,,,,,,,,,,,,,,,,,,,,,,,
3,Twitter for Android,Char,Char ,8267017,http://a0.twimg.com/profile_images/920531805/image_normal.jpg,http://twitter.com/char,twitter,"Thu, 14 Feb 2013 15:48:29 +0000",Bet ko citi-tev liek justies ta ka labak butu ja tevis vsp nebutu!Nu ko...ok.,36273771291,http://twitter.com/char/statuses/36273771291,39,lv,62,,,,,,,,"Thu, 14 Feb 2013 15:48:29 +0000",,36273771291,,,,"<a href=""http://twitter.com/download/android"" rel=""nofollow"">Twitter for Android</a>",Bet ko citi-tev liek justies ta ka labak butu ja tevis vsp nebutu!Nu ko...ok.,Char ,,,1133,82,159,Char,http://a0.twimg.com/profile_images/920531805/image_normal.jpg,en,8267017,8267017,"Fri, 01 Apr 2011 18:44:32 +0000",http://char.com,Baxter,7192114,83812392200,,,,,,,,,Quito,-18000,female,3,,,,,,,,,,,,,,,,,,,,,,,,,,,,,,,,,,,,,,,,,,,,,,,,,,,,,,,,,,,,,,,,,,,,,,,,,,,,,,,,,,,,,,,,,,,,,,,,,,,,,,,,,,,,,,,,,,,,,,,,,,,,,,,,,,,,,,,,,,,,,,,,,,,,,,,,,,,,,,,,,,,,,,,,,,,,,,,,,
3,web,Seando,Blood Wraith ,6156486,http://a0.twimg.com/profile_images/741267659/image_normal.jpg,http://twitter.com/seando,twitter,"Thu, 14 Feb 2013 15:48:29 +0000",RT @luanadarosa5: PODE CREEEEEEEEEEEEEEEEEEEEER Q TD VAI DAR CERTO,92739612865,http://twitter.com/seando/statuses/92739612865,35,en,100,,,,,,,,,,92739612865,,,,,,,,,,,,,,,,,,,Century,7853454,88211201666,,,,,,,,0,,,female,,,,,,,,,,,,,,,,,,,,,,,,,,,,PODE CREEEEEEEEEEEEEEEEEEEEER Q TD VAI DAR CERTO,302081890398126080,Bruna Savi,,"Não se deve haver rancor, onde ja se teve amor.",Forquilhinha SC,22032,616,326,brunasavib,http://a0.twimg.com/profile_images/3248831248/014fea936f8013ef58cbe547c3a1dd95_normal.jpeg,pt,Santiago,-14400,,290220504,290220504,,"Fri, 29 Apr 2011 23:03:13 +0000",web,2,"Thu, 14 Feb 2013 15:48:29 +0000",,302058436223434752,Luana Da Rosa,,,,21191,429,457,luanadarosa5,http://a0.twimg.com/profile_images/3220735314/53ada9d3b6d095ca75fc19f4794795e3_normal.jpeg,pt,Hawaii,-36000,1,594951756,594951756,,"Wed, 30 May 2012 20:09:13 +0000",web,"Thu, 14 Feb 2013 14:15:17 +0000",,,,,,,,,,,,,,,,,,,,,,,,,,,,,,,,,,,,,,,,,,,,,,,,,,,,,,,,,,,,,,,,,,,,,,,,,,,,,,,,,,,,,,,,,,,,,,,,,,,,,,,,,,,,
3,web,Javier,Caldrone ,6470820,http://a0.twimg.com/profile_images/688379275/image_normal.jpg,http://twitter.com/javier,twitter,"Thu, 14 Feb 2013 15:48:29 +0000",RT @DaDavigail: @ocampolyca panera si bes oh. :))),48069941019,http://twitter.com/javier/statuses/48069941019,40,ro,63,,,,,,,,,,48069941019,,,,,,,,,,,,,,,,,,,Carter,2871354,93154528248,,,,,,,,,,,,,,,,,,,,,,,,,,,,,,,,,,,,,,,@ocampolyca panera si bes oh. :))),302081891383787521,LYCA BOSS,,"I am a friend of God, He calls me friend :))",,3462,211,167,ocampolyca,http://a0.twimg.com/profile_images/3246988902/5c0ba3a1c7f8cfc15ac830335108efa5_normal.jpeg,en,Pacific Time (US & Canada),-28800,,491805509,491805509,,"Tue, 14 Feb 2012 01:30:59 +0000",web,1,"Thu, 14 Feb 2013 15:48:29 +0000",,302080791461105666,Davigail Navales,,"i FOLLOW God





",,434,86,152,DaDavigail,http://a0.twimg.com/profile_images/2886671773/27149200ac34250eb37c35e4c22310d7_normal.jpeg,en,Hong Kong,28800,1,576018827,576018827,true,"Thu, 10 May 2012 07:12:26 +0000","<a href=""https://mobile.twitter.com"" rel=""nofollow"">Mobile Web (M5)</a>","Thu, 14 Feb 2013 15:44:07 +0000",,,,,,,,,,,,,,,,,,,,,,,,,,,,,,,,,,,,,,,,,,,,,,,,,,,,,,,,,,,,ocampolyca,491805509,,,,,,,,,,,,,,,,,,,,,,,,,,,,,,,,,,,,,,,,,,,,,,,
3,Twitter for Android,Hunter,Brawn ,6111056,http://a0.twimg.com/profile_images/183942022/image_normal.jpg,http://twitter.com/hunter,twitter,"Thu, 14 Feb 2013 15:48:29 +0000","""@lance: @ lmao them bitches better say yes !"" Right! If she won't I will! Dont chase em, replace em lol",65883168857,http://twitter.com/hunter/statuses/65883168857,33,en,100,,,,,,,,"Thu, 14 Feb 2013 15:48:29 +0000",,65883168857,,5404270,lance,"<a href=""http://twitter.com/download/android"" rel=""nofollow"">Twitter for Android</a>","""@lance: @ lmao them bitches better say yes !"" Right! If she won't I will! Dont chase em, replace em lol",Brawn ,,Reality,11790,258,157,Hunter,http://a0.twimg.com/profile_images/183942022/image_normal.jpg,en,6111056,6111056,"Thu, 16 Sep 2010 02:40:04 +0000",http://hunter.com,Lance,5404270,14745148690,"""@tevDaGunnr: @ExtrmlyGorgeous lmao them bitches better say yes !""",Quote,Quote,5,1,1,0,5,Mountain Time (US & Canada),-25200,,1,,,,,,,,,,,,,,,,,,,,,,,,,,,,,,,,,,,,,,,,,,,,,,,,,,,,,,,,,,,,,,,,,,,,,,,,,,,,,,,,,,,,,,,,,,,,,,,,,,,,,,,,,,,,,,,,,,,,,,,,,,,,,,,,,,,,,,,,,,,,,,,,,,,,,,,,,,,,,,,,,,,,,,,,,,,,,,,,,
3,web,Hank,Bradley ,60155,http://a0.twimg.com/profile_images/110159311/image_normal.jpg,http://twitter.com/hank,twitter,"Thu, 14 Feb 2013 15:48:29 +0000",RT @TradeStocksAmer: We will make money in both directions buying long and selling short in all markets. Stocks make their biggest moves ...,84603369585,http://twitter.com/hank/statuses/84603369585,,en,95,,,,,,,,,,84603369585,,,,,,,,,,,,,,,,,,,Ahqlau,1605115,11624619690,,,,,,,,5,,,female,,,,,,,,,,,,,,,,,,,,,,,,,,,,We will make money in both directions buying long and selling short in all markets. Stocks make their biggest moves in the first hour.,302081891379593216,Peggy Bright,,"marketing student, social junkie, blogger, optimist, life lover",Mesa,32,21,29,BrightPeggy,http://a0.twimg.com/profile_images/1874027313/453_normal.gif,en,Monterrey,-21600,,515157823,515157823,,"Mon, 05 Mar 2012 06:17:39 +0000",web,6897,"Thu, 14 Feb 2013 15:48:29 +0000",,241911956666208256,TradeStocksAmerica,http://www.TradeStocksAmerica.com,"Professional stock trader, market strategist, love teaching people what has been profitable for me.","Wilsonville, Oregon",377,1204,1998,TradeStocksAmer,http://a0.twimg.com/profile_images/207795608/Trade_Stocks_Zach_Logo_normal.png,en,Pacific Time (US & Canada),-28800,8,39364502,39364502,,"Mon, 11 May 2009 22:49:17 +0000","<a href=""http://twitter.com/download/iphone"" rel=""nofollow"">Twitter for iPhone</a>","Sat, 01 Sep 2012 14:54:39 +0000",,,,,,,,,,,,,,,,,,,,,,,,,,,,,,,,,,,,,,,,,,,,,,,,,,,,,,,,,,,,,,,,,,,,,,,,,,,,,,,,,,,,,,,,,,,,,,,,,,,,,,,,,,,,
3,TweetCaster for Android,Malcolmm,Carrion Ii ,78229,http://a0.twimg.com/profile_images/938703987/image_normal.jpg,http://twitter.com/malcolmm,twitter,"Thu, 14 Feb 2013 15:48:30 +0000","RT @BBK_Sniper: 왜 좌절을 하지? 왜 멘붕을 겪지? 우린 지난 5년 동안 싸워왔는데 또 싸우면 되지. 어차피 당장 해결될 것을 기대한 것도 아니었는데, 우리가 이기면 당장 해결됐을까? &lt; in 신간 정봉주의 '대한민국 진화론' ...",30513911019,http://twitter.com/malcolmm/statuses/30513911019,35,ko,96,,,,,,,,,,30513911019,,,,,,,,,,,,,,,,,,,Animus,257454,25983214890,,,,,,,,,,,,,,,,,,,,,,,,,,,,,,,,,,,,,,,"왜 좌절을 하지? 왜 멘붕을 겪지? 우린 지난 5년 동안 싸워왔는데 또 싸우면 되지. 어차피 당장 해결될 것을 기대한 것도 아니었는데, 우리가 이기면 당장 해결됐을까? &lt; in 신간 정봉주의 '대한민국 진화론' &gt; RT!! plz~~",302081891924840449,(￣^￣)ゞ / s(￣へ￣ )z ,,어느 별에서 왔니? ,"Seoul, Korea",35882,423,470,cys0619_talk,http://a0.twimg.com/profile_images/1502960800/16_1__normal.jpg,en,,,29,199096545,199096545,,"Wed, 06 Oct 2010 01:05:37 +0000","<a href=""http://www.tweetcaster.com"" rel=""nofollow"">TweetCaster for Android</a>",292,"Thu, 14 Feb 2013 15:48:30 +0000",,301867437077446656,정봉주,http://cafe.daum.net/yogicflying,신나는 진보의 정치를 꿈꾸는 국민이 주인되는 미래권력들,대한민국,1469,455012,56052,BBK_Sniper,http://a0.twimg.com/profile_images/3251269043/52e9bdb53d609c3a6654820fe4b37762_normal.jpeg,ko,Adelaide,34200,9934,147620164,147620164,,"Mon, 24 May 2010 16:17:14 +0000",web,"Thu, 14 Feb 2013 01:36:20 +0000",,,,,,,,,,,,,,,,,,,,,,,,,,,,,,,,,,,,,,,,,,,,,,,,,,,,,,,,,,,,,,,,,,,,,,,,,,,,,,,,,,,,,,,,,,,,,,,,,,,,,,,,,,,,
3,Twitter for iPhone,Auroradoppelganger,Aurora Doppelganger ,9560169,http://a0.twimg.com/profile_images/380684730/image_normal.jpg,http://twitter.com/auroradoppelganger,twitter,"Thu, 14 Feb 2013 15:48:30 +0000","@cynthia: @ ""look at you first buy, it always goes lower""..my first investment was $BAC, got hammered! #LearnTheHardWay",54845069837,http://twitter.com/auroradoppelganger/statuses/54845069837,17,en,100,,,,,,,,"Thu, 14 Feb 2013 15:48:30 +0000",,54845069837,,2978822,cynthia,"<a href=""http://twitter.com/download/iphone"" rel=""nofollow"">Twitter for iPhone</a>","@cynthia: @ ""look at you first buy, it always goes lower""..my first investment was $BAC, got hammered! #LearnTheHardWay",Aurora Doppelganger ,,Laois Ireland,259,67,205,Auroradoppelganger,http://a0.twimg.com/profile_images/380684730/image_normal.jpg,en,9560169,9560169,"Sat, 07 Mar 2009 19:29:16 +0000",http://auroradoppelganger.com,Cynthia,2978822,51875160192,"""look at you first buy, it always goes lower""",Quote,Quote,0,1,1,0,10,Dublin,,male,,true,,,,,,,,,,,,,,,,,,,,,,,,,,,,,,,,,,,,,,,,,,,,,,,,,,,,,,,,,,,,,,,,,,,,,LearnTheHardWay,,,,,,,,,,,,,,,,,,,,,,,,,,,,,,,,,,,,,,,,,,,,,,,,,,,,,,,,,,,,,52.82668597,-6.93550899,52.82668597,-6.93550899,1fbbfd700c2dab1a,http://api.twitter.com/1/geo/id/1fbbfd700c2dab1a.json,city,Ireland,IE,"Carlow, Carlow",Carlow,,,,,,,,,,,,,,,,,,,,,,,,,,,,,,,,,,,,
3,Tweet Button,Batwing,Batwing ,1504549,http://a0.twimg.com/profile_images/516290394/image_normal.jpg,http://twitter.com/batwing,twitter,"Thu, 14 Feb 2013 15:48:30 +0000",Unemployment Insurance Weekly Claims Report http://t.co/xYf6rCxS Just a little cooperation &amp; economy would be in full recovery.,66514344559,http://twitter.com/batwing/statuses/66514344559,54,en,100,200,"Thu, 14 Feb 2013 15:48:30 +0000",,http://dol.gov/opa/media/press/eta/ui/current.htm,0,ETA Press Release: Unemployment Insurance Weekly Claims Report,http://www.dol.gov/opa/media/press/eta/ui/current.htm,"Thu, 14 Feb 2013 15:48:30 +0000",www.dol.gov,66514344559,http://www.dol.gov/opa/media/press/eta/ui/current.htm,,,"<a href=""http://twitter.com/tweetbutton"" rel=""nofollow"">Tweet Button</a>",Unemployment Insurance Weekly Claims Report http://t.co/xYf6rCxS Just a little cooperation &amp; economy would be in full recovery.,Batwing ,,"Fayetteville, N.C.",10180,706,1254,Batwing,http://a0.twimg.com/profile_images/516290394/image_normal.jpg,en,1504549,1504549,"Sun, 01 Jan 2012 16:18:10 +0000",http://batwing.com,Fredmyers,3712722,57627898780,,,,,,,,4,Atlantic Time (Canada),-14400,male,12,true,,,,,,,,,,,,,,,,,,,,,,,,,,,,,,,,,,,,,,,,,,,,,,,,,,,,,,,,,,,,,,,,,,,,,,,,,,,,,,,,,,,,,,,,,,,,,,,,,,,,,,,,,,,,,,,,,,,,,,,,,,,,,,,,,,,,,,,,,,,,,,,,,,,,,,,,,,,,,,,,,,,,,,,,,,,,,,,,
3,Twitter for BlackBerry®,Earl,Angstrom ,2625863,http://a0.twimg.com/profile_images/584348074/image_normal.jpg,http://twitter.com/earl,twitter,"Thu, 14 Feb 2013 15:48:29 +0000",RT @frasedesarcasmo: —¡CUIDADO CON EL BESO! —¿Cuál bes...,51559940632,http://twitter.com/earl/statuses/51559940632,19,af,62,,,,,,,,,,51559940632,,,,,,,,,,,,,,,,,,,Arsenal,9137899,55026834295,,,,,,,,,,,female,,,,,,,,,,,,,,,,,,,,,,,,,,,,—¡CUIDADO CON EL BESO! —¿Cuál bes...,302081887692812289,karly nava,,#directioner #rusher #lovatic and #swiftie simplemente sonrie hasta en los dias mas oscuros :D,,994,298,811,karly_nava_pony,http://a0.twimg.com/profile_images/2963336839/28f5bbf9964481835801833344c5677d_normal.jpeg,es,Brasilia,-10800,,568728946,568728946,,"Wed, 02 May 2012 02:25:43 +0000","<a href=""http://blackberry.com/twitter"" rel=""nofollow"">Twitter for BlackBerry®</a>",1723,"Thu, 14 Feb 2013 15:48:29 +0000",,301009683974610944,Sarcasmos!,http://antiyou.org,"Síguenos, y llena tu TL de los mejores sarcasmos de todo twitter ,retweet si te indentificas. ♥",,42876,2009020,44,frasedesarcasmo,http://a0.twimg.com/profile_images/3216144619/fd4821b9aa34f5be2fe7a4d5317600eb_normal.gif,en,Caracas,-16200,6763,189534066,189534066,true,"Sat, 11 Sep 2010 14:46:05 +0000","<a href=""http://www.tweetdeck.com"" rel=""nofollow"">TweetDeck</a>","Mon, 11 Feb 2013 16:47:55 +0000",,,,,,,,,,,,,,,,,,,,,,,,,,,,,,,,,,,,,,,,,,,,,,,,,,,,,,,,,,,,,,,,,,,,,,,,,,,,,,,,,,,,,,,,,,,,,,,,,,,,,,,,,,,,
3,Twitter for iPhone,Lavamenkin,Basallo ,8864998,http://a0.twimg.com/profile_images/301328887/image_normal.jpg,http://twitter.com/lavamenkin,twitter,"Thu, 14 Feb 2013 15:48:29 +0000","RT @LFC: LFC team v Zenit: Reina, Johnson, Enrique, Carragher, Skrtel, Allen, Henderson, Gerrard, Sterling, Downing, Suarez.",88171834661,http://twitter.com/lavamenkin/statuses/88171834661,38,fr,62,,,,,,,,,,88171834661,,,,,,,,,,,,,,,,,,,Briquette,19,93093991326,Reina,Person,Person,0,0,1,1,0,,,male,,,,Johnson,Person,Person,0,0,1,1,,Enrique,Person,Person,0,0,1,1,,Carragher,Person,Person,0,0,1,1,,"LFC team v Zenit: Reina, Johnson, Enrique, Carragher, Skrtel, Allen, Henderson, Gerrard, Sterling, Downing, Suarez.",302081889043378178,Colin Sheehan,http://www.flickr.com/photos/colinsheehan/,"Novice photographer, Cyclist, Poet. Love listening to music, support Liverpool FC.","Cork, Ireland",10925,215,750,ColSheehan,http://a0.twimg.com/profile_images/2655010891/f362bc778f5acdbcc16463a2c3fd64ee_normal.jpeg,en,Dublin,,8,16013047,16013047,true,"Wed, 27 Aug 2008 15:42:35 +0000","<a href=""http://twitter.com/download/iphone"" rel=""nofollow"">Twitter for iPhone</a>",761,"Thu, 14 Feb 2013 15:48:29 +0000",,302080839288750081,Liverpool FC ,http://www.liverpoolfc.com/,Official LFC account. Follow @OfficialLFC_ID @ThaiLFC @LFCANZ @LFCBrasil @LFCEspanol @LFC_Arabic @LFCIndia @LFCFrance @TurkeyLFC  @LFCBangladesh,"Anfield, Liverpool",21749,1511801,409073,LFC,http://a0.twimg.com/profile_images/1847862599/Grad_LFC_Crest_twitter_normal.jpg,en,,,11364,19583545,19583545,true,"Tue, 27 Jan 2009 09:05:21 +0000",web,"Thu, 14 Feb 2013 15:44:19 +0000",,Skrtel,Person,Person,0,0,1,1,Allen,Person,Person,0,0,1,1,Henderson,Person,Person,0,0,1,1,Gerrard,Person,Person,0,0,1,1,Sterling,Person,Person,0,0,1,1,Downing,Person,Person,0,0,1,1,Suarez,Person,Person,0,0,1,1,,,,,,,,,,,,,,,,,,,,,,,true,,,,,,,,,,,,,,,,,,,,,,,,,,,,,,,,,,,
3,Twitter for BlackBerry®,Bansheeii,Banshee Ii ,16,http://a0.twimg.com/profile_images/549931206/image_normal.jpg,http://twitter.com/bansheeii,twitter,"Thu, 14 Feb 2013 15:48:29 +0000","Abang sayanglah kantang"" ang!! Is menjijikkan!! Sumpah jijik!:)RT""@cindy: Iya boge sayang,atur lah sama kau abg sayang kau mention aku :",70595945673,http://twitter.com/bansheeii/statuses/70595945673,36,,,,,,,,,,"Thu, 14 Feb 2013 15:48:29 +0000",,70595945673,,1876231,cindy,"<a href=""http://blackberry.com/twitter"" rel=""nofollow"">Twitter for BlackBerry®</a>","Abang sayanglah kantang"" ang!! Is menjijikkan!! Sumpah jijik!:)RT""@cindy: Iya boge sayang,atur lah sama kau abg sayang kau mention aku :",Banshee Ii ,,,3930,266,282,Bansheeii,http://a0.twimg.com/profile_images/549931206/image_normal.jpg,en,16,16,"Sat, 19 May 2012 13:11:05 +0000",http://bansheeii.com,Cindy,1876231,93604638893,""" ang!! Is menjijikkan!! Sumpah jijik!:)RT""",Quote,Quote,3,1,1,0,3,,,female,,,lah sama kau abg,,,,,,,,,,,,,,,,,,,,,,,,,,,,,,,,,,,,,,,,,,,,,,,,,,,,,,,,,,,,,,,,,,,,,,,,,,,,,,,,,,,,,,,,,,,,,,,,,,,,,,,,,,,,,,,,,,,,,,,,,,,,,,,,,,,,,,,,,,,,,kau mention aku,sayanglah kantang,boge sayang,,,,,,,,,,,,,,,,,,,,,,,,,,,,,,,,
3,Twitter for BlackBerry®,Mo,Captain Marvel Ii ,9475641,http://a0.twimg.com/profile_images/452810141/image_normal.jpg,http://twitter.com/mo,twitter,"Thu, 14 Feb 2013 15:48:29 +0000",RT @Albar_Einstein: butuh perjuangan td untuk membeli sesuatu...sampai kehabisan bensin td..nuntun dech :D yg penting dia seneng,26740223588,http://twitter.com/mo/statuses/26740223588,50,ms,86,,,,,,,,,,26740223588,,,,,,,,,,,,,,,,,,,Mr.,1525128,27216528542,,,,,,,,,,,,,,,,,,,,,,,,,,,,,,,,,,,,,,,butuh perjuangan td untuk membeli sesuatu...sampai kehabisan bensin td..nuntun dech :D yg penting dia seneng,302081889148207105,Atika Rahmawati,,,,6621,381,252,nona_atika,http://a0.twimg.com/profile_images/3212089341/4b5de6171ad6198a438b24c083416fb6_normal.jpeg,en,,,2,408493999,408493999,true,"Wed, 09 Nov 2011 14:03:23 +0000","<a href=""http://blackberry.com/twitter"" rel=""nofollow"">Twitter for BlackBerry®</a>",1,"Thu, 14 Feb 2013 15:48:29 +0000",,302081013159456768,Maulana Α Wicaksono,,"hanya mirip berandalanbukan sampah jalananapa mimpimu perjuangkan tujuanmubersama-sama kita bisacepat membendung energiwe are KAMTIS FAMILY",popies line,403,105,201,Albar_Einstein,http://a0.twimg.com/profile_images/3229150324/4bc15878812cfdbd8953929a6ffe3a6b_normal.jpeg,en,Jakarta,25200,,399627792,399627792,,"Thu, 27 Oct 2011 19:55:28 +0000","<a href=""http://ubersocial.com/"" rel=""nofollow"">UberSociаl for BlаckBerry</a>","Thu, 14 Feb 2013 15:45:00 +0000",,,,,,,,,,,,,,,,,,,,,,,,,,,,,,,,,,,,,,,,,,,,,,,,,,,,,,,,,,,,,,,,,,,,,,,,,,,,,,,,,,,,,,,,,,,,,,,,,,,,,,,,,,,,
3,web,Georgewashi,Bridge ,8110838,http://a0.twimg.com/profile_images/441828101/image_normal.jpg,http://twitter.com/georgewashi,twitter,"Thu, 14 Feb 2013 15:48:29 +0000","Wir drücken #Mobilee heute Abend beim #ESC-Vorentscheid (ab 20:15 Uhr, Das Erste) ganz fest die Daumen! #usfm",74138905527,http://twitter.com/georgewashi/statuses/74138905527,,de,100,,,,,,,,"Thu, 14 Feb 2013 15:48:29 +0000",,74138905527,,,,web,"Wir drücken #Mobilee heute Abend beim #ESC-Vorentscheid (ab 20:15 Uhr, Das Erste) ganz fest die Daumen! #usfm",Bridge ,,Stuttgart,447,300,423,Georgewashi,http://a0.twimg.com/profile_images/441828101/image_normal.jpg,de,8110838,8110838,"Sun, 02 Oct 2011 20:08:34 +0000",http://georgewashi.com,Dr.,6277363,70300228986,,,,,,,,,Berlin,3600,,5,true,,,,,,,,,,,,,,,,,,,,,,,,,,,,,,,,,,,,,,,,,,,,,,,,,,,,,,,,,,,,,,,,,,,,,Mobilee,,,,,,,,,,,,,,,,,,,,,,,,,,,,,,,,,,,,,,,,,,,,,,,,,,,,,,,,,,,,,,,,,,,,,,,,,,,,ESC,usfm,,,,,,,,,,,,,,,,,,,,,,,,,,,,,,
3,Twitter for Android,Arvak,Arvak ,5946179,http://a0.twimg.com/profile_images/345905708/image_normal.jpg,http://twitter.com/arvak,twitter,"Thu, 14 Feb 2013 15:48:29 +0000","RT @adulfhatlur: H
A
P
Y

V
A
L
N
T
I
E
N
Z

D
E
Y





Jk ur a fukin fagit nd ur nt getin laid tonite....",22007,http://twitter.com/arvak/statuses/22007,49,en,63,,,,,,,,,,22007,,,,,,,,,,,,,,,,,,,Azure,5255325,87137391371,,,,,,,,0,,,mostly_male,,,,,,,,,,,,,,,,,,,,,,,,,,,,"H
A
P
Y

V
A
L
N
T
I
E
N
Z

D
E
Y





Jk ur a fukin fagit nd ur nt getin laid tonite....",302081888703619072,Tuff Teddy ;D,,Michael & Alyssa Before all you bitches | Sophmore | #SunnysideFootball | #ChargersNation| Maga has been close to me for 8 years now and more to come (;,The Football Field,5120,288,259,thealebalmaceda,http://a0.twimg.com/profile_images/3123280805/3f9a0944fb95b9d59c5349d846251772_normal.jpeg,en,,,,462632155,462632155,,"Fri, 13 Jan 2012 05:04:26 +0000","<a href=""http://twitter.com/download/android"" rel=""nofollow"">Twitter for Android</a>",40,"Thu, 14 Feb 2013 15:48:29 +0000",,302081325609910273,Adulf Hatlur,http://www.gaztehjwsz.org,Beggust jws guser in teh wurld sum of mai joaks r harshz #卐卐卐 #OriginalAccount of Adulf Hatlur Kik me: adulfpls Snapchat: adulfpls,Auschwitz,1542,10764,49,adulfhatlur,http://a0.twimg.com/profile_images/3245182198/ea748e268f3993c3a976f1a0a02a58b8_normal.jpeg,en,Amsterdam,3600,14,843848210,843848210,,"Mon, 24 Sep 2012 16:06:59 +0000","<a href=""http://twitter.com/download/iphone"" rel=""nofollow"">Twitter for iPhone</a>","Thu, 14 Feb 2013 15:46:15 +0000",,,,,,,,,,,,,,,,,,,,,,,,,,,,,,,,,,,,,,,,,,,,,,,,,,,,,,,,,,,,,,,,,,,,,,,,,,,,,,,,,,,,,,,,,,,,,,,,,,,,,,,,,,,,
3,Mobile (2915120374),Beauty,Beauty ,65124,http://a0.twimg.com/profile_images/236505645/image_normal.jpg,http://twitter.com/beauty,facebook,"Thu, 14 Feb 2013 15:48:29 +0000",ga ada harga y lalu aq b'hujan td...,40534608089,http://twitter.com/beauty/statuses/40534608089,,id,100,,,,,,,,,,,,,,,,,,,,,,,,,,,,,,,,,,,,,,,,,,,,,,,,,,,,,,,,,,,,,,,,,,,,,,,,,,,,,,,,,,,,,,,,,,,,,,,,,,,,,,,,,,,,,,,,,,,,,,,,,,,,,,,,,,,,,,,,,,,,,,,,,,,,,,,,,,,,,,,,,,,Mobile,Aqah Aldira Canceres,100005172604563,http://www.facebook.com/profile.php?id=100005172604563,https://graph.facebook.com/100005172604563/picture,100005172604563_116809688501451,ga ada harga y lalu aq b'hujan td...,Mobile (2915120374),status,,,,,,,,,,,,,,,,,,,,1,Aqah Aldira Canceres,100005172604563,,,,,,,,,,,,,,,,,,,,,,,,,,,
3,Twitter for Android,Jonathan,Caesar ,4369959,http://a0.twimg.com/profile_images/701599616/image_normal.jpg,http://twitter.com/jonathan,twitter,"Thu, 14 Feb 2013 15:48:29 +0000","Tlong aja yaa..qm td k'mn beb.aq tlfn adk u yg angkt""@carver: Tunjukanlah Rsa Cinta.mu ,Coba Buat Mereka tau,Betapa Indah.ny Dunia",99921830184,http://twitter.com/jonathan/statuses/99921830184,47,ms,100,,,,,,,,"Thu, 14 Feb 2013 15:48:29 +0000",,99921830184,,7636912,carver,"<a href=""http://twitter.com/download/android"" rel=""nofollow"">Twitter for Android</a>","Tlong aja yaa..qm td k'mn beb.aq tlfn adk u yg angkt""@carver: Tunjukanlah Rsa Cinta.mu ,Coba Buat Mereka tau,Betapa Indah.ny Dunia",Caesar ,,Samarinda city,1006,166,188,Jonathan,http://a0.twimg.com/profile_images/701599616/image_normal.jpg,id,4369959,4369959,"Sat, 17 Nov 2012 02:26:44 +0000",http://jonathan.com,Carver,7636912,22688852180,,,,,,,,,,,,,true,,,,,,,,,,,,,,,,,,,,,,,,,,,,,,,,,,,,,,,,,,,,,,,,,,,,,,,,,,,,,,,,,,,,,,,,,,,,,,,,,,,,,,,,,,,,,,,,,,,,,,,,,,,,,,,,,,,,,,,,,,,,,,,,,,,,,,,,,,,,,,,,,,,,,,,,,,,,,,,,,,,,,,,,,,,,,,,,
3,Write Longer,Tantematt,Baptiste ,5043608,http://a0.twimg.com/profile_images/819707677/image_normal.jpg,http://twitter.com/tantematt,twitter,"Thu, 14 Feb 2013 15:48:29 +0000","RT @IndoLiverpoolfc: #LFC team v Zenit: Reina, Johnson, Enrique, Carragher, Skrtel, Allen, Henderson, Gerrard, Sterling, Downing, Suarez ...",21593770594,http://twitter.com/tantematt/statuses/21593770594,43,fr,62,,,,,,,,,,21593770594,,,,,,,,,,,,,,,,,,,Tikealica,9266049,69024645281,Reina,Person,Person,0,0,1,1,0,,,,,,team v,Johnson,Person,Person,0,0,1,1,team v,Enrique,Person,Person,0,0,1,1,team v,Carragher,Person,Person,0,0,1,1,team v,"#LFC team v Zenit: Reina, Johnson, Enrique, Carragher, Skrtel, Allen, Henderson, Gerrard, Sterling, Downing, Suarez. (Via: @LFC)",302081889638969345,ramarachman,,just like a tree that's standing by the water. we shall not be moved. #JFT96 #YNWA,milli fjölskyldu og vinum,77816,734,742,racengxracong,http://a0.twimg.com/profile_images/3220993713/b50eef0ee3158769c220ada8161ce4b6_normal.jpeg,en,Pacific Time (US & Canada),-28800,,162447772,162447772,true,"Sat, 03 Jul 2010 18:06:12 +0000","<a href=""http://www.writelonger.com"" rel=""nofollow"">Write Longer</a>",13,"Thu, 14 Feb 2013 15:48:29 +0000",LFC,302081292483305472,IndoLiverpoolFC,http://indolfc.blogspot.com,We are an independent twitter for Indonesia Kopites. You can share the information about Liverpool FC here. CP: indoliverpoolfc@yahoo.co.id #YNWA #JFT96,Indonesia,26569,29593,439,IndoLiverpoolfc,http://a0.twimg.com/profile_images/3088491118/6a47031c7ff6c82ec7dd541ac0990774_normal.jpeg,en,London,,176,233379665,233379665,,"Mon, 03 Jan 2011 02:36:32 +0000","<a href=""http://ubersocial.com"" rel=""nofollow"">UberSocial for BlackBerry</a>","Thu, 14 Feb 2013 15:46:07 +0000",,Skrtel,Person,Person,0,0,1,1,Allen,Person,Person,0,0,1,1,Henderson,Person,Person,0,0,1,1,Gerrard,Person,Person,0,0,1,1,Sterling,Person,Person,0,0,1,1,Downing,Person,Person,0,0,1,1,Suarez,Person,Person,0,0,1,1,,,,,,,,,,LFC,19583545,,,,,,,,,,,,,,,,,,,,,team v,team v,team v,team v,team v,team v,team v,,,,,,,,,,,,,,,,,,,,
3,Tweet Button,Sharonii,Carter ,6269659,http://a0.twimg.com/profile_images/242920161/image_normal.jpg,http://twitter.com/sharonii,twitter,"Thu, 14 Feb 2013 15:48:29 +0000",Bank of America Bombshell: Whistleblowers Reveal Orchestrated Coverup and Massive Borrower Harm | Alternet http://t.co/xCmMxnTl,28257284709,http://twitter.com/sharonii/statuses/28257284709,51,en,62,200,"Thu, 14 Feb 2013 04:33:53 +0000",,http://alternet.org/economy/bank-america-bombshell-whistleblowers-reveal-orchestrated-coverup-and-massive-borrower-harm,0,Bank of America Bombshell: Whistleblowers Reveal Orchestrated Coverup and Massive Borrower Harm | Alternet,http://www.alternet.org/economy/bank-america-bombshell-whistleblowers-reveal-orchestrated-coverup-and-massive-borrower-harm,"Thu, 14 Feb 2013 15:48:29 +0000",www.alternet.org,28257284709,http://www.alternet.org/economy/bank-america-bombshell-whistleblowers-reveal-orchestrated-coverup-and-massive-borrower-harm,,,"<a href=""http://twitter.com/tweetbutton"" rel=""nofollow"">Tweet Button</a>",Bank of America Bombshell: Whistleblowers Reveal Orchestrated Coverup and Massive Borrower Harm | Alternet http://t.co/xCmMxnTl,Carter ,,"Nye County, NV. U.S.A.",98074,3145,2895,Sharonii,http://a0.twimg.com/profile_images/242920161/image_normal.jpg,en,6269659,6269659,"Tue, 26 Aug 2008 16:32:00 +0000",http://sharonii.com,Dominicpe,6033786,64881893666,,,,,,,,-6,Pacific Time (US & Canada),-28800,,190,true,,,,,,,,,,,,,,,,,,,,,,,,,,,,,,,,,,,,,,,,,,,,,,,,,,,,,,,,,,,,,,,,,,,,,,,,,,,,,,,,,,,,,,,,,,,,,,,,,,,,,,,,,,,,,,,,,,,,,,,,,,,,,,,,,,,,,,,,,,,,,,,,,,,,,,,,,,,,,,,,,,,,,,,,,,,,,,,,
3,Twitter for BlackBerry®,Andrew,Carpathian ,7148902,http://a0.twimg.com/profile_images/968823150/image_normal.jpg,http://twitter.com/andrew,twitter,"Thu, 14 Feb 2013 15:48:29 +0000","Aku td terlelap dan membangun istana cinta dlm mimpi *asolole ~ RT ""@dr.donald(c: Hnyar ja hidup -&gt; RT @ God",67682280205,http://twitter.com/andrew/statuses/67682280205,44,ms,100,,,,,,,,"Thu, 14 Feb 2013 15:48:29 +0000",,67682280205,,132595,dr.donald(c,"<a href=""http://blackberry.com/twitter"" rel=""nofollow"">Twitter for BlackBerry®</a>","Aku td terlelap dan membangun istana cinta dlm mimpi *asolole ~ RT ""@dr.donald(c: Hnyar ja hidup -&gt; RT @ God",Carpathian ,,South Borneo,18228,790,462,Andrew,http://a0.twimg.com/profile_images/968823150/image_normal.jpg,id,7148902,7148902,"Wed, 04 Jul 2012 23:25:02 +0000",http://andrew.com,Dr.donald(c,132595,59728202992,,,,,,,,,,,,1,,,,,,,,,,,,,,,,,,,,,,,,,,,,,,,,,,,,,,,,,,,,,,,,,,,,,,,,,,,,,,,,,,,,,,,,,,,,,,,,,,,,,,,,,,,,,,,,,,,,,,,,,,,,,,,,,,,,,,,,,,,,,,,,,,,,,,,,,,,,,,,,,,,,,,,,,,,,,,,,,,,,,,,,,,,,,,,,,
3,Tigard_Weather 2,Andrew,Carpathian ,3705637,http://a0.twimg.com/profile_images/793074500/image_normal.jpg,http://twitter.com/andrew,twitter,"Thu, 14 Feb 2013 15:48:29 +0000","TD: Partly Cloudy and 35 F at Portland/Hillsboro, OR Winds are North at 3.5 MPH (3 KT). The pressure is 1034.5 mb and t http://t.co/pnJ6ADFO",68517733342,http://twitter.com/andrew/statuses/68517733342,28,en,100,200,"Thu, 14 Feb 2013 00:28:37 +0000",,http://s2z.us/cm.htm,0,SWAS,http://s2z.us/cm.htm,"Thu, 14 Feb 2013 15:48:29 +0000",s2z.us,68517733342,http://s2z.us/cm.htm,,,"<a href=""http://www.swasalert.com/"" rel=""nofollow"">Tigard_Weather 2</a>","TD: Partly Cloudy and 35 F at Portland/Hillsboro, OR Winds are North at 3.5 MPH (3 KT). The pressure is 1034.5 mb and t http://t.co/pnJ6ADFO",Carpathian ,,"Tigard, Oregon",26305,668,652,Andrew,http://a0.twimg.com/profile_images/793074500/image_normal.jpg,en,3705637,3705637,"Tue, 29 Sep 2009 23:39:19 +0000",http://andrew.com,Bigcasino,7204466,99274393729,Portland,Place,Place,-2,1,1,1,-2,Pacific Time (US & Canada),-28800,,9,,partly cloudy,,,,,,,,,,,,,,,,,,,,,,,,,,,,,,,,,,,,,,,,,,,,,,,,,,,,,,,,,,,,,,,,,,,,,,,,,,,,,,,,,,,,,,,,,,,,,,,,,,,,,,,,,,,,,,,,,,,,,,,,,,,,,,,,,,,,,,,,,,,,,t http,,,,,,,,,,,,,,,,,,,,,,,,,,,,,,,,,,
3,web,Blackwell,Blackwell ,7606342,http://a0.twimg.com/profile_images/924672985/image_normal.jpg,http://twitter.com/blackwell,twitter,"Thu, 14 Feb 2013 15:48:29 +0000","@bonebreaker drg al tpi mana sy biasa. isolated betul saya td. nasib last2 ada mamaeg dgn soph. bukan dpt duit sna, kalah judi adalah",61471365788,http://twitter.com/blackwell/statuses/61471365788,35,ms,100,,,,,,,,"Thu, 14 Feb 2013 15:48:29 +0000",,61471365788,,133251,bonebreaker,web,"@bonebreaker drg al tpi mana sy biasa. isolated betul saya td. nasib last2 ada mamaeg dgn soph. bukan dpt duit sna, kalah judi adalah",Blackwell ,,kota kinabalu,8490,251,186,Blackwell,http://a0.twimg.com/profile_images/924672985/image_normal.jpg,en,7606342,7606342,"Thu, 28 Jul 2011 15:28:03 +0000",http://blackwell.com,Bonebreaker,133251,18911111564,,,,,,,,,Kuala Lumpur,28800,mostly_male,1,true,,,,,,,,,,,,,,,,,,,,,,,,,,,,,,,,,,,,,,,,,,,,,,,,,,,,,,,,,,,,,,,,,,,,,,,,,,,,,,,,,,,,,,,,,,,,,,,,,,,,,,,,,,,,,,,,,,,,,,,,,,,,,,,,,,,,,,,,,,,,,,,,,,,,,,,,,,,,,,,,,,,,,,,,,,,,,,,,
3,UberSocial for BlackBerry,Itzhak,Berditchev ,7020742,http://a0.twimg.com/profile_images/743077697/image_normal.jpg,http://twitter.com/itzhak,twitter,"Thu, 14 Feb 2013 15:48:30 +0000",@arakiii kirim foto dong kakak yg final td :D,33778395596,http://twitter.com/itzhak/statuses/33778395596,38,id,100,,,,,,,,"Thu, 14 Feb 2013 15:48:30 +0000",,33778395596,,3926981,arakiii,"<a href=""http://ubersocial.com"" rel=""nofollow"">UberSocial for BlackBerry</a>",@arakiii kirim foto dong kakak yg final td :D,Berditchev ,,Depan kiper ,9723,298,251,Itzhak,http://a0.twimg.com/profile_images/743077697/image_normal.jpg,en,7020742,7020742,"Wed, 09 May 2012 03:11:05 +0000",http://itzhak.com,Arakiii,3926981,50174296530,,,,,,,,,Bangkok,25200,female,,,,,,,,,,,,,,,,,,,,,,,,,,,,,,,,,,,,,,,,,,,,,,,,,,,,,,,,,,,,,,,,,,,,,,,,,,,,,,,,,,,,,,,,,,,,,,,,,,,,,,,,,,,,,,,,,,,,,,,,,,,,,,,,,,,,,,,,,,,,,,,,,,,,,,,,,,,,,,,,,,,,,,,,,,,,,,,,,,
3,Mobile Web (M2),Ashema[celestial],Ashema [celestial] ,6924963,http://a0.twimg.com/profile_images/910751871/image_normal.jpg,http://twitter.com/ashema[celestial],twitter,"Thu, 14 Feb 2013 15:48:30 +0000",RT @LondonCannabis: Just to let you all know we will be launching the LCC private seed bank soon for all our members - look out for... h ...,70203455723,http://twitter.com/ashema[celestial]/statuses/70203455723,35,en,96,200,"Thu, 14 Feb 2013 11:13:18 +0000",http://fb.me/1WFWwFOL6,https://facebook.com/photo.php?fbid=472192419495929&l=a60be58ee1,0,Timeline Photos | Facebook,https://www.facebook.com/photo.php?fbid=472192419495929&l=a60be58ee1,,,70203455723,,,,,,,,,,,,,,,,,,,Hannah,4077623,83764272485,,,,,,,,0,,,unisex,,,,,,,,,,,,,,,,,,,,,,,,,,,,Just to let you all know we will be launching the LCC private seed bank soon for all our members - look out for... http://t.co/j5MuJjcx,302081891564154882,La palabra de Dios,,La palabra de Dios,,75590,1615,2002,orfelina048,http://a0.twimg.com/profile_images/2359588187/pkjuhrhxp6dkbftyc65b_normal.jpeg,es,,,24,527055900,527055900,,"Sat, 17 Mar 2012 03:35:02 +0000","<a href=""https://mobile.twitter.com"" rel=""nofollow"">Mobile Web (M2)</a>",3,"Thu, 14 Feb 2013 15:48:30 +0000",,302012562256568320,London Cannabis Club,http://tinyurl.com/london-cannabis-club,The London Cannabis Club is the largest UK cannabis social club & part of the UKCSC. We are proud members of #dopetribe - email lcc@tormail.org for more info,"London, UK",4001,870,311,LondonCannabis,http://a0.twimg.com/profile_images/3234834105/3e65018662a58c2d04b47f71591d0f77_normal.jpeg,en,,,19,399476412,399476412,,"Thu, 27 Oct 2011 15:15:04 +0000","<a href=""http://www.facebook.com/twitter"" rel=""nofollow"">Facebook</a>","Thu, 14 Feb 2013 11:13:00 +0000",,,,,,,,,,,,,,,,,,,,,,,,,,,,,,,,,,,,,,,,,,,,,,,,,,,,,,,,,,,,,,,,,,,,,,,,,,,,,,,,,,,,,,,,,http://fb.me/1WFWwFOL6,fb.me,,,,,,,,,,,,,,,,,,
3,,Mrs.,Ballantine ,7453386,http://a0.twimg.com/profile_images/982064845/image_normal.jpg,http://twitter.com/mrs.,youtube,"Thu, 14 Feb 2013 15:48:30 +0000","We see your potential...do you see theirs? Foster a child from residential care and change a life. It's not easy, but for doing an extraordinary job you can expect an extraordinary package of emotional, practical and financial support. Find out more at www.staffordshire.gov.uk/changealife",10163048747,http://twitter.com/mrs./statuses/10163048747,,en,96,,,,,,,,,,,,,,,,,,,,,,,,,,,,,,,,,,,,,,,2,,,,,,,,,,,,,,,,,,,,,,,,,,,,,,,,,,,,,,,,,,,,,,,,,,,,,,,,,,,,,,,,,,,,,,,,,,,,,,,,,,,,,,,,,,,,,,,,,,,,,,,,,,,,,,,,,,,,,,,,,,,,,,,,,,,,,,,,,,,,,,,,,,,,,,,,,,,,,,,,,,,,"Resilience fostering: seeing potential, changing lives",html,5,"Thu, 14 Feb 2013 15:48:30 +0000",1e276bdfa9c9ab00e061e815e017722a,StaffsCC,http://youtube.com/staffscc,"We see your potential...do you see theirs? Foster a child from residential care and change a life. It's not easy, but for doing an extraordinary job you can expect an extraordinary package of emotional, practical and financial support. Find out more at www.staffordshire.gov.uk/changealife","Resilience fostering: seeing potential, changing lives",html,video,http://www.youtube.com/watch?v=PYsaPSl2DwM,250,People &#38; Blogs,,,,
3,Twitter for Android,Dr.julia,Caputo ,5563087,http://a0.twimg.com/profile_images/350260688/image_normal.jpg,http://twitter.com/dr.julia,twitter,"Thu, 14 Feb 2013 15:48:30 +0000","RT @adulfhatlur: H
A
P
Y

V
A
L
N
T
I
E
N
Z

D
E
Y





Jk ur a fukin fagit nd ur nt getin laid tonite....",54822849226,http://twitter.com/dr.julia/statuses/54822849226,44,en,63,,,,,,,,,,54822849226,,,,,,,,,,,,,,,,,,,Birdbrain,8880227,13,,,,,,,,0,,,,,,,,,,,,,,,,,,,,,,,,,,,,,,,"H
A
P
Y

V
A
L
N
T
I
E
N
Z

D
E
Y





Jk ur a fukin fagit nd ur nt getin laid tonite....",302081892038090752,2fab4u,,alexis. 15. good vibes. audrey hepburn. Kendall/kylie jenner. i will be famous. food.,,2961,251,339,skinnyweenie,http://a0.twimg.com/profile_images/3172699294/d1d21a0a8bc5428d1696fec905ae66e8_normal.jpeg,en,,,,814178815,814178815,,"Mon, 10 Sep 2012 00:45:00 +0000","<a href=""http://twitter.com/download/android"" rel=""nofollow"">Twitter for Android</a>",41,"Thu, 14 Feb 2013 15:48:30 +0000",,302081325609910273,Adulf Hatlur,http://www.gaztehjwsz.org,Beggust jws guser in teh wurld sum of mai joaks r harshz #卐卐卐 #OriginalAccount of Adulf Hatlur Kik me: adulfpls Snapchat: adulfpls,Auschwitz,1542,10764,49,adulfhatlur,http://a0.twimg.com/profile_images/3245182198/ea748e268f3993c3a976f1a0a02a58b8_normal.jpeg,en,Amsterdam,3600,14,843848210,843848210,,"Mon, 24 Sep 2012 16:06:59 +0000","<a href=""http://twitter.com/download/iphone"" rel=""nofollow"">Twitter for iPhone</a>","Thu, 14 Feb 2013 15:46:15 +0000",,,,,,,,,,,,,,,,,,,,,,,,,,,,,,,,,,,,,,,,,,,,,,,,,,,,,,,,,,,,,,,,,,,,,,,,,,,,,,,,,,,,,,,,,,,,,,,,,,,,,,,,,,,,
3,cuwocobug,Jesus,Badalamente ,5573375,http://a0.twimg.com/profile_images/781718122/image_normal.jpg,http://twitter.com/jesus,twitter,"Thu, 14 Feb 2013 15:48:30 +0000",free quote for car insurance cheapest van insurer,93527559586,http://twitter.com/jesus/statuses/93527559586,,en,100,,,,,,,,"Thu, 14 Feb 2013 15:48:30 +0000",,93527559586,,,,"<a href=""http://kayleenh2i.com"" rel=""nofollow"">cuwocobug</a>",free quote for car insurance cheapest van insurer,Badalamente ,,,10,14,420,Jesus,http://a0.twimg.com/profile_images/781718122/image_normal.jpg,en,5573375,5573375,"Fri, 16 Nov 2012 18:26:04 +0000",http://jesus.com,Marcusdani,6894939,89296611119,,,,,,,,0,,,male,,,,,,,,,,,,,,,,,,,,,,,,,,,,,,,,,,,,,,,,,,,,,,,,,,,,,,,,,,,,,,,,,,,,,,,,,,,,,,,,,,,,,,,,,,,,,,,,,,,,,,,,,,,,,,,,,,,,,,,,,,,,,,,,,,,,,,,,,,,,,,,,,,,,,,,,,,,,,,,,,,,,,,,,,,,,,,,,,,
3,TweetDeck,Arko,Arko ,7278999,http://a0.twimg.com/profile_images/108717445/image_normal.jpg,http://twitter.com/arko,twitter,"Thu, 14 Feb 2013 15:48:30 +0000",RT @M3Insurance: M3’s Nan Pum takes part in Career Week at Edgewood College as a panelist talking about careers in insurance. http://t.c ...,57894433080,http://twitter.com/arko/statuses/57894433080,43,en,100,200,"Thu, 14 Feb 2013 14:53:38 +0000",,http://edgewood.edu/ParentsFamily/CareerServices.aspx,0,Career Services,http://www.edgewood.edu/ParentsFamily/CareerServices.aspx,,,57894433080,,,,,,,,,,,,,,,,,,,Blacktaloniii,9160294,45796247408,,,,,,,,0,,,,,,,,,,,,,,,,,,,,,,,,,,,,,,,M3’s Nan Pum takes part in Career Week at Edgewood College as a panelist talking about careers in insurance. http://t.co/vO5LI4v5,302081893116022784,Edgewood College,http://www.edgewood.edu,Marketing & Communications Office at Edgewood College.,"Madison, WI",362,406,57,EdgewoodCollege,http://a0.twimg.com/profile_images/1477780232/ECLogoStacked2c150x145-small_normal.jpg,en,Central Time (US & Canada),-21600,12,277590401,277590401,,"Tue, 05 Apr 2011 17:41:24 +0000","<a href=""http://www.tweetdeck.com"" rel=""nofollow"">TweetDeck</a>",1,"Thu, 14 Feb 2013 15:48:30 +0000",,302068043914301441,M3 Insurance,http://m3ins.com,"M3 Insurance is Wisconsin’s largest privately held commercial insurance agency, consistently ranked in the top 1% of insurance brokers nationwide. ","Madison, WI",285,183,55,M3Insurance,http://a0.twimg.com/profile_images/927437059/M3_bug_4c_blue_normal.JPG,en,Central Time (US & Canada),-21600,9,146219527,146219527,,"Thu, 20 May 2010 22:14:01 +0000",web,"Thu, 14 Feb 2013 14:53:28 +0000",,,,,,,,,,,,,,,,,,,,,,,,,,,,,,,,,,,,,,,,,,,,,,,,,,,,,,,,,,,,,,,,,,,,,,,,,,,,,,,,,,,,,,,,,http://www.edgewood.edu/ParentsFamily/CareerServices.aspx,www.edgewood.edu,,,,,,,,,,,,,,,,,,
3,Tweet Button,Aria,Aria ,9672427,http://a0.twimg.com/profile_images/912877453/image_normal.jpg,http://twitter.com/aria,twitter,"Thu, 14 Feb 2013 15:48:30 +0000",Just synced my American Express card to my Twitter account and got $10. Will we buy everything with tweets now?? #BuyAmexGiftCard25,42256611422,http://twitter.com/aria/statuses/42256611422,31,en,100,,,,,,,,"Thu, 14 Feb 2013 15:48:30 +0000",,42256611422,,,,"<a href=""http://twitter.com/tweetbutton"" rel=""nofollow"">Tweet Button</a>",Just synced my American Express card to my Twitter account and got $10. Will we buy everything with tweets now?? #BuyAmexGiftCard25,Aria ,,Chicago,390,109,272,Aria,http://a0.twimg.com/profile_images/912877453/image_normal.jpg,en,9672427,9672427,"Fri, 18 Feb 2011 18:32:15 +0000",http://aria.com,Lt.paul,3818233,91369998408,,,,,,,,0,Mountain Time (US & Canada),-25200,male,4,true,,,,,,,,,,,,,,,,,,,,,,,,,,,,,,,,,,,,,,,,,,,,,,,,,,,,,,,,,,,,,,,,,,,,,BuyAmexGiftCard25,,,,,,,,,,,,,,,,,,,,,,,,,,,,,,,,,,,,,,,,,,,,,,,,,,,,,,,,,,,,,,,,,,,,,,,,,,,,,,,,,,,,,,,,,,,,,,,,,,,,,,,,,,,
3,web,Bartos,Bartos ,1758748,http://a0.twimg.com/profile_images/631844276/image_normal.jpg,http://twitter.com/bartos,twitter,"Thu, 14 Feb 2013 15:48:30 +0000","RT @SenateAg: Cattle stocks down 3.4 million head in #Kansas, #Oklahoma, and #Texas btwn 2011-2013. #agchat",21606509271,http://twitter.com/bartos/statuses/21606509271,24,en,100,,,,,,,,,,21606509271,,,,,,,,,,,,,,,,,,,Abcissa,9937178,21448198310,,,,,,,,0,,,female,,,,,,,,,,,,,,,,,,,,,,,,,,,,"Cattle stocks down 3.4 million head in #Kansas, #Oklahoma, and #Texas btwn 2011-2013. #agchat",302081893040545792,Alyssa Word,,"I find each day too short for all the thoughts I want to think...all the books I want to read, and all the friends I want to see - John Burroughs","Washington, DC",258,52,127,Alyssabw,http://a0.twimg.com/profile_images/2324094108/0odw7gxckrrsj9h3vrg7_normal.jpeg,en,Mountain Time (US & Canada),-25200,,57741386,57741386,,"Fri, 17 Jul 2009 20:03:31 +0000",web,5,"Thu, 14 Feb 2013 15:48:30 +0000",Kansas,302070056660115456,Senate Ag Committee,http://ag.senate.gov,"Updates from the Office of Chairwoman Debbie Stabenow, U.S. Senate Committee on Agriculture, Nutrition and Forestry","Washington, DC",400,5094,646,SenateAg,http://a0.twimg.com/profile_images/1677340604/senateag_normal.png,en,Atlantic Time (Canada),-14400,207,233696188,233696188,true,"Mon, 03 Jan 2011 22:06:57 +0000","<a href=""http://www.tweetdeck.com"" rel=""nofollow"">TweetDeck</a>","Thu, 14 Feb 2013 15:01:28 +0000",,,,,,,,,,,,,,,,,,,,,,,,,,,,,,,,,,,,,,,,,,,,,,,,,,,,,,,,,,,,,,,,,,,,,,,,,true,,,,,,,,,,,,,,,,,,,,,,,,,,,,,,,,Oklahoma,Texas,agchat,
3,LeonoraHeadrick,Feliciaha,Black Cat ,3787629,http://a0.twimg.com/profile_images/821824726/image_normal.jpg,http://twitter.com/feliciaha,twitter,"Thu, 14 Feb 2013 15:48:30 +0000",cash advance loans in fresno ca http://t.co/KaDyY8hM,90003809239,http://twitter.com/feliciaha/statuses/90003809239,,en,100,200,"Thu, 14 Feb 2013 15:48:30 +0000",,http://tccashtown.s3.amazonaws.com/topcashlist/cash-advance-loans-in-fresno-ca.html,0,Cash Advance Loans In Fresno Ca Quick and Easy Online Application,http://tccashtown.s3.amazonaws.com/topcashlist/cash-advance-loans-in-fresno-ca.html,"Thu, 14 Feb 2013 15:48:30 +0000",tccashtown.s3.amazonaws.com,90003809239,http://tccashtown.s3.amazonaws.com/topcashlist/cash-advance-loans-in-fresno-ca.html,,,"<a href=""http://LeonoraHeadrick.com"" rel=""nofollow"">LeonoraHeadrick</a>",cash advance loans in fresno ca http://t.co/KaDyY8hM,Black Cat ,,,29,331,17,Feliciaha,http://a0.twimg.com/profile_images/821824726/image_normal.jpg,en,3787629,3787629,"Sat, 26 Jan 2013 03:24:32 +0000",http://feliciaha.com,Jonas,1780289,14348273351,fresno,Place,Place,0,1,1,1,0,,,female,,,cash advance loans,,,,,,,,,,,,,,,,,,,,,,,,,,,,,,,,,,,,,,,,,,,,,,,,,,,,,,,,,,,,,,,,,,,,,,,,,,,,,,,,,,,,,,,,,,,,,,,,,,,,,,,,,,,,,,,,,,,,,,,,,,,,,,,,,,,,,,,,,,,,,,,,,,,,,,,,,,,,,,,,,,,,,,,,,,,,,,,
3,twitterfeed,Dr.will,Carrion Iii ,27,http://a0.twimg.com/profile_images/131603512/image_normal.jpg,http://twitter.com/dr.will,twitter,"Thu, 14 Feb 2013 15:48:28 +0000","EANS-Voting Rights: GSW Immobilien AG / Release according to article 26, section
1 WpHG (Securities Trad... http://t.co/dn2hpzDa APA OTS",59378060675,http://twitter.com/dr.will/statuses/59378060675,42,en,100,200,"Thu, 14 Feb 2013 15:48:30 +0000",http://bit.ly/XF8f3z,http://ots.at/presseaussendung/OTE_20130214_OTE0014/eans-voting-rights-gsw-immobilien-ag-release-according-to-article-26-section-1-wphg-securities-trading-act-with-the-aim-of-europe-wide-distribution,0,"EANS-Voting Rights: GSW Immobilien AG / Release according to article 26, section1 WpHG (Securities Trading Act) with the aim of Europe-wide distribution | GSW Immobilien AG, 14.02.2013 | ots.at",http://www.ots.at/presseaussendung/OTE_20130214_OTE0014/eans-voting-rights-gsw-immobilien-ag-release-according-to-article-26-section-1-wphg-securities-trading-act-with-the-aim-of-europe-wide-distribution,"Thu, 14 Feb 2013 15:48:28 +0000",bit.ly,59378060675,http://bit.ly/XF8f3z,,,"<a href=""http://twitterfeed.com"" rel=""nofollow"">twitterfeed</a>","EANS-Voting Rights: GSW Immobilien AG / Release according to article 26, section
1 WpHG (Securities Trad... http://t.co/dn2hpzDa APA OTS",Carrion Iii ,,Österreich Deutschland Schweiz,10596,321,526,Dr.will,http://a0.twimg.com/profile_images/131603512/image_normal.jpg,de,27,27,"Wed, 24 Oct 2012 12:49:09 +0000",http://dr.will.com,Kimberlydee,5832950,83004998392,,,,,,,,0,Amsterdam,3600,,1,,,,,,,,,,,,,,,,,,,,,,,,,,,,,,,,,,,,,,,,,,,,,,,,,,,,,,,,,,,,,,,,,,,,,,,,,,,,,,,,,,,,,,,,,,,,,,,,,,,,,,,,,,,,,,,,,,,,,,,,,,,,,,,,,,,,,,,,,,,,,,,,,,,,,,,,,,,,,,,,,,,,,,,,,,,,,,,,,http://www.ots.at/presseaussendung/OTE_20130214_OTE0014?utm_campaign=Presse&utm_term=OTS&utm_content=Presseaussendung&utm_source=twitterfeed&utm_medium=twitter
3,Twitter for Android,Bear,Bear ,9393495,http://a0.twimg.com/profile_images/888349118/image_normal.jpg,http://twitter.com/bear,twitter,"Thu, 14 Feb 2013 15:48:30 +0000",Chase and I have that michael kors arm candy today,53590268688,http://twitter.com/bear/statuses/53590268688,47,en,100,,,,,,,,"Thu, 14 Feb 2013 15:48:30 +0000",,53590268688,,,,"<a href=""http://twitter.com/download/android"" rel=""nofollow"">Twitter for Android</a>",Chase and I have that michael kors arm candy today,Bear ,,,9705,362,322,Bear,http://a0.twimg.com/profile_images/888349118/image_normal.jpg,en,9393495,9393495,"Mon, 23 May 2011 15:34:03 +0000",http://bear.com,Safron,6849401,32821065187,,,,,,,,0,Pacific Time (US & Canada),-28800,female,,true,,,,,,,,,,,,,,,,,,,,,,,,,,,,,,,,,,,,,,,,,,,,,,,,,,,,,,,,,,,,,,,,,,,,,,,,,,,,,,,,,,,,,,,,,,,,,,,,,,,,,,,,,,,,,,,,,,,,,,,,,,,,,,,,,,,,,,,,,,,,,,,,,,,,,,,,,,,,,,,,,,,,,,,,,,,,,,,,
3,web,Antiquary,Antiquary ,6517762,http://a0.twimg.com/profile_images/623038565/image_normal.jpg,http://twitter.com/antiquary,twitter,"Thu, 14 Feb 2013 15:48:30 +0000",RT @frasedesarcasmo: —¡CUIDADO CON EL BESO! —¿Cuál bes...,45183878205,http://twitter.com/antiquary/statuses/45183878205,,af,62,,,,,,,,,,45183878205,,,,,,,,,,,,,,,,,,,Tikealica,3557910,29163904837,,,,,,,,,,,female,,,,,,,,,,,,,,,,,,,,,,,,,,,,—¡CUIDADO CON EL BESO! —¿Cuál bes...,302081894755995648,Malena Perez ღ,,Chicos y chicas quieren ROCK♥,,1535,178,168,Maale_Ntvg10,http://a0.twimg.com/profile_images/3250713620/0c89cc872d68b914f8ff1b1913bc95b4_normal.jpeg,es,Brasilia,-10800,,907420700,907420700,true,"Sat, 27 Oct 2012 05:18:09 +0000",web,1725,"Thu, 14 Feb 2013 15:48:30 +0000",,301009683974610944,Sarcasmos!,http://antiyou.org,"Síguenos, y llena tu TL de los mejores sarcasmos de todo twitter ,retweet si te indentificas. ♥",,42876,2009021,44,frasedesarcasmo,http://a0.twimg.com/profile_images/3216144619/fd4821b9aa34f5be2fe7a4d5317600eb_normal.gif,en,Caracas,-16200,6763,189534066,189534066,true,"Sat, 11 Sep 2010 14:46:05 +0000","<a href=""http://www.tweetdeck.com"" rel=""nofollow"">TweetDeck</a>","Mon, 11 Feb 2013 16:47:55 +0000",,,,,,,,,,,,,,,,,,,,,,,,,,,,,,,,,,,,,,,,,,,,,,,,,,,,,,,,,,,,,,,,,,,,,,,,,,,,,,,,,,,,,,,,,,,,,,,,,,,,,,,,,,,,

