demographic/gender,interaction/schema/version,interaction/source,interaction/author/username,interaction/author/name,interaction/author/id,interaction/author/avatar,interaction/author/link,interaction/type,interaction/created_at,interaction/content,interaction/id,interaction/link,interaction/geo/latitude,interaction/geo/longitude,klout/score,language/tag,language/confidence,links/code/0,links/created_at/0,links/hops/0/0,links/normalized_url/0,links/retweet_count/0,links/title/0,links/url/0,salience/content/sentiment,twitter/created_at,twitter/domains/0,twitter/geo/latitude,twitter/geo/longitude,twitter/id,twitter/links/0,twitter/place/id,twitter/place/url,twitter/place/place_type,twitter/place/country,twitter/place/country_code,twitter/place/full_name,twitter/place/name,twitter/source,twitter/text,twitter/user/name,twitter/user/description,twitter/user/location,twitter/user/statuses_count,twitter/user/followers_count,twitter/user/friends_count,twitter/user/screen_name,twitter/user/profile_image_url,twitter/user/lang,twitter/user/time_zone,twitter/user/utc_offset,twitter/user/listed_count,twitter/user/id,twitter/user/id_str,twitter/user/geo_enabled,twitter/user/created_at,twitter/user/url,twitter/in_reply_to_screen_name,twitter/in_reply_to_user_id,twitter/in_reply_to_status_id,facebook/application,facebook/author/name,facebook/author/id,facebook/author/link,facebook/author/avatar,facebook/description,facebook/id,facebook/link,facebook/name,facebook/source,facebook/type,interaction/title,twitter/retweet/text,twitter/retweet/id,twitter/retweet/user/name,twitter/retweet/user/description,twitter/retweet/user/location,twitter/retweet/user/statuses_count,twitter/retweet/user/followers_count,twitter/retweet/user/friends_count,twitter/retweet/user/screen_name,twitter/retweet/user/profile_image_url,twitter/retweet/user/lang,twitter/retweet/user/time_zone,twitter/retweet/user/utc_offset,twitter/retweet/user/id,twitter/retweet/user/id_str,twitter/retweet/user/created_at,twitter/retweet/source,twitter/retweet/count,twitter/retweet/created_at,twitter/retweeted/id,twitter/retweeted/user/name,twitter/retweeted/user/statuses_count,twitter/retweeted/user/followers_count,twitter/retweeted/user/friends_count,twitter/retweeted/user/screen_name,twitter/retweeted/user/profile_image_url,twitter/retweeted/user/lang,twitter/retweeted/user/time_zone,twitter/retweeted/user/utc_offset,twitter/retweeted/user/id,twitter/retweeted/user/id_str,twitter/retweeted/user/created_at,twitter/retweeted/source,twitter/retweeted/created_at,twitter/mention_ids/0,twitter/mentions/0,interaction/contenttype,salience/content/entities/0/name,salience/content/entities/0/type,salience/content/entities/0/label,salience/content/entities/0/sentiment,salience/content/entities/0/evidence,salience/content/entities/0/confident,salience/content/entities/0/about,salience/content/entities/0/themes/0,salience/content/entities/0/themes/1,salience/content/entities/0/themes/2,salience/content/entities/0/themes/3,salience/content/entities/0/themes/4,salience/content/entities/0/themes/5,salience/content/entities/1/name,salience/content/entities/1/type,salience/content/entities/1/label,salience/content/entities/1/sentiment,salience/content/entities/1/evidence,salience/content/entities/1/confident,salience/content/entities/1/about,salience/content/entities/1/themes/0,salience/content/entities/1/themes/1,salience/content/entities/1/themes/2,salience/content/entities/1/themes/3,salience/content/entities/1/themes/4,salience/content/entities/1/themes/5,salience/content/entities/2/name,salience/content/entities/2/type,salience/content/entities/2/label,salience/content/entities/2/sentiment,salience/content/entities/2/evidence,salience/content/entities/2/confident,salience/content/entities/2/about,salience/content/entities/2/themes/0,salience/content/entities/2/themes/1,salience/content/entities/2/themes/2,salience/content/entities/2/themes/3,salience/content/entities/2/themes/4,salience/content/entities/2/themes/5,salience/content/entities/3/name,salience/content/entities/3/type,salience/content/entities/3/label,salience/content/entities/3/sentiment,salience/content/entities/3/evidence,salience/content/entities/3/confident,salience/content/entities/3/about,salience/content/entities/3/themes/0,salience/content/entities/3/themes/1,salience/content/entities/3/themes/2,salience/content/entities/3/themes/3,salience/content/entities/3/themes/4,salience/content/entities/3/themes/5,salience/content/entities/4/name,salience/content/entities/4/type,salience/content/entities/4/label,salience/content/entities/4/sentiment,salience/content/entities/4/evidence,salience/content/entities/4/confident,salience/content/entities/4/about,salience/content/entities/4/themes/0,salience/content/entities/4/themes/1,salience/content/entities/4/themes/2,salience/content/entities/4/themes/3,salience/content/entities/4/themes/4,salience/content/entities/4/themes/5,salience/title/sentiment,youtube/created_at,youtube/id,youtube/author/name,youtube/author/link,youtube/content,youtube/title,youtube/contenttype,youtube/type,youtube/videolink,youtube/duration,youtube/category,salience/content/entities/5/name,salience/content/entities/5/type,salience/content/entities/5/label,salience/content/entities/5/sentiment,salience/content/entities/5/evidence,salience/content/entities/5/confident,salience/content/entities/5/about,salience/content/entities/6/name,salience/content/entities/6/type,salience/content/entities/6/label,salience/content/entities/6/sentiment,salience/content/entities/6/evidence,salience/content/entities/6/confident,salience/content/entities/6/about,salience/content/entities/7/name,salience/content/entities/7/type,salience/content/entities/7/label,salience/content/entities/7/sentiment,salience/content/entities/7/evidence,salience/content/entities/7/confident,salience/content/entities/7/about,salience/content/entities/8/name,salience/content/entities/8/type,salience/content/entities/8/label,salience/content/entities/8/sentiment,salience/content/entities/8/evidence,salience/content/entities/8/confident,salience/content/entities/8/about,salience/content/entities/9/name,salience/content/entities/9/type,salience/content/entities/9/label,salience/content/entities/9/sentiment,salience/content/entities/9/evidence,salience/content/entities/9/confident,salience/content/entities/9/about,salience/content/entities/10/name,salience/content/entities/10/type,salience/content/entities/10/label,salience/content/entities/10/sentiment,salience/content/entities/10/evidence,salience/content/entities/10/confident,salience/content/entities/10/about,twitter/retweet/user/url,twitter/retweeted/user/url,twitter/retweeted/user/description,twitter/retweeted/user/location,twitter/retweeted/user/listed_count,twitter/retweeted/user/geo_enabled,twitter/retweeted/user/verified,twitter/retweet/user/listed_count,facebook/message,twitter/retweet/mentions/0,twitter/retweet/mentions/1,twitter/retweet/mentions/2,twitter/retweet/mentions/3,twitter/retweet/mentions/4,twitter/retweet/mentions/5,twitter/retweet/mention_ids/0,twitter/retweet/mention_ids/1,twitter/retweet/mention_ids/2,twitter/retweet/mention_ids/3,twitter/retweet/mention_ids/4,twitter/retweet/mention_ids/5,twitter/retweet/hashtags/0,twitter/retweet/user/geo_enabled,facebook/to/names/0,facebook/to/ids/0,facebook/og/page
unisex,3,foursquare,Rachel,Carpenter ,5906926,http://a0.twimg.com/profile_images/0/image_normal.jpg,http://twitter.com/rachel,twitter,"Thu, 14 Feb 2013 15:48:42 +0000",Comenzo el show (@ Scotiabank) http://t.co/DL5JROOg,90473540010,http://twitter.com/rachel/statuses/90473540010,-33.44084549,-70.6535734,43,en,62,401,"Thu, 14 Feb 2013 15:48:42 +0000",http://4sq.com/VfQDxk,,0,,http://4sq.com/VfQDxk,0,"Thu, 14 Feb 2013 15:48:42 +0000",4sq.com,-33.44084549,-70.6535734,90473540010,http://4sq.com/VfQDxk,47a3cf27863714de,http://api.twitter.com/1/geo/id/47a3cf27863714de.json,country,Chile,CL,Chile,Chile,"<a href=""http://foursquare.com"" rel=""nofollow"">foursquare</a>",Comenzo el show (@ Scotiabank) http://t.co/DL5JROOg,Carpenter ,,Santiago de Chile / Lima ,6740,310,492,Rachel,http://a0.twimg.com/profile_images/0/image_normal.jpg,en,Santiago,-14400,1,5906926,5906926,true,"Mon, 14 Sep 2009 00:42:14 +0000",http://rachel.com,Boomslang,7,41045976127,,,,,,,,,,,,,,,,,,,,,,,,,,,,,,,,,,,,,,,,,,,,,,,,,,,,,,,,,,,,,,,,,,,,,,,,,,,,,,,,,,,,,,,,,,,,,,,,,,,,,,,,,,,,,,,,,,,,,,,,,,,,,,,,,,,,,,,,,,,,,,,,,,,,,,,,,,,,,,,,,,,,,,,,,,,,,,,,,,,,,,,,,,,,,,,,,,
,3,Notes (2347471856),Ajax,Ajax ,4185106,http://a0.twimg.com/profile_images/573234270/image_normal.jpg,http://twitter.com/ajax,facebook,"Thu, 14 Feb 2013 15:48:41 +0000","
Il 24 dicembre 2011 il governo cinese, nella veste del National Development and Reform Commission (NDRC) e del Ministry of Commerce (MOFCOM), ha pubblicato il nuovo Foreign Investment Industrial Guidance Catalogue.
 
Il nuovo Catalogo degli investimenti stranieri in Cina, che entrerà in vigore il 30 gennaio 2012, sostituisce il Catalogue for the Guidance of Foreign Investment Industries redatto nel 2007, e rappresenta l’ultimo di una serie di aggiornamenti del panorama giuridico commerciale che Pechino ha intrapreso negli ultimi trent’anni per favorire l’adeguamento del diritto cinese a quello occidentale e per promuovere la liberalizzazione degli interscambi commerciali con e degli investimenti da e per l’estero.
 
Il Catalogo specifica all’investitore straniero quali siano le attività “incoraggiate” (encouraged category), “limitate” (restricted category) e “proibite” (prohibited category). Le attività non menzionate nel Catalogo sono da considerarsi in ogni caso “permesse”.
 
I settori per i quali il governo di Pechino incoraggia l’ingresso di investimenti stranieri, e che pertanto godono di specifiche agevolazioni fiscali e  burocratiche, soprattutto in fase autorizzativa e di start-up, includono per esempio le attività che promuovono lo sviluppo di tecnologie per il risparmio energetico e di materie prime così come il potenziamento dei settori agroalimentare e chimico-farmaceutico.
 
Le attività limitate dal governo cinese prevedono invece restrizioni, che possono sussistere a livello nazionale, provinciale o locale, per gli investitori stranieri, i quali sono soggetti a vincoli tali per cui nei settori previsti dal Catalogo, solo per citare due fattispecie, è richiesta la presenza di almeno un
socio cinese che detenga una predeterminata percentuale di controllo o sono consentiti investimenti solo in specifici settori o aree. In questa categoria i settori di principale interesse per i capitali stranieri risultano essere la stampa, le telecomunicazioni, le assicurazioni e l’estrazione di metalli preziosi.
 
Tra le attività proibite rientrano innanzitutto le attività pericolose per l’ambiente o per la sicurezza nazionale oltre ad attività politicamente sensibili.
 
Molti dei settori elencati nel Catalogo e per cui Pechino prevede varie forme di incentivo coincidono con le eccellenze della produzione italiana.
 
In estrema sintesi, e in via del tutto non esaustiva, le principali novità che contraddistinguono il nuovo Catalogo rispetto alla precedente versione del 2007 sono le seguenti:
 Accentuata apertura agli investimenti provenienti dall’estero. Il Catalogo 2011 vede un incremento delle attività annoverate tra quelle che il governo cinese incoraggia da parte degli investitori esteri e, a contrario, sono ridotte quelle considerate ad accesso ristretto o proibite.Incentivazione allo sviluppo dell’industria manifatturiera. Uno dei settori maggiormente incoraggiati risulta essere proprio quello  dell’industria manifatturiera, settore di punta per le PMI italiane. Il Catalogo 2011 promuove alla encouraged category nuove attività inerenti la produzione e lo sviluppo di tecnologie nel settore tessile, chimico e meccanico. Allo stesso tempo vengono introdotte attività di recupero, trattamento e riciclaggio di prodotti elettronici, elettrodomestici, materiale elettrico e batterie. Parallelamente, sono state rimosse dalla encouraged category le attività di produzione nel settore automobilistico e nell’industria carbochimica.Promozione di attività in settori strategici. Sono fortemente incoraggiati investimenti in settori quali energie rinnovabili e mobilità sostenibile, hi-tech, biotecnologie, manifatture di alta gamma.Promozione e sviluppo dell’industria dei servizi. Il Catalogo 2011 aggiunge alla encouraged category le seguenti attività e servizi: società di venture capital, consulenza in merito a proprietà intellettuale e diritto d’autore, servizi di pulizia e bonifica da inquinamento petrolifero, servizi di formazione professionale. Si sottolinea, inoltre, che istituti sanitari foreign-invested e società di leasing sono stati promossi dalla restricted category alla permitted category.
Perché l’entrata in vigore del nuovo Catalogo rappresenti una chiave di svolta nel processo di liberalizzazione degli investimenti stranieri in Cina è necessario che anche i regolamenti attuativi dei singoli settori previsti dal Catalogo siano adeguati alle nuove disposizioni e che le autorità governative nel loro complesso si dimostrino più aperte all’ingresso di tali capitali nel mercato cinese.
 
Si sottolinea inoltre che il governo cinese, ai fini di favorire uno sviluppo integrato delle numerose province che costituiscono il territorio dello Stato e di colmare il gap perdurante tra le aree maggiormente arretrate del paese, ma strategiche anche dal punto di vista della lotta al degrado ambientale e dell’approvvigionamento energetico, e le zone costiere economicamente e socialmente più sviluppate, prevedrà diverse soglie di incentivi per intensificare le politiche di sviluppo delle aree occidentali e settentrionali (strategie di Go West e di Northeastern Rejuvenation), principalmente nei settori trasporti, industriale, minerario, istruzione e sanità.
 
 
 
Le suddette considerazioni non rappresentano uno specifico parere legale dello scrivente Studio in merito all’interpretazione e applicazione delle norme commentate, che andrebbe comunque inverato alla luce delle singole fattispecie.
 
 
 
",91010284773,http://twitter.com/ajax/statuses/91010284773,,,,it,93,200,"Thu, 14 Feb 2013 15:48:42 +0000",,http://facebook.com/notes/negri-clementi-studio-legale-associato/catalogo-degli-investimenti-stranieri-in-cina-2012-nuove-opportunità-per-limpren/500653369980972,0,Catalogo degli Investimenti Stranieri in Cina 2012 - Nuove opportunità per l&#039;imprenditoria italiana | Facebook,http://www.facebook.com/notes/negri-clementi-studio-legale-associato/catalogo-degli-investimenti-stranieri-in-cina-2012-nuove-opportunit%C3%A0-per-limpren/500653369980972,,,,,,,,,,,,,,,,,,,,,,,,,,,,,,,,,,,,,Notes,Negri-Clementi Studio Legale Associato,351344328245211,http://www.facebook.com/profile.php?id=351344328245211,https://graph.facebook.com/351344328245211/picture,"
Il 24 dicembre 2011 il governo cinese, nella veste del National Development and Reform Commission (NDRC) e del Ministry of Commerce (MOFCOM), ha pubblicato il nuovo Foreign Investment Industrial Guidance Catalogue.
 
Il nuovo Catalogo degli investimenti stranieri in Cina, che entrerà in vigore il 30 gennaio 2012, sostituisce il Catalogue for the Guidance of Foreign Investment Industries redatto nel 2007, e rappresenta l’ultimo di una serie di aggiornamenti del panorama giuridico commerciale che Pechino ha intrapreso negli ultimi trent’anni per favorire l’adeguamento del diritto cinese a quello occidentale e per promuovere la liberalizzazione degli interscambi commerciali con e degli investimenti da e per l’estero.
 
Il Catalogo specifica all’investitore straniero quali siano le attività “incoraggiate” (encouraged category), “limitate” (restricted category) e “proibite” (prohibited category). Le attività non menzionate nel Catalogo sono da considerarsi in ogni caso “permesse”.
 
I settori per i quali il governo di Pechino incoraggia l’ingresso di investimenti stranieri, e che pertanto godono di specifiche agevolazioni fiscali e  burocratiche, soprattutto in fase autorizzativa e di start-up, includono per esempio le attività che promuovono lo sviluppo di tecnologie per il risparmio energetico e di materie prime così come il potenziamento dei settori agroalimentare e chimico-farmaceutico.
 
Le attività limitate dal governo cinese prevedono invece restrizioni, che possono sussistere a livello nazionale, provinciale o locale, per gli investitori stranieri, i quali sono soggetti a vincoli tali per cui nei settori previsti dal Catalogo, solo per citare due fattispecie, è richiesta la presenza di almeno un
socio cinese che detenga una predeterminata percentuale di controllo o sono consentiti investimenti solo in specifici settori o aree. In questa categoria i settori di principale interesse per i capitali stranieri risultano essere la stampa, le telecomunicazioni, le assicurazioni e l’estrazione di metalli preziosi.
 
Tra le attività proibite rientrano innanzitutto le attività pericolose per l’ambiente o per la sicurezza nazionale oltre ad attività politicamente sensibili.
 
Molti dei settori elencati nel Catalogo e per cui Pechino prevede varie forme di incentivo coincidono con le eccellenze della produzione italiana.
 
In estrema sintesi, e in via del tutto non esaustiva, le principali novità che contraddistinguono il nuovo Catalogo rispetto alla precedente versione del 2007 sono le seguenti:
 Accentuata apertura agli investimenti provenienti dall’estero. Il Catalogo 2011 vede un incremento delle attività annoverate tra quelle che il governo cinese incoraggia da parte degli investitori esteri e, a contrario, sono ridotte quelle considerate ad accesso ristretto o proibite.Incentivazione allo sviluppo dell’industria manifatturiera. Uno dei settori maggiormente incoraggiati risulta essere proprio quello  dell’industria manifatturiera, settore di punta per le PMI italiane. Il Catalogo 2011 promuove alla encouraged category nuove attività inerenti la produzione e lo sviluppo di tecnologie nel settore tessile, chimico e meccanico. Allo stesso tempo vengono introdotte attività di recupero, trattamento e riciclaggio di prodotti elettronici, elettrodomestici, materiale elettrico e batterie. Parallelamente, sono state rimosse dalla encouraged category le attività di produzione nel settore automobilistico e nell’industria carbochimica.Promozione di attività in settori strategici. Sono fortemente incoraggiati investimenti in settori quali energie rinnovabili e mobilità sostenibile, hi-tech, biotecnologie, manifatture di alta gamma.Promozione e sviluppo dell’industria dei servizi. Il Catalogo 2011 aggiunge alla encouraged category le seguenti attività e servizi: società di venture capital, consulenza in merito a proprietà intellettuale e diritto d’autore, servizi di pulizia e bonifica da inquinamento petrolifero, servizi di formazione professionale. Si sottolinea, inoltre, che istituti sanitari foreign-invested e società di leasing sono stati promossi dalla restricted category alla permitted category.
Perché l’entrata in vigore del nuovo Catalogo rappresenti una chiave di svolta nel processo di liberalizzazione degli investimenti stranieri in Cina è necessario che anche i regolamenti attuativi dei singoli settori previsti dal Catalogo siano adeguati alle nuove disposizioni e che le autorità governative nel loro complesso si dimostrino più aperte all’ingresso di tali capitali nel mercato cinese.
 
Si sottolinea inoltre che il governo cinese, ai fini di favorire uno sviluppo integrato delle numerose province che costituiscono il territorio dello Stato e di colmare il gap perdurante tra le aree maggiormente arretrate del paese, ma strategiche anche dal punto di vista della lotta al degrado ambientale e dell’approvvigionamento energetico, e le zone costiere economicamente e socialmente più sviluppate, prevedrà diverse soglie di incentivi per intensificare le politiche di sviluppo delle aree occidentali e settentrionali (strategie di Go West e di Northeastern Rejuvenation), principalmente nei settori trasporti, industriale, minerario, istruzione e sanità.
 
 
 
Le suddette considerazioni non rappresentano uno specifico parere legale dello scrivente Studio in merito all’interpretazione e applicazione delle norme commentate, che andrebbe comunque inverato alla luce delle singole fattispecie.
 
 
 
",351344328245211_500653369980972,http://www.facebook.com/notes/negri-clementi-studio-legale-associato/catalogo-degli-investimenti-stranieri-in-cina-2012-nuove-opportunit%C3%A0-per-limpren/500653369980972,Catalogo degli Investimenti Stranieri in Cina 2012 - Nuove opportunità per l'imprenditoria italiana,Notes (2347471856),link,Catalogo degli Investimenti Stranieri in Cina 2012 - Nuove opportunità per l'imprenditoria italiana,,,,,,,,,,,,,,,,,,,,,,,,,,,,,,,,,,,,,,,,,,,,,,,,,,,,,,,,,,,,,,,,,,,,,,,,,,,,,,,,,,,,,,,,,,,,,,,,,,,,,,,,,,,,,,,,,,,,,,,,,,,,,,,,,,,,,,,,,,,,,,,,,,,,,,,,,,,,,,,,,,,,,,,,,,,,,,,,,,,,,,
,3,Twitter for Android,Candy,Candy ,7532846,http://a0.twimg.com/profile_images/404510363/image_normal.jpg,http://twitter.com/candy,twitter,"Thu, 14 Feb 2013 15:48:42 +0000",RT @Chris_Coleee: jus gut dun pledgin mi alijenc tu teh bes cuntrie en teh hole wurld k,45021866681,http://twitter.com/candy/statuses/45021866681,,,36,en,62,,,,,,,,0,,,,,45021866681,,,,,,,,,,,,,,,,,,,,,,,,,,,,Danieldash,1537445,0,,,,,,,,,,,,,jus gut dun pledgin mi alijenc tu teh bes cuntrie en teh hole wurld k,302081942860476418,LaloPls,not associated with Gerardo Cantu ,fckin ur bitsch k,33648,244,384,DatNiggaGerald,http://a0.twimg.com/profile_images/3246806172/c4a7fbe306c77b32bf0aeece69fa5fd2_normal.jpeg,en,Central Time (US & Canada),-21600,272776860,272776860,"Sun, 27 Mar 2011 04:50:31 +0000","<a href=""http://twitter.com/download/android"" rel=""nofollow"">Twitter for Android</a>",1,"Thu, 14 Feb 2013 15:48:42 +0000",302081693710446593,Crespls,1950,126,165,Chris_Coleee,http://a0.twimg.com/profile_images/3246862322/6f9192a4eb8cd62688be2934e27215bf_normal.png,en,Central Time (US & Canada),-21600,393659993,393659993,"Tue, 18 Oct 2011 21:42:26 +0000","<a href=""http://twitter.com/download/android"" rel=""nofollow"">Twitter for Android</a>","Thu, 14 Feb 2013 15:47:42 +0000",,,,,,,,,,,,,,,,,,,,,,,,,,,,,,,,,,,,,,,,,,,,,,,,,,,,,,,,,,,,,,,,,,,,,,,,,,,,,,,,,,,,,,,,,,,,,,,,,,,,,,,,,,,,,,,,,,,,,,,,,,,,,,,,,,,,,,,,,,,,,,,,,,,,
mostly_female,3,TweetDeck,Bambi,Arbogast ,3070849,http://a0.twimg.com/profile_images/307421046/image_normal.jpg,http://twitter.com/bambi,twitter,"Thu, 14 Feb 2013 15:48:42 +0000","oh nyo cit dun ee,  @spider: jadi double tunda duen? RT @: berhubung malam sudah jeula (larut)",80658132070,http://twitter.com/bambi/statuses/80658132070,,,42,ms,100,,,,,,,,,"Thu, 14 Feb 2013 15:48:42 +0000",,,,80658132070,,,,,,,,,"<a href=""http://www.tweetdeck.com"" rel=""nofollow"">TweetDeck</a>","oh nyo cit dun ee,  @spider: jadi double tunda duen? RT @: berhubung malam sudah jeula (larut)",Arbogast ,,Great Britain ,10090,328,308,Bambi,http://a0.twimg.com/profile_images/307421046/image_normal.jpg,id,Bangkok,25200,2,3070849,3070849,true,"Tue, 19 Jun 2012 11:08:06 +0000",http://bambi.com,Spider,1898834,14230342139,,,,,,,,,,,,,,,,,,,,,,,,,,,,,,,,,,,,,,,,,,,,,,,1898834,spider,,,,,,,,,,,,,,,,,,,,,,,,,,,,,,,,,,,,,,,,,,,,,,,,,,,,,,,,,,,,,,,,,,,,,,,,,,,,,,,,,,,,,,,,,,,,,,,,,,,,,,,,,,,,,,,,,,,,,,,,,,,,,,,,,,,,,,,,,,,,,,,,,,
,3,Twitter for BlackBerry®,Brutothestrongman,Bruto The Strongman ,1544809,http://a0.twimg.com/profile_images/790598951/image_normal.jpg,http://twitter.com/brutothestrongman,twitter,"Thu, 14 Feb 2013 15:48:42 +0000",@cassandra gila babengggg !!! Kalu ak tauuuu. Suda ak beli td bratus2,52454609004,http://twitter.com/brutothestrongman/statuses/52454609004,,,37,sk,61,,,,,,,,,"Thu, 14 Feb 2013 15:48:42 +0000",,,,52454609004,,,,,,,,,"<a href=""http://blackberry.com/twitter"" rel=""nofollow"">Twitter for BlackBerry®</a>",@cassandra gila babengggg !!! Kalu ak tauuuu. Suda ak beli td bratus2,Bruto The Strongman ,,upm serdang,2367,118,157,Brutothestrongman,http://a0.twimg.com/profile_images/790598951/image_normal.jpg,en,,,,1544809,1544809,,"Wed, 14 Dec 2011 14:59:53 +0000",http://brutothestrongman.com,Cassandra,7543320,32291635847,,,,,,,,,,,,,,,,,,,,,,,,,,,,,,,,,,,,,,,,,,,,,,,7543320,cassandra,,,,,,,,,,,,,,,,,,,,,,,,,,,,,,,,,,,,,,,,,,,,,,,,,,,,,,,,,,,,,,,,,,,,,,,,,,,,,,,,,,,,,,,,,,,,,,,,,,,,,,,,,,,,,,,,,,,,,,,,,,,,,,,,,,,,,,,,,,,,,,,,,,
,3,Twitter for Android,Casey,Casey ,7507743,http://a0.twimg.com/profile_images/174390928/image_normal.jpg,http://twitter.com/casey,twitter,"Thu, 14 Feb 2013 15:48:42 +0000","Alineación del LIVERPOOL vs Zenit: Reina, Johnson, Skrtel, Carragher, Enrique, Allen, Henderson, Gerrard, Downing, Sterling y Suárez.",52069676714,http://twitter.com/casey/statuses/52069676714,,,40,es,62,,,,,,,,0,"Thu, 14 Feb 2013 15:48:42 +0000",,,,52069676714,,,,,,,,,"<a href=""http://twitter.com/download/android"" rel=""nofollow"">Twitter for Android</a>","Alineación del LIVERPOOL vs Zenit: Reina, Johnson, Skrtel, Carragher, Enrique, Allen, Henderson, Gerrard, Downing, Sterling y Suárez.",Casey ,,Caldes de Montbui,6830,170,310,Casey,http://a0.twimg.com/profile_images/174390928/image_normal.jpg,es,Madrid,3600,6,7507743,7507743,,"Wed, 11 May 2011 11:12:46 +0000",http://casey.com,Jessica,1292294,15030622715,,,,,,,,,,,,,,,,,,,,,,,,,,,,,,,,,,,,,,,,,,,,,,,,,,,,,,,,,,,,,,,,,,,,,,,,,,,,,,,,,,,,,,,,,,,,,,,,,,,,,,,,,,,,,,,,,,,,,,,,,,,,,,,,,,,,,,,,,,,,,,,,,,,,,,,,,,,,,,,,,,,,,,,,,,,,,,,,,,,,,,,,,,,,,,,,,,
,3,,Montgomery,Battle ,4722902,http://a0.twimg.com/profile_images/656978071/image_normal.jpg,http://twitter.com/montgomery,youtube,"Thu, 14 Feb 2013 15:48:42 +0000","Ultrabatics: ultra light, ultra maneuverable, ultra durable gliders that enable a new level of unlimited aerobatic performance in slope soaring. The glider is Le Fish, an open source design developed by Steve 'Surfimp' Lange (me) in the USA with lots of inspiration from the French VTPR tradition (voltige très près du relief / ""aerobatics very close to the ground"") as well as the tremendously influential Madslide of Benoit Paysant-Le Roux aka BPLR. Plans and more info here: www.slopeaerobatics.com Le Fish kits available here: leadingedgegliders.com This Le Fish has a 60"" (1.5m) wingspan and weighs 17oz (480g). The wingloading is 5oz./sq.ft. (15 g/dm2). It can fly with full aerobatic performance in as little as 6-7mph (10kph) at a decent slope and absolutely shreds when the wind gets to 8-10mph (12-16kph). This ultralight version of the plane is constructed following techniques pioneered by ""Swiss Peter"" Richner of Switzerland. The airframe is EPP with lightweight carbon fiber spars and uses 6mm Depron tail and aileron surfaces. The entire airframe is covered in lightweight and inexpensive laminating film. The result is an extremely light and durable airplane capable of being treated like a skateboard for the sky. The elevator is inspired by BPLR's Madslide, and is full-flying and capable of 180º rotation (90º each way). This is what enables the plane to do tight flips around its center of gravity. Exponential and dual rates are used to make the plane comfortable to fly; on <b>...</b>",13852816,http://twitter.com/montgomery/statuses/13852816,,,,en,99,,,,,,,,3,,,,,,,,,,,,,,,,,,,,,,,,,,,,,,,,,,,,,,,,,,,,,,,Black Hills Reprise: Hardcore Ultrabatics / VTPR with Le Fish,,,,,,,,,,,,,,,,,,,,,,,,,,,,,,,,,,,,,html,Steve,Person,Person,5,4,1,1,unlimited aerobatic performance,open source design,ultra light,ultra maneuverable,durable gliders,tremendously influential,USA,Place,Place,5,6,1,1,unlimited aerobatic performance,open source design,ultra light,ultra maneuverable,durable gliders,tremendously influential,Richner,Person,Person,4,1,1,1,lightweight carbon fiber spars,aerobatic performance,decent slope,ultralight version,following techniques,aileron surfaces,Switzerland,Place,Place,4,1,1,1,lightweight carbon fiber spars,aerobatic performance,decent slope,ultralight version,following techniques,aileron surfaces,"""aerobatics very close to the ground""",Quote,Quote,-4,1,1,0,unlimited aerobatic performance,open source design,ultra light,ultra maneuverable,durable gliders,tremendously influential,0,"Thu, 14 Feb 2013 15:48:42 +0000",1e276be01c3aa900e06142fed568e654,surfimp,http://youtube.com/surfimp,"Ultrabatics: ultra light, ultra maneuverable, ultra durable gliders that enable a new level of unlimited aerobatic performance in slope soaring. The glider is Le Fish, an open source design developed by Steve 'Surfimp' Lange (me) in the USA with lots of inspiration from the French VTPR tradition (voltige très près du relief / ""aerobatics very close to the ground"") as well as the tremendously influential Madslide of Benoit Paysant-Le Roux aka BPLR. Plans and more info here: www.slopeaerobatics.com Le Fish kits available here: leadingedgegliders.com This Le Fish has a 60"" (1.5m) wingspan and weighs 17oz (480g). The wingloading is 5oz./sq.ft. (15 g/dm2). It can fly with full aerobatic performance in as little as 6-7mph (10kph) at a decent slope and absolutely shreds when the wind gets to 8-10mph (12-16kph). This ultralight version of the plane is constructed following techniques pioneered by ""Swiss Peter"" Richner of Switzerland. The airframe is EPP with lightweight carbon fiber spars and uses 6mm Depron tail and aileron surfaces. The entire airframe is covered in lightweight and inexpensive laminating film. The result is an extremely light and durable airplane capable of being treated like a skateboard for the sky. The elevator is inspired by BPLR's Madslide, and is full-flying and capable of 180º rotation (90º each way). This is what enables the plane to do tight flips around its center of gravity. Exponential and dual rates are used to make the plane comfortable to fly; on <b>...</b>",Black Hills Reprise: Hardcore Ultrabatics / VTPR with Le Fish,html,video,http://www.youtube.com/watch?v=_oBuqhEg0xU,272,Science &#38; Technology,,,,,,,,,,,,,,,,,,,,,,,,,,,,,,,,,,,,,,,,,,,,,,,,,,,,,,,,,,,,,,,,,,,,
male,3,UberSocial for BlackBerry,Caber,Caber ,5068815,http://a0.twimg.com/profile_images/912987434/image_normal.jpg,http://twitter.com/caber,twitter,"Thu, 14 Feb 2013 15:48:42 +0000",Hmm RT @calypso: Dpt cokelat dr siapa? Aq jg dpt cuma ktinggalan dkulkas td.. :( RT @: Valentine yg ... http://t.co/FtLOVSEF,71057390654,http://twitter.com/caber/statuses/71057390654,,,43,ms,100,200,"Thu, 14 Feb 2013 15:48:42 +0000",,http://m.tmi.me/KuEbo,0,tmi.me - iqbalwyatt: Hmm RT @Mi2thR,http://m.tmi.me/KuEbo,,"Thu, 14 Feb 2013 15:48:42 +0000",m.tmi.me,,,71057390654,http://m.tmi.me/KuEbo,,,,,,,,"<a href=""http://ubersocial.com"" rel=""nofollow"">UberSocial for BlackBerry</a>",Hmm RT @calypso: Dpt cokelat dr siapa? Aq jg dpt cuma ktinggalan dkulkas td.. :( RT @: Valentine yg ... http://t.co/FtLOVSEF,Caber ,,Soreang,1094,52,64,Caber,http://a0.twimg.com/profile_images/912987434/image_normal.jpg,en,,,,5068815,5068815,true,"Thu, 30 Jun 2011 05:08:08 +0000",http://caber.com,Calypso,8191598,79519206075,,,,,,,,,,,,,,,,,,,,,,,,,,,,,,,,,,,,,,,,,,,,,,,8191598,calypso,,,,,,,,,,,,,,,,,,,,,,,,,,,,,,,,,,,,,,,,,,,,,,,,,,,,,,,,,,,,,,,,,,,,,,,,,,,,,,,,,,,,,,,,,,,,,,,,,,,,,,,,,,,,,,,,,,,,,,,,,,,,,,,,,,,,,,,,,,,,,,,,,,
unisex,3,Twitter for iPhone,Chain,Chain ,7869310,http://a0.twimg.com/profile_images/401791271/image_normal.jpg,http://twitter.com/chain,twitter,"Thu, 14 Feb 2013 15:48:42 +0000",@madan oh wow! Honestly that's sickening they should take the money from people that abuse the financial aid and don't go to class. Smh,23630756558,http://twitter.com/chain/statuses/23630756558,,,41,en,93,,,,,,,,0,"Thu, 14 Feb 2013 15:48:42 +0000",,,,23630756558,,,,,,,,,"<a href=""http://twitter.com/download/iphone"" rel=""nofollow"">Twitter for iPhone</a>",@madan oh wow! Honestly that's sickening they should take the money from people that abuse the financial aid and don't go to class. Smh,Chain ,,"Long Island, New York",33727,962,887,Chain,http://a0.twimg.com/profile_images/401791271/image_normal.jpg,en,,,1,7869310,7869310,,"Fri, 09 Dec 2011 16:21:29 +0000",http://chain.com,Madan,1687228,26859339885,,,,,,,,,,,,,,,,,,,,,,,,,,,,,,,,,,,,,,,,,,,,,,,1687228,madan,,,,,,,,,,,,,,,,,,,,,,,,,,,,,,,,,,,,,,,,,,,,,,,,,,,,,,,,,,,,,,,,,,,,,,,,,,,,,,,,,,,,,,,,,,,,,,,,,,,,,,,,,,,,,,,,,,,,,,,,,,,,,,,,,,,,,,,,,,,,,,,,,,
,3,TweetCaster for Android,Brassbishop,Brass Bishop ,8631366,http://a0.twimg.com/profile_images/512353262/image_normal.jpg,http://twitter.com/brassbishop,twitter,"Thu, 14 Feb 2013 15:48:42 +0000","moh, jek enak ngowoh og, :p RT @airborne: Mingkem min ""@: :o RT @airborne: Hmm ""@: lha td km yg bilang jambune busuk",42904939432,http://twitter.com/brassbishop/statuses/42904939432,,,43,ms,100,,,,,,,,,"Thu, 14 Feb 2013 15:48:42 +0000",,,,42904939432,,,,,,,,,"<a href=""http://www.tweetcaster.com"" rel=""nofollow"">TweetCaster for Android</a>","moh, jek enak ngowoh og, :p RT @airborne: Mingkem min ""@: :o RT @airborne: Hmm ""@: lha td km yg bilang jambune busuk",Brass Bishop ,,Semarang,4014,188,207,Brassbishop,http://a0.twimg.com/profile_images/512353262/image_normal.jpg,id,Jakarta,25200,1,8631366,8631366,true,"Sun, 22 Nov 2009 11:13:44 +0000",http://brassbishop.com,Airborne,8549957,64258529455,,,,,,,,,,,,,,,,,,,,,,,,,,,,,,,,,,,,,,,,,,,,,,,8549957,airborne,,,,,,,,,,,,,,,,,,,,,,,,,,,,,,,,,,,,,,,,,,,,,,,,,,,,,,,,,,,,,,,,,,,,,,,,,,,,,,,,,,,,,,,,,,,,,,,,,,,,,,,,,,,,,,,,,,,,,,,,,,,,,,,,,,,,,,,,,,,,,,,,,,
male,3,web,Mrs.,Ayala ,6867635,http://a0.twimg.com/profile_images/876053294/image_normal.jpg,http://twitter.com/mrs.,twitter,"Thu, 14 Feb 2013 15:48:43 +0000",hasbuashasubhas ta td estranhoooooo,45649977773,http://twitter.com/mrs./statuses/45649977773,,,44,mt,63,,,,,,,,,"Thu, 14 Feb 2013 15:48:43 +0000",,,,45649977773,,,,,,,,,web,hasbuashasubhas ta td estranhoooooo,Ayala ,,,12497,376,232,Mrs.,http://a0.twimg.com/profile_images/876053294/image_normal.jpg,pt,Brasilia,-10800,,6867635,6867635,,"Tue, 03 Aug 2010 21:54:29 +0000",http://mrs..com,Antibody,3512073,30571990134,,,,,,,,,,,,,,,,,,,,,,,,,,,,,,,,,,,,,,,,,,,,,,,,,,,,,,,,,,,,,,,,,,,,,,,,,,,,,,,,,,,,,,,,,,,,,,,,,,,,,,,,,,,,,,,,,,,,,,,,,,,,,,,,,,,,,,,,,,,,,,,,,,,,,,,,,,,,,,,,,,,,,,,,,,,,,,,,,,,,,,,,,,,,,,,,,,
,3,HootSuite,Dr.hesper,Chadwick ,5753625,http://a0.twimg.com/profile_images/44/image_normal.jpg,http://twitter.com/dr.hesper,twitter,"Thu, 14 Feb 2013 15:48:41 +0000","@dr.aubrey Hi if it helps, 20% off batteries on offer ATM - use code All20 + same-day ClicknCollect from 130+ stores- http://t.co/CIRAz9nO",34062378923,http://twitter.com/dr.hesper/statuses/34062378923,,,49,en,100,200,"Thu, 14 Feb 2013 15:48:43 +0000",http://ow.ly/hIqXV,http://eurocarparts.com/car-battery,0,Car Battery | Quality Car Batteries for every type of car,http://www.eurocarparts.com/car-battery,0,"Thu, 14 Feb 2013 15:48:41 +0000",ow.ly,,,34062378923,http://ow.ly/hIqXV,,,,,,,,"<a href=""http://www.hootsuite.com"" rel=""nofollow"">HootSuite</a>","@dr.aubrey Hi if it helps, 20% off batteries on offer ATM - use code All20 + same-day ClicknCollect from 130+ stores- http://t.co/CIRAz9nO",Chadwick ,,Over 130 Stores In The UK,3940,2359,211,Dr.hesper,http://a0.twimg.com/profile_images/44/image_normal.jpg,en,London,,25,5753625,5753625,,"Thu, 25 Feb 2010 08:30:14 +0000",http://dr.hesper.com,Dr.aubrey,7778474,10781972110,,,,,,,,,,,,,,,,,,,,,,,,,,,,,,,,,,,,,,,,,,,,,,,7778474,dr.aubrey,,,,,,,,,,,,,,,,,,,,,,,,,,,,,,,,,,,,,,,,,,,,,,,,,,,,,,,,,,,,,,,,,,,,,,,,,,,,,,,,,,,,,,,,,,,,,,,,,,,,,,,,,,,,,,,,,,,,,,,,,,,,,,,,,,,,,,,,,,,,,,,,,,
female,3,TweetCaster for Android,Dr.rory,Campbell ,5327367,http://a0.twimg.com/profile_images/717500941/image_normal.jpg,http://twitter.com/dr.rory,twitter,"Thu, 14 Feb 2013 15:48:42 +0000","RT @agent-x: «Lo vi en FB: ""bailemos samba despacio, hoy es el día de Samba Lentín"". Genial» jajajaja toda una genialidad! (Y)",54880641959,http://twitter.com/dr.rory/statuses/54880641959,,,41,es,100,,,,,,,,0,"Thu, 14 Feb 2013 15:48:42 +0000",,,,54880641959,,,,,,,,,"<a href=""http://www.tweetcaster.com"" rel=""nofollow"">TweetCaster for Android</a>","RT @agent-x: «Lo vi en FB: ""bailemos samba despacio, hoy es el día de Samba Lentín"". Genial» jajajaja toda una genialidad! (Y)",Campbell ,,Medellín; Antioquia; Colombia,2001,280,469,Dr.rory,http://a0.twimg.com/profile_images/717500941/image_normal.jpg,es,Eastern Time (US & Canada),-18000,,5327367,5327367,,"Fri, 06 Jul 2012 01:18:28 +0000",http://dr.rory.com,Agent-x,4407732,30730607686,,,,,,,,,,,,,,,,,,,,,,,,,,,,,,,,,,,,,,,,,,,,,,,4407732,agent-x,,"«Lo vi en FB: """,Quote,Quote,0,1,1,0,día de samba,samba despacio,,,,,""". Genial»",Quote,Quote,0,1,1,0,día de samba,samba despacio,,,,,,,,,,,,,,,,,,,,,,,,,,,,,,,,,,,,,,,,,,,,,,,,,,,,,,,,,,,,,,,,,,,,,,,,,,,,,,,,,,,,,,,,,,,,,,,,,,,,,,,,,,,,,,,,,,,,,,,,,,,
female,3,AlbinaMchaney,Bloodymary,Bloody Mary ,2102468,http://a0.twimg.com/profile_images/614895360/image_normal.jpg,http://twitter.com/bloodymary,twitter,"Thu, 14 Feb 2013 15:48:42 +0000",cash advance loans in ga http://t.co/do0O3UWR,50755601515,http://twitter.com/bloodymary/statuses/50755601515,,,,en,62,200,"Thu, 14 Feb 2013 15:48:43 +0000",,http://tccashtown.s3.amazonaws.com/topcashlist/cash-advance-loans-in-ga.html,0,Cash Advance Loans In Ga Quick and Easy Online Application,http://tccashtown.s3.amazonaws.com/topcashlist/cash-advance-loans-in-ga.html,0,"Thu, 14 Feb 2013 15:48:42 +0000",tccashtown.s3.amazonaws.com,,,50755601515,http://tccashtown.s3.amazonaws.com/topcashlist/cash-advance-loans-in-ga.html,,,,,,,,"<a href=""http://AlbinaMchaney.com"" rel=""nofollow"">AlbinaMchaney</a>",cash advance loans in ga http://t.co/do0O3UWR,Bloody Mary ,,,28,341,19,Bloodymary,http://a0.twimg.com/profile_images/614895360/image_normal.jpg,en,,,,2102468,2102468,,"Fri, 25 Jan 2013 11:30:11 +0000",http://bloodymary.com,Rosalie,9003170,54331181547,,,,,,,,,,,,,,,,,,,,,,,,,,,,,,,,,,,,,,,,,,,,,,,,,,,,,,,,,,,,,,,,,,,,,,,,,,,,,,,,,,,,,,,,,,,,,,,,,,,,,,,,,,,,,,,,,,,,,,,,,,,,,,,,,,,,,,,,,,,,,,,,,,,,,,,,,,,,,,,,,,,,,,,,,,,,,,,,,,,,,,,,,,,,,,,,,,
female,3,web,Anna,Ananastasia ,2420496,http://a0.twimg.com/profile_images/56/image_normal.jpg,http://twitter.com/anna,twitter,"Thu, 14 Feb 2013 15:48:43 +0000",@jason bes dehh :),87379155936,http://twitter.com/anna/statuses/87379155936,,,38,af,63,,,,,,,,,"Thu, 14 Feb 2013 15:48:43 +0000",,,,87379155936,,,,,,,,,web,@jason bes dehh :),Ananastasia ,,Banting Selangor,11941,207,171,Anna,http://a0.twimg.com/profile_images/56/image_normal.jpg,en,Kuala Lumpur,28800,,2420496,2420496,true,"Thu, 15 Sep 2011 15:15:22 +0000",http://anna.com,Jason,5146296,69284857064,,,,,,,,,,,,,,,,,,,,,,,,,,,,,,,,,,,,,,,,,,,,,,,5146296,jason,,,,,,,,,,,,,,,,,,,,,,,,,,,,,,,,,,,,,,,,,,,,,,,,,,,,,,,,,,,,,,,,,,,,,,,,,,,,,,,,,,,,,,,,,,,,,,,,,,,,,,,,,,,,,,,,,,,,,,,,,,,,,,,,,,,,,,,,,,,,,,,,,,
,3,Twitter for BlackBerry®,Blacklama,Black Lama ,8003708,http://a0.twimg.com/profile_images/486107983/image_normal.jpg,http://twitter.com/blacklama,twitter,"Thu, 14 Feb 2013 15:48:43 +0000","RT @LFC: LFC team v Zenit: Reina, Johnson, Enrique, Carragher, Skrtel, Allen, Henderson, Gerrard, Sterling, Downing, Suarez.",76490773097,http://twitter.com/blacklama/statuses/76490773097,,,34,fr,62,,,,,,,,0,,,,,76490773097,,,,,,,,,,,,,,,,,,,,,,,,,,,,Abomination,19051,56591680808,,,,,,,,,,,,,"LFC team v Zenit: Reina, Johnson, Enrique, Carragher, Skrtel, Allen, Henderson, Gerrard, Sterling, Downing, Suarez.",302081946966691840,ɩ ♥ ƒινєsσs,"Not bragging but 0/5 of @onedirection follow me. Be jel, while we dance in the moonlight.  My love @joebrooksmusic!  My sugar @afgansyah_reza!  #YNWA   ✗o",5secondsof(+),14132,480,404,SNRMalik,http://a0.twimg.com/profile_images/2990261388/82b35f115bf2941bb8718b967f755645_normal.jpeg,en,Singapore,28800,518213605,518213605,"Thu, 08 Mar 2012 05:03:58 +0000","<a href=""http://blackberry.com/twitter"" rel=""nofollow"">Twitter for BlackBerry®</a>",778,"Thu, 14 Feb 2013 15:48:43 +0000",302080839288750081,Liverpool FC ,21749,1511801,409073,LFC,http://a0.twimg.com/profile_images/1847862599/Grad_LFC_Crest_twitter_normal.jpg,en,,,19583545,19583545,"Tue, 27 Jan 2009 09:05:21 +0000",web,"Thu, 14 Feb 2013 15:44:19 +0000",,,,Reina,Person,Person,0,0,1,1,,,,,,,Johnson,Person,Person,0,0,1,1,,,,,,,Enrique,Person,Person,0,0,1,1,,,,,,,Carragher,Person,Person,0,0,1,1,,,,,,,Skrtel,Person,Person,0,0,1,1,,,,,,,,,,,,,,,,,,,Allen,Person,Person,0,0,1,1,Henderson,Person,Person,0,0,1,1,Gerrard,Person,Person,0,0,1,1,Sterling,Person,Person,0,0,1,1,Downing,Person,Person,0,0,1,1,Suarez,Person,Person,0,0,1,1,http://twitter.com/#!/SNRMalik,http://www.liverpoolfc.com/,Official LFC account. Follow @OfficialLFC_ID @ThaiLFC @LFCANZ @LFCBrasil @LFCEspanol @LFC_Arabic @LFCIndia @LFCFrance @TurkeyLFC  @LFCBangladesh,"Anfield, Liverpool",11364,true,true,,,,,,,,,,,,,,,,,,,
female,3,Echofon,Blitzkrieg,Blitzkrieg ,2030482,http://a0.twimg.com/profile_images/894792459/image_normal.jpg,http://twitter.com/blitzkrieg,twitter,"Thu, 14 Feb 2013 15:48:43 +0000",@caduceus td siang. uwa meninggal kang. berusaha ngebantuin trs jantungnya kambuh. :((,127,http://twitter.com/blitzkrieg/statuses/127,,,46,id,100,,,,,,,,,"Thu, 14 Feb 2013 15:48:43 +0000",,,,127,,,,,,,,,"<a href=""http://www.echofon.com/"" rel=""nofollow"">Echofon</a>",@caduceus td siang. uwa meninggal kang. berusaha ngebantuin trs jantungnya kambuh. :((,Blitzkrieg ,,,2747,307,545,Blitzkrieg,http://a0.twimg.com/profile_images/894792459/image_normal.jpg,en,Pacific Time (US & Canada),-28800,1,2030482,2030482,,"Sat, 16 Jan 2010 09:25:34 +0000",http://blitzkrieg.com,Caduceus,7220273,87400524970,,,,,,,,,,,,,,,,,,,,,,,,,,,,,,,,,,,,,,,,,,,,,,,7220273,caduceus,,,,,,,,,,,,,,,,,,,,,,,,,,,,,,,,,,,,,,,,,,,,,,,,,,,,,,,,,,,,,,,,,,,,,,,,,,,,,,,,,,,,,,,,,,,,,,,,,,,,,,,,,,,,,,,,,,,,,,,,,,,,,,,,,,,,,,,,,,,,,,,,,,
,3,,Jason,Adamson ,3204202,http://a0.twimg.com/profile_images/735175354/image_normal.jpg,http://twitter.com/jason,youtube,"Thu, 14 Feb 2013 15:48:43 +0000","www.home2.me 1109 W Columbia Ave Spokane, WA 99205 Contact Colleen Kelley-Kutz for more information. RE/MAX of Spokane 5099515155 Charming 1 story bungalow home in the heart of the Shadle district. Spacious 3 bedroom, 1 bath home with hardwood floors and a fully finished basement! 1 Egress bedroom in the basement. Situated on a double lot! Lot of potential in a very peaceful neighborhood! Bank approved short sale at $89000!!!",76025924272,http://twitter.com/jason/statuses/76025924272,,,,en,96,,,,,,,,9,,,,,,,,,,,,,,,,,,,,,,,,,,,,,,,,,,,,,,,,,,,,,,,"1109 W Columbia Ave, Spokane, WA 99205",,,,,,,,,,,,,,,,,,,,,,,,,,,,,,,,,,,,,html,,,,,,,,,,,,,,,,,,,,,,,,,,,,,,,,,,,,,,,,,,,,,,,,,,,,,,,,,,,,,,,,,,0,"Thu, 14 Feb 2013 15:48:43 +0000",1e276be025c3af80e0613b33240da188,REMAXofSpokane,http://youtube.com/REMAXofSpokane,"www.home2.me 1109 W Columbia Ave Spokane, WA 99205 Contact Colleen Kelley-Kutz for more information. RE/MAX of Spokane 5099515155 Charming 1 story bungalow home in the heart of the Shadle district. Spacious 3 bedroom, 1 bath home with hardwood floors and a fully finished basement! 1 Egress bedroom in the basement. Situated on a double lot! Lot of potential in a very peaceful neighborhood! Bank approved short sale at $89000!!!","1109 W Columbia Ave, Spokane, WA 99205",html,video,http://www.youtube.com/watch?v=spVg3Upd--Q,43,Travel &#38; Events,,,,,,,,,,,,,,,,,,,,,,,,,,,,,,,,,,,,,,,,,,,,,,,,,,,,,,,,,,,,,,,,,,,,
,3,Twitter for Android,Blackwell,Blackwell ,9626875,http://a0.twimg.com/profile_images/227397453/image_normal.jpg,http://twitter.com/blackwell,twitter,"Thu, 14 Feb 2013 15:48:43 +0000","sou apenas uma fã esperando o momento de encontrar seu idolo e dizer td q sinto por ele, se sair, mais se n der espero que ele me entenda",64852763339,http://twitter.com/blackwell/statuses/64852763339,,,44,pt,92,,,,,,,,-1,"Thu, 14 Feb 2013 15:48:43 +0000",,,,64852763339,,,,,,,,,"<a href=""http://twitter.com/download/android"" rel=""nofollow"">Twitter for Android</a>","sou apenas uma fã esperando o momento de encontrar seu idolo e dizer td q sinto por ele, se sair, mais se n der espero que ele me entenda",Blackwell ,,08/07/12 ✌ ,31019,3194,1668,Blackwell,http://a0.twimg.com/profile_images/227397453/image_normal.jpg,pt,Brasilia,-10800,1,9626875,9626875,,"Mon, 09 Jul 2012 01:32:32 +0000",http://blackwell.com,Dr.noah,8920763,14263306325,,,,,,,,,,,,,,,,,,,,,,,,,,,,,,,,,,,,,,,,,,,,,,,,,,,,,,,,,,,,,,,,,,,,,,,,,,,,,,,,,,,,,,,,,,,,,,,,,,,,,,,,,,,,,,,,,,,,,,,,,,,,,,,,,,,,,,,,,,,,,,,,,,,,,,,,,,,,,,,,,,,,,,,,,,,,,,,,,,,,,,,,,,,,,,,,,,
female,3,TweetDeck,Tanyase,Black Mamba ,5372136,http://a0.twimg.com/profile_images/469928433/image_normal.jpg,http://twitter.com/tanyase,twitter,"Thu, 14 Feb 2013 15:48:43 +0000",RT @BCAppelbaum: Sen. Johnson says new GAO report estimates economic cost of financial crisis as high as $13 trillion.,27192050265,http://twitter.com/tanyase/statuses/27192050265,,,61,en,100,,,,,,,,-3,,,,,27192050265,,,,,,,,,,,,,,,,,,,,,,,,,,,,Marius,4156518,64333050022,,,,,,,,,,,,,Sen. Johnson says new GAO report estimates economic cost of financial crisis as high as $13 trillion.,302081947369340929,Cate Long,I'm a guest contributor to http://Reuters.com on the municipal bond market. I also lead an open source financial reform project at http://riski.us.,New York,84085,7507,1506,cate_long,http://a0.twimg.com/profile_images/3120536661/81371e883cc71a43a63e527c7a0fa415_normal.jpeg,en,Quito,-18000,15659909,15659909,"Wed, 30 Jul 2008 13:23:55 +0000","<a href=""http://www.tweetdeck.com"" rel=""nofollow"">TweetDeck</a>",3,"Thu, 14 Feb 2013 15:48:43 +0000",302080909799198721,Binyamin Appelbaum,5315,13238,556,BCAppelbaum,http://a0.twimg.com/profile_images/1277664327/BinyaminApplebaum1a_2__normal.jpg,en,Central Time (US & Canada),-21600,87271106,87271106,"Tue, 03 Nov 2009 20:10:35 +0000","<a href=""http://twitter.com/download/iphone"" rel=""nofollow"">Twitter for iPhone</a>","Thu, 14 Feb 2013 15:44:35 +0000",,,,Sen. Johnson,Person,Person,0,1,1,1,economic cost,,,,,,,,,,,,,,,,,,,,,,,,,,,,,,,,,,,,,,,,,,,,,,,,,,,,,,,,,,,,,,,,,,,,,,,,,,,,,,,,,,,,,,,,,,,,,,,,,,,,,,,,,,,,,,,,http://blogs.reuters.com/muniland/,http://nyti.ms/l8IIoH,Washington correspondent for The New York Times.,"Washington, DC",621,,,506,,,,,,,,,,,,,,,,,,
male,3,Twitter for iPad,Tanya,Anderssen ,3482436,http://a0.twimg.com/profile_images/711972447/image_normal.jpg,http://twitter.com/tanya,twitter,"Thu, 14 Feb 2013 15:48:43 +0000",@gen.jonatha baru je td. Skang lepak la hahaha,65164516749,http://twitter.com/tanya/statuses/65164516749,,,40,,,,,,,,,,0,"Thu, 14 Feb 2013 15:48:43 +0000",,,,65164516749,,,,,,,,,"<a href=""http://twitter.com/#!/download/ipad"" rel=""nofollow"">Twitter for iPad</a>",@gen.jonatha baru je td. Skang lepak la hahaha,Anderssen ,,,1482,91,83,Tanya,http://a0.twimg.com/profile_images/711972447/image_normal.jpg,en,Jakarta,25200,,3482436,3482436,,"Mon, 07 May 2012 12:14:41 +0000",http://tanya.com,Gen.jonatha,1511952,26562193594,,,,,,,,,,,,,,,,,,,,,,,,,,,,,,,,,,,,,,,,,,,,,,,1511952,gen.jonatha,,,,,,,,,,,,,,,,,,,,,,,,,,,,,,,,,,,,,,,,,,,,,,,,,,,,,,,,,,,,,,,,,,,,,,,,,,,,,,,,,,,,,,,,,,,,,,,,,,,,,,,,,,,,,,,,,,,,,,,,,,,,,,,,,,,,,,,,,,,,,,,,,,
,3,web,Antonioro,Armadillo ,6215590,http://a0.twimg.com/profile_images/1316/image_normal.jpg,http://twitter.com/antonioro,twitter,"Thu, 14 Feb 2013 15:48:43 +0000","RT @LFC: LFC team v Zenit: Reina, Johnson, Enrique, Carragher, Skrtel, Allen, Henderson, Gerrard, Sterling, Downing, Suarez.",651052957,http://twitter.com/antonioro/statuses/651052957,,,40,fr,62,,,,,,,,0,,,,,651052957,,,,,,,,,,,,,,,,,,,,,,,,,,,,Asylum,39,61054834537,,,,,,,,,,,,,"LFC team v Zenit: Reina, Johnson, Enrique, Carragher, Skrtel, Allen, Henderson, Gerrard, Sterling, Downing, Suarez.",302081948266942465,Tk,,"Bedford, uk",5169,195,425,ThomasKelk,http://a0.twimg.com/profile_images/3212236734/f43664c45c5843484d673c5e648aba20_normal.jpeg,en,Amsterdam,3600,384913803,384913803,"Tue, 04 Oct 2011 15:08:45 +0000",web,779,"Thu, 14 Feb 2013 15:48:43 +0000",302080839288750081,Liverpool FC ,21749,1511801,409073,LFC,http://a0.twimg.com/profile_images/1847862599/Grad_LFC_Crest_twitter_normal.jpg,en,,,19583545,19583545,"Tue, 27 Jan 2009 09:05:21 +0000",web,"Thu, 14 Feb 2013 15:44:19 +0000",,,,Reina,Person,Person,0,0,1,1,,,,,,,Johnson,Person,Person,0,0,1,1,,,,,,,Enrique,Person,Person,0,0,1,1,,,,,,,Carragher,Person,Person,0,0,1,1,,,,,,,Skrtel,Person,Person,0,0,1,1,,,,,,,,,,,,,,,,,,,Allen,Person,Person,0,0,1,1,Henderson,Person,Person,0,0,1,1,Gerrard,Person,Person,0,0,1,1,Sterling,Person,Person,0,0,1,1,Downing,Person,Person,0,0,1,1,Suarez,Person,Person,0,0,1,1,,http://www.liverpoolfc.com/,Official LFC account. Follow @OfficialLFC_ID @ThaiLFC @LFCANZ @LFCBrasil @LFCEspanol @LFC_Arabic @LFCIndia @LFCFrance @TurkeyLFC  @LFCBangladesh,"Anfield, Liverpool",11364,true,true,,,,,,,,,,,,,,,,,,,
male,3,BlackBerry Smartphones App (2254487659),Gen.ulysse,Chapman ,5584683,http://a0.twimg.com/profile_images/131329482/image_normal.jpg,http://twitter.com/gen.ulysse,facebook,"Thu, 14 Feb 2013 15:48:44 +0000",I can't believe I'm losing things today...... If I wasn't having such a bad day I would have probably lost my marbles at same time.... That's a bank card and a stupid bus ticket to that I have lost swear I need a wallet to keep my things in,62303638225,http://twitter.com/gen.ulysse/statuses/62303638225,,,,en,98,,,,,,,,-5,,,,,,,,,,,,,,,,,,,,,,,,,,,,,,,,,,,,BlackBerry Smartphones App,Timmy Fergusson,1328566861,http://www.facebook.com/profile.php?id=1328566861,https://graph.facebook.com/1328566861/picture,,1328566861_10200658074637466,,,BlackBerry Smartphones App (2254487659),status,,,,,,,,,,,,,,,,,,,,,,,,,,,,,,,,,,,,,,,,,,,,,,,,,,,,,,,,,,,,,,,,,,,,,,,,,,,,,,,,,,,,,,,,,,,,,,,,,,,,,,,,,,,,,,,,,,,,,,,,,,,,,,,,,,,,,,,,,,,,,,,,,,,,,,,,,,,,,,,,,,,,,,I can't believe I'm losing things today...... If I wasn't having such a bad day I would have probably lost my marbles at same time.... That's a bank card and a stupid bus ticket to that I have lost swear I need a wallet to keep my things in,,,,,,,,,,,,,,,,,
unisex,3,Mobile (2915120374),Fredmac,Captain Hip ,7,http://a0.twimg.com/profile_images/500201531/image_normal.jpg,http://twitter.com/fredmac,facebook,"Thu, 14 Feb 2013 15:48:44 +0000","Valentines Special

GF = Where R u.?
BF = I'm At""Bank""
.
GF = I Need 10,000 For New Cell
Phone&5,000 For New Dress.
BF = Sorry, I Mean I'm At BL00D
BANK
""KHOON PIYEGI KHOON.?""..Hahah",72138456441,http://twitter.com/fredmac/statuses/72138456441,,,,it,62,,,,,,,,,,,,,,,,,,,,,,,,,,,,,,,,,,,,,,,,,,,,Mobile,Sunny leone,260655504044527,http://www.facebook.com/profile.php?id=260655504044527,https://graph.facebook.com/260655504044527/picture,,260655504044527_339641426145934,,,Mobile (2915120374),status,,,,,,,,,,,,,,,,,,,,,,,,,,,,,,,,,,,,,,,,,,,,,,,,,,,,,,,,,,,,,,,,,,,,,,,,,,,,,,,,,,,,,,,,,,,,,,,,,,,,,,,,,,,,,,,,,,,,,,,,,,,,,,,,,,,,,,,,,,,,,,,,,,,,,,,,,,,,,,,,,,,,,,"Valentines Special

GF = Where R u.?
BF = I'm At""Bank""
.
GF = I Need 10,000 For New Cell
Phone&5,000 For New Dress.
BF = Sorry, I Mean I'm At BL00D
BANK
""KHOON PIYEGI KHOON.?""..Hahah",,,,,,,,,,,,,,,,,
,3,,Miles,Bentley ,7664046,http://a0.twimg.com/profile_images/965578128/image_normal.jpg,http://twitter.com/miles,youtube,"Thu, 14 Feb 2013 15:48:42 +0000","List Builders: Want to Know How to Continually Make $3-5 Profit per Subscriber per Month? tinyurl.com How to Continually Make $3-5 Profit per Subscriber per Month (Even If You Have No Skills and No List to Start) Would it change your entire life and financial future if I showed you a system that makes you a $3 to $5 profit from each subscriber on your list, month in and month out? List Builders: Want to Know How to Continually Make $3-5 Profit per Subscriber per Month? If you can answer this question with a List Builders: Want to Know How to Continually Make $3-5 Profit per Subscriber per Month?, I've a system for you that will make you $3, $5, and sometimes even $10 on average each month per subscriber on your list. List Builders: Want to Know How to Continually Make $3-5 Profit per Subscriber per Month? But before I'll get more into detail about this system, let me tell you who I am and why I've something that you absolutely List Builders: Want to Know How to Continually Make $3-5 Profit per Subscriber per Month? (and so does every list builder who isn't already making at least $3000 to $4000 monthly). List Builders: Want to Know How to Continually Make $3-5 Profit per Subscriber per Month?",97079894412,http://twitter.com/miles/statuses/97079894412,,,,en,98,,,,,,,,5,,,,,,,,,,,,,,,,,,,,,,,,,,,,,,,,,,,,,,,,,,,,,,,List Builders: Want to Know How to Continually Make $3-5 Profit per Subscriber per Month?,,,,,,,,,,,,,,,,,,,,,,,,,,,,,,,,,,,,,html,,,,,,,,,,,,,,,,,,,,,,,,,,,,,,,,,,,,,,,,,,,,,,,,,,,,,,,,,,,,,,,,,,5,"Thu, 14 Feb 2013 15:48:42 +0000",1e276be01c3aa900e06144f551942940,secretlistbuilding01,http://youtube.com/secretlistbuilding01,"List Builders: Want to Know How to Continually Make $3-5 Profit per Subscriber per Month? tinyurl.com How to Continually Make $3-5 Profit per Subscriber per Month (Even If You Have No Skills and No List to Start) Would it change your entire life and financial future if I showed you a system that makes you a $3 to $5 profit from each subscriber on your list, month in and month out? List Builders: Want to Know How to Continually Make $3-5 Profit per Subscriber per Month? If you can answer this question with a List Builders: Want to Know How to Continually Make $3-5 Profit per Subscriber per Month?, I've a system for you that will make you $3, $5, and sometimes even $10 on average each month per subscriber on your list. List Builders: Want to Know How to Continually Make $3-5 Profit per Subscriber per Month? But before I'll get more into detail about this system, let me tell you who I am and why I've something that you absolutely List Builders: Want to Know How to Continually Make $3-5 Profit per Subscriber per Month? (and so does every list builder who isn't already making at least $3000 to $4000 monthly). List Builders: Want to Know How to Continually Make $3-5 Profit per Subscriber per Month?",List Builders: Want to Know How to Continually Make $3-5 Profit per Subscriber per Month?,html,video,http://www.youtube.com/watch?v=vypL7cDVrKM,75,News &#38; Politics,,,,,,,,,,,,,,,,,,,,,,,,,,,,,,,,,,,,,,,,,,,,,,,,,,,,,,,,,,,,,,,,,,,,
male,3,Twitter for BlackBerry®,Anelle,Anelle ,5321902,http://a0.twimg.com/profile_images/963588900/image_normal.jpg,http://twitter.com/anelle,twitter,"Thu, 14 Feb 2013 15:48:42 +0000","Malam @mitch ,gmn acr valentine nya td? :D",41717207315,http://twitter.com/anelle/statuses/41717207315,,,48,id,62,,,,,,,,,"Thu, 14 Feb 2013 15:48:42 +0000",,,,41717207315,,,,,,,,,"<a href=""http://blackberry.com/twitter"" rel=""nofollow"">Twitter for BlackBerry®</a>","Malam @mitch ,gmn acr valentine nya td? :D",Anelle ,,Surabaya ,8899,67,96,Anelle,http://a0.twimg.com/profile_images/963588900/image_normal.jpg,en,,,,5321902,5321902,,"Mon, 05 Nov 2012 04:16:21 +0000",http://anelle.com,Mitch,5414057,59753755852,,,,,,,,,,,,,,,,,,,,,,,,,,,,,,,,,,,,,,,,,,,,,,,5414057,mitch,,,,,,,,,,,,,,,,,,,,,,,,,,,,,,,,,,,,,,,,,,,,,,,,,,,,,,,,,,,,,,,,,,,,,,,,,,,,,,,,,,,,,,,,,,,,,,,,,,,,,,,,,,,,,,,,,,,,,,,,,,,,,,,,,,,,,,,,,,,,,,,,,,
,3,Scope App,Blackoutii,Blackout Ii ,6214135,http://a0.twimg.com/profile_images/236011634/image_normal.jpg,http://twitter.com/blackoutii,twitter,"Thu, 14 Feb 2013 15:48:42 +0000",@councilmanand ehhh. Lebih lak dak ni. Ingat dlm lif td jd ape? Nak kene lagi? Haha,14016850502,http://twitter.com/blackoutii/statuses/14016850502,,,43,ms,100,,,,,,,,,"Thu, 14 Feb 2013 15:48:42 +0000",,,,14016850502,,,,,,,,,"<a href=""http://getscopeapp.com"" rel=""nofollow"">Scope App</a>",@councilmanand ehhh. Lebih lak dak ni. Ingat dlm lif td jd ape? Nak kene lagi? Haha,Blackout Ii ,,Ampang 25FA143B ,11855,188,217,Blackoutii,http://a0.twimg.com/profile_images/236011634/image_normal.jpg,en,Pacific Time (US & Canada),-28800,,6214135,6214135,true,"Sun, 22 Aug 2010 20:47:56 +0000",http://blackoutii.com,Councilmanand,8307785,15146831958,,,,,,,,,,,,,,,,,,,,,,,,,,,,,,,,,,,,,,,,,,,,,,,8307785,councilmanand,,,,,,,,,,,,,,,,,,,,,,,,,,,,,,,,,,,,,,,,,,,,,,,,,,,,,,,,,,,,,,,,,,,,,,,,,,,,,,,,,,,,,,,,,,,,,,,,,,,,,,,,,,,,,,,,,,,,,,,,,,,,,,,,,,,,,,,,,,,,,,,,,,
male,3,Tweetbot for Mac,Glib,Arkanian ,5944655,http://a0.twimg.com/profile_images/3304807/image_normal.jpg,http://twitter.com/glib,twitter,"Thu, 14 Feb 2013 15:48:42 +0000","@rogerbochs that’s some good writing, Geoff.  When my boys come of age to discover the tooth fairy, I’ll just have them read that.",21737230080,http://twitter.com/glib/statuses/21737230080,,,,en,93,,,,,,,,5,"Thu, 14 Feb 2013 15:48:42 +0000",,,,21737230080,,,,,,,,,"<a href=""http://tapbots.com/software/tweetbot/mac"" rel=""nofollow"">Tweetbot for Mac</a>","@rogerbochs that’s some good writing, Geoff.  When my boys come of age to discover the tooth fairy, I’ll just have them read that.",Arkanian ,,,35670,4640,178,Glib,http://a0.twimg.com/profile_images/3304807/image_normal.jpg,en,Pacific Time (US & Canada),-28800,471,5944655,5944655,,"Wed, 09 Apr 2008 13:39:15 +0000",http://glib.com,Rogerbochs,9934026,19710982521,,,,,,,,,,,,,,,,,,,,,,,,,,,,,,,,,,,,,,,,,,,,,,,9934026,rogerbochs,,,,,,,,,,,,,,,,,,,,,,,,,,,,,,,,,,,,,,,,,,,,,,,,,,,,,,,,,,,,,,,,,,,,,,,,,,,,,,,,,,,,,,,,,,,,,,,,,,,,,,,,,,,,,,,,,,,,,,,,,,,,,,,,,,,,,,,,,,,,,,,,,,
male,3,Twitter for BlackBerry®,James,Callaghan ,4668154,http://a0.twimg.com/profile_images/632619556/image_normal.jpg,http://twitter.com/james,twitter,"Thu, 14 Feb 2013 15:48:43 +0000","Kapanane kan loan fr Arsendal. RT ""@montgomery: Drg mole kyk'ane Arshavin.. RT ""@: Haha Arshavin pisan kayane",60703641735,http://twitter.com/james/statuses/60703641735,,,41,id,62,,,,,,,,,"Thu, 14 Feb 2013 15:48:43 +0000",,,,60703641735,,,,,,,,,"<a href=""http://blackberry.com/twitter"" rel=""nofollow"">Twitter for BlackBerry®</a>","Kapanane kan loan fr Arsendal. RT ""@montgomery: Drg mole kyk'ane Arshavin.. RT ""@: Haha Arshavin pisan kayane",Callaghan ,,Anfield Road-Liverpool ,47284,1188,422,James,http://a0.twimg.com/profile_images/632619556/image_normal.jpg,en,Pacific Time (US & Canada),-28800,2,4668154,4668154,,"Tue, 22 Feb 2011 06:36:57 +0000",http://james.com,Montgomery,4268553,55923233041,,,,,,,,,,,,,,,,,,,,,,,,,,,,,,,,,,,,,,,,,,,,,,,4268553,montgomery,,,,,,,,,,,,,,,,,,,,,,,,,,,,,,,,,,,,,,,,,,,,,,,,,,,,,,,,,,,,,,,,,,,,,,,,,,,,,,,,,,,,,,,,,,,,,,,,,,,,,,,,,,,,,,,,,,,,,,,,,,,,,,,,,,,,,,,,,,,,,,,,,,
female,3,PostCron (178106548898871),Lt.paul,Carson ,19078,http://a0.twimg.com/profile_images/954349715/image_normal.jpg,http://twitter.com/lt.paul,facebook,"Thu, 14 Feb 2013 15:48:43 +0000","http://s3.amazonaws.com/payday1500h6/loans-company-people-bad-credit.html
 http://s3.amazonaws.com/payday1500h6/loan-originator-entry-level.html
 http://s3.amazonaws.com/payday1500h6/advance-cash-kansas-payday.html
 http://s3.amazonaws.com/payday1500h6/payday-loan-store-no-credit-check.html
 http://s3.amazonaws.com/payday1500h6/loans-rent-center.html
 http://s3.amazonaws.com/payday1500h6/apply-for-personal-loans-online-for-bad-credit.html
 http://s3.amazonaws.com/payday1500h6/personal-loan-bad-credit-colorado.html
 http://s3.amazonaws.com/payday1500h6/payday-advance-lenders-benefits.html
 http://s3.amazonaws.com/payday1500h6/payday-loan-virginia-residents.html
 http://s3.amazonaws.com/payday1500h6/employee-loan-policy.html
 http://s3.amazonaws.com/payday1500h6/loan-toronto.html
 http://s3.amazonaws.com/payday1500h6/loans-very-bad-credit-people.html
 http://s3.amazonaws.com/payday1500h6/loan-documents-for-self-employed.html
 http://s3.amazonaws.com/payday1500h6/loan-shop-dms.html
 http://s3.amazonaws.com/payday1500h6/instant-loans-no-guarantor.html
 http://s3.amazonaws.com/payday1500h6/sa-multi-loans-vacancies.html
 http://s3.amazonaws.com/payday1500h6/loans-fort-worth-texas.html
 http://s3.amazonaws.com/payday1500h6/payday-loans-1-hour-no-faxing.html
 http://s3.amazonaws.com/payday1500h6/get-money-quick-and-easy.html",31878957943,http://twitter.com/lt.paul/statuses/31878957943,,,,,,,,,,,,,0,,,,,,,,,,,,,,,,,,,,,,,,,,,,,,,,,,,,PostCron,America payday,465324876851666,http://www.facebook.com/profile.php?id=465324876851666,https://graph.facebook.com/465324876851666/picture,,465324876851666_521775781206575,,,PostCron (178106548898871),status,,,,,,,,,,,,,,,,,,,,,,,,,,,,,,,,,,,,,,,,,,,,,,,,,,,,,,,,,,,,,,,,,,,,,,,,,,,,,,,,,,,,,,,,,,,,,,,,,,,,,,,,,,,,,,,,,,,,,,,,,,,,,,,,,,,,,,,,,,,,,,,,,,,,,,,,,,,,,,,,,,,,,,"http://s3.amazonaws.com/payday1500h6/loans-company-people-bad-credit.html
 http://s3.amazonaws.com/payday1500h6/loan-originator-entry-level.html
 http://s3.amazonaws.com/payday1500h6/advance-cash-kansas-payday.html
 http://s3.amazonaws.com/payday1500h6/payday-loan-store-no-credit-check.html
 http://s3.amazonaws.com/payday1500h6/loans-rent-center.html
 http://s3.amazonaws.com/payday1500h6/apply-for-personal-loans-online-for-bad-credit.html
 http://s3.amazonaws.com/payday1500h6/personal-loan-bad-credit-colorado.html
 http://s3.amazonaws.com/payday1500h6/payday-advance-lenders-benefits.html
 http://s3.amazonaws.com/payday1500h6/payday-loan-virginia-residents.html
 http://s3.amazonaws.com/payday1500h6/employee-loan-policy.html
 http://s3.amazonaws.com/payday1500h6/loan-toronto.html
 http://s3.amazonaws.com/payday1500h6/loans-very-bad-credit-people.html
 http://s3.amazonaws.com/payday1500h6/loan-documents-for-self-employed.html
 http://s3.amazonaws.com/payday1500h6/loan-shop-dms.html
 http://s3.amazonaws.com/payday1500h6/instant-loans-no-guarantor.html
 http://s3.amazonaws.com/payday1500h6/sa-multi-loans-vacancies.html
 http://s3.amazonaws.com/payday1500h6/loans-fort-worth-texas.html
 http://s3.amazonaws.com/payday1500h6/payday-loans-1-hour-no-faxing.html
 http://s3.amazonaws.com/payday1500h6/get-money-quick-and-easy.html",,,,,,,,,,,,,,,,,
female,3,Facebook for Android (350685531728),Bodybag,Bodybag ,6002444,http://a0.twimg.com/profile_images/472231331/image_normal.jpg,http://twitter.com/bodybag,facebook,"Thu, 14 Feb 2013 15:48:43 +0000","Show A Girl You Don't.Care She Will CHASE You , But Show A Women You Don't Care She Will REPLACE You . ! 

# <3 Happy Valentine's Day To All . ! <3",10769109451,http://twitter.com/bodybag/statuses/10769109451,,,,en,100,,,,,,,,0,,,,,,,,,,,,,,,,,,,,,,,,,,,,,,,,,,,,Facebook for Android,Nunu Beenbhad Sharnice,100002481134370,http://www.facebook.com/profile.php?id=100002481134370,https://graph.facebook.com/100002481134370/picture,,100002481134370_413021845457183,,,Facebook for Android (350685531728),status,,,,,,,,,,,,,,,,,,,,,,,,,,,,,,,,,,,,,,,,,,,,,,,,,,,,,,,,,,,,,,,,,,,,,,,,,,,,,,,,,,,,,,,,,,,,,,,,,,,,,,,,,,,,,,,,,,,,,,,,,,,,,,,,,,,,,,,,,,,,,,,,,,,,,,,,,,,,,,,,,,,,,,"Show A Girl You Don't.Care She Will CHASE You , But Show A Women You Don't Care She Will REPLACE You . ! 

# <3 Happy Valentine's Day To All . ! <3",,,,,,,,,,,,,,,,,
,3,web,Veronica,Benning ,4,http://a0.twimg.com/profile_images/664396028/image_normal.jpg,http://twitter.com/veronica,twitter,"Thu, 14 Feb 2013 15:48:43 +0000","apa? yg waktu ko pake topia ku tu?""@joannacargil Td aku pggl ko gk dngr""@: haha iya baru ingat aku taa""@joannacargil Woi""@",64642071560,http://twitter.com/veronica/statuses/64642071560,,,44,ms,100,,,,,,,,,"Thu, 14 Feb 2013 15:48:43 +0000",,,,64642071560,,,,,,,,,web,"apa? yg waktu ko pake topia ku tu?""@joannacargil Td aku pggl ko gk dngr""@: haha iya baru ingat aku taa""@joannacargil Woi""@",Benning ,,Lhokseumawe,2279,256,199,Veronica,http://a0.twimg.com/profile_images/664396028/image_normal.jpg,id,Pacific Time (US & Canada),-28800,,4,4,true,"Wed, 17 Aug 2011 06:24:29 +0000",http://veronica.com,Joannacargil,7136365,19881606381,,,,,,,,,,,,,,,,,,,,,,,,,,,,,,,,,,,,,,,,,,,,,,,7136365,joannacargil,,,,,,,,,,,,,,,,,,,,,,,,,,,,,,,,,,,,,,,,,,,,,,,,,,,,,,,,,,,,,,,,,,,,,,,,,,,,,,,,,,,,,,,,,,,,,,,,,,,,,,,,,,,,,,,,,,,,,,,,,,,,,,,,,,,,,,,,,,,,,,,,,,
female,3,Twitter for BlackBerry®,Blackpanther,Black Panther ,7945838,http://a0.twimg.com/profile_images/191194255/image_normal.jpg,http://twitter.com/blackpanther,twitter,"Thu, 14 Feb 2013 15:48:43 +0000",Bru skrg pegang hp dr plg kampus td :|,85012870724,http://twitter.com/blackpanther/statuses/85012870724,,,43,id,100,,,,,,,,,"Thu, 14 Feb 2013 15:48:43 +0000",,,,85012870724,,,,,,,,,"<a href=""http://blackberry.com/twitter"" rel=""nofollow"">Twitter for BlackBerry®</a>",Bru skrg pegang hp dr plg kampus td :|,Black Panther ,,,87543,1640,540,Blackpanther,http://a0.twimg.com/profile_images/191194255/image_normal.jpg,en,Pacific Time (US & Canada),-28800,2,7945838,7945838,true,"Fri, 12 Jun 2009 14:59:28 +0000",http://blackpanther.com,Emerson,8704365,35090383514,,,,,,,,,,,,,,,,,,,,,,,,,,,,,,,,,,,,,,,,,,,,,,,,,,,,,,,,,,,,,,,,,,,,,,,,,,,,,,,,,,,,,,,,,,,,,,,,,,,,,,,,,,,,,,,,,,,,,,,,,,,,,,,,,,,,,,,,,,,,,,,,,,,,,,,,,,,,,,,,,,,,,,,,,,,,,,,,,,,,,,,,,,,,,,,,,,
,3,Mobile (186529194704290),Answer,Answer ,8300351,http://a0.twimg.com/profile_images/0/image_normal.jpg,http://twitter.com/answer,facebook,"Thu, 14 Feb 2013 15:48:42 +0000",", klo abg yg di rmh ne jam 5 nympe jm 12 pun tahan maen ps

   .. g i l a ..",52473263652,http://twitter.com/answer/statuses/52473263652,,,,id,100,,,,,,,,,,,,,,,,,,,,,,,,,,,,,,,,,,,,,,,,,,,,Mobile,Maruli Aruan,100001242517153,http://www.facebook.com/profile.php?id=100001242517153,https://graph.facebook.com/100001242517153/picture,,100001242517153_511660502218696,,,Mobile (186529194704290),status,,,,,,,,,,,,,,,,,,,,,,,,,,,,,,,,,,,,,,,,,,,,,,,,,,,,,,,,,,,,,,,,,,,,,,,,,,,,,,,,,,,,,,,,,,,,,,,,,,,,,,,,,,,,,,,,,,,,,,,,,,,,,,,,,,,,,,,,,,,,,,,,,,,,,,,,,,,,,,,,,,,,,,", klo abg yg di rmh ne jam 5 nympe jm 12 pun tahan maen ps

   .. g i l a ..",,,,,,,,,,,,,,,,,
unisex,3,Twitter for iPhone,Battery,Battery ,6896307,http://a0.twimg.com/profile_images/106410834/image_normal.jpg,http://twitter.com/battery,twitter,"Thu, 14 Feb 2013 15:48:43 +0000",@carrion when are you playing in Halifax next?,72701587807,http://twitter.com/battery/statuses/72701587807,,,,en,100,,,,,,,,0,"Thu, 14 Feb 2013 15:48:43 +0000",,,,72701587807,,,,,,,,,"<a href=""http://twitter.com/download/iphone"" rel=""nofollow"">Twitter for iPhone</a>",@carrion when are you playing in Halifax next?,Battery ,,"Halifax, Nova Scotia",36,49,157,Battery,http://a0.twimg.com/profile_images/106410834/image_normal.jpg,en,,,,6896307,6896307,,"Thu, 10 Jan 2013 13:32:18 +0000",http://battery.com,Carrion,4160426,79579871892,,,,,,,,,,,,,,,,,,,,,,,,,,,,,,,,,,,,,,,,,,,,,,,4160426,carrion,,,,,,,,,,,,,,,,,,,,,,,,,,,,,,,,,,,,,,,,,,,,,,,,,,,,,,,,,,,,,,,,,,,,,,,,,,,,,,,,,,,,,,,,,,,,,,,,,,,,,,,,,,,,,,,,,,,,,,,,,,,,,,,,,,,,,,,,,,,,,,,,,,
mostly_female,3,Twitter for Android,Chiefmagi,Anderson ,7360466,http://a0.twimg.com/profile_images/21683/image_normal.jpg,http://twitter.com/chiefmagi,twitter,"Thu, 14 Feb 2013 15:48:43 +0000","""@fletche: @ je rent hahha achter zon bank"" ja klopt...........",10909025394,http://twitter.com/chiefmagi/statuses/10909025394,,,40,nl,100,,,,,,,,,"Thu, 14 Feb 2013 15:48:43 +0000",,,,10909025394,,,,,,,,,"<a href=""http://twitter.com/download/android"" rel=""nofollow"">Twitter for Android</a>","""@fletche: @ je rent hahha achter zon bank"" ja klopt...........",Anderson ,,oeffelt.,30871,444,419,Chiefmagi,http://a0.twimg.com/profile_images/21683/image_normal.jpg,nl,Greenland,-10800,1,7360466,7360466,true,"Wed, 10 Aug 2011 09:22:19 +0000",http://chiefmagi.com,Fletche,1407469,79763529635,,,,,,,,,,,,,,,,,,,,,,,,,,,,,,,,,,,,,,,,,,,,,,,1407469,fletche,,,,,,,,,,,,,,,,,,,,,,,,,,,,,,,,,,,,,,,,,,,,,,,,,,,,,,,,,,,,,,,,,,,,,,,,,,,,,,,,,,,,,,,,,,,,,,,,,,,,,,,,,,,,,,,,,,,,,,,,,,,,,,,,,,,,,,,,,,,,,,,,,,
male,3,Antidateador Web,Blackoutii,Blackout Ii ,3125196,http://a0.twimg.com/profile_images/282392932/image_normal.jpg,http://twitter.com/blackoutii,twitter,"Thu, 14 Feb 2013 15:48:43 +0000",RT @Stereo107: °Cuenta corriente para universitarios en Banco Santander. Interesados DM @DonDatos @DonDateador @BuenRT @BuscoDatos @Hoci ...,83789362641,http://twitter.com/blackoutii/statuses/83789362641,,,47,es,100,,,,,,,,1,,,,,83789362641,,,,,,,,,,,,,,,,,,,,,,,,,,,,Candy,4441768,40,,,,,,,,,,,,,°Cuenta corriente para universitarios en Banco Santander. Interesados DM @DonDatos @DonDateador @BuenRT @BuscoDatos @HocicoTarro @ChileanCL,302081947289661440,Anti Dateador,Ya basta de creerse el dueño de twitter y mandar a bloquear cuentas que se asemejan a tu seudonimo,,104951,2564,1977,AntiDateador,http://a0.twimg.com/profile_images/2555687533/rev01_normal.jpg,es,Atlantic Time (Canada),-14400,789304226,789304226,"Wed, 29 Aug 2012 13:06:29 +0000","<a href=""http://www.twitter.com"" rel=""nofollow"">Antidateador Web</a>",9,"Thu, 14 Feb 2013 15:48:43 +0000",302079350067564544,Carlos Machuca,1813,247,349,Stereo107,http://a0.twimg.com/profile_images/3215205685/26dd3fb3e90420d0e808a80d3696229e_normal.jpeg,es,,,221528894,221528894,"Tue, 30 Nov 2010 22:28:48 +0000",web,"Thu, 14 Feb 2013 15:38:24 +0000",,,,Banco Santander,Company,Company,1,0,1,1,,,,,,,Interesados DM @DonDatos @DonDateador @BuenRT @BuscoDatos @Hoci,Product,Product,0,0,1,1,,,,,,,,,,,,,,,,,,,,,,,,,,,,,,,,,,,,,,,,,,,,,,,,,,,,,,,,,,,,,,,,,,,,,,,,,,,,,,,,,,,,,,,,,,,,,,,,,,,,,,Megalómano + Egocéntrico + Manipulador + Superficilal y Buena onda xD + Me llamo Carlos https://www.facebook.com/carlito.stereo,,,true,,4,,DonDatos,DonDateador,BuenRT,BuscoDatos,HocicoTarro,ChileanCL,327776933,376796612,472115553,623314058,384861838,161033795,,,,,
male,3,Twitter for BlackBerry®,Blackracer,Black Racer ,7431354,http://a0.twimg.com/profile_images/767586263/image_normal.jpg,http://twitter.com/blackracer,twitter,"Thu, 14 Feb 2013 15:48:43 +0000","RT @IndoStevieG: Liverpool's starting line-up: Reina, Johnson, Enrique, Carragher, Skrtel, Allen, Henderson, Gerrard, Sterling, Downing, ...",42851635161,http://twitter.com/blackracer/statuses/42851635161,,,42,en,62,,,,,,,,0,,,,,42851635161,,,,,,,,,,,,,,,,,,,,,,,,,,,,Barbarus,7841850,21502713067,,,,,,,,,,,,,"Liverpool's starting line-up: Reina, Johnson, Enrique, Carragher, Skrtel, Allen, Henderson, Gerrard, Sterling, Downing, Suarez. #YNWA",302081948938027008,Dino,Walk on walk on with hope in ur arms and you'll never walk alone you'll never walk alone @LFC,"Anfield, Liverpool",21205,520,439,aldinorb,http://a0.twimg.com/profile_images/2583527555/345201905_normal.jpg,en,Pacific Time (US & Canada),-28800,93779266,93779266,"Tue, 01 Dec 2009 03:25:54 +0000","<a href=""http://blackberry.com/twitter"" rel=""nofollow"">Twitter for BlackBerry®</a>",23,"Thu, 14 Feb 2013 15:48:43 +0000",302081055475769344,Gerrard Indonesia,45178,20359,422,IndoStevieG,http://a0.twimg.com/profile_images/3204278360/fec583cdd761bbac366735ba0e3aace3_normal.jpeg,en,Jakarta,25200,174535162,174535162,"Wed, 04 Aug 2010 04:37:18 +0000","<a href=""http://www.tweetdeck.com"" rel=""nofollow"">TweetDeck</a>","Thu, 14 Feb 2013 15:45:10 +0000",,,,Reina,Person,Person,0,1,1,1,starting line,,,,,,Johnson,Person,Person,0,1,1,1,starting line,,,,,,Enrique,Person,Person,0,1,1,1,starting line,,,,,,Carragher,Person,Person,0,1,1,1,starting line,,,,,,,,,,,,,,,,,,,,,,,,,,,,,,,,,,,,,,,,,,,,,,,,,,,,,,,,,,,,,,,,,,,,,,,,,,http://stevengerrardindonesia.blogspot.com/,Indonesia's fanbase for #LFC & England's legendary player Steven Gerrard. We present you news about Stevie G & the team. We're #Gerrarddicted! Follow @SGF08!,Gerrard's Heart,148,true,,2,,,,,,,,,,,,,,YNWA,,,,
male,3,Mobile (2915120374),Jonothonsta,Chamber ,3908065,http://a0.twimg.com/profile_images/285140173/image_normal.jpg,http://twitter.com/jonothonsta,facebook,"Thu, 14 Feb 2013 15:48:44 +0000","Valentines Special
GF = Where R u.?
BF = I'm At ""Bank""
GF = I Need 10,000 For New Cell
Phone & 5,000 For
New Dress.
BF = Sorry,
I Mean I'm At BL00D
BANK""KHOON PIYEGI
KHOON"":p:D",0,http://twitter.com/jonothonsta/statuses/0,,,,it,62,,,,,,,,,,,,,,,,,,,,,,,,,,,,,,,,,,,,,,,,,,,,Mobile,Vinay Jallandhra,100002092732487,http://www.facebook.com/profile.php?id=100002092732487,https://graph.facebook.com/100002092732487/picture,,100002092732487_430862923660128,,,Mobile (2915120374),status,,,,,,,,,,,,,,,,,,,,,,,,,,,,,,,,,,,,,,,,,,,,,,,,,,,,,,,,,,,,,,,,,,,,,,,,,,,,,,,,,,,,,,,,,,,,,,,,,,,,,,,,,,,,,,,,,,,,,,,,,,,,,,,,,,,,,,,,,,,,,,,,,,,,,,,,,,,,,,,,,,,,,,"Valentines Special
GF = Where R u.?
BF = I'm At ""Bank""
GF = I Need 10,000 For New Cell
Phone & 5,000 For
New Dress.
BF = Sorry,
I Mean I'm At BL00D
BANK""KHOON PIYEGI
KHOON"":p:D",,,,,,,,,,,,,,,,,
male,3,TweetDeck,Melvin,Biggers ,7998316,http://a0.twimg.com/profile_images/317752570/image_normal.jpg,http://twitter.com/melvin,twitter,"Thu, 14 Feb 2013 15:48:42 +0000",Discover how to build a legitimate online business Wish I knew this stuff before I started Network Marketing. http://t.co/yYMd7KRi,39986651879,http://twitter.com/melvin/statuses/39986651879,,,20,en,100,200,"Thu, 14 Feb 2013 15:48:44 +0000",http://bit.ly/RrXqfw,http://iamadiamond.successin10steps.com/?mad=64323,0,Success In Ten Steps MLM ebook,http://iamadiamond.successin10steps.com/?mad=64323,4,"Thu, 14 Feb 2013 15:48:42 +0000",bit.ly,,,39986651879,http://bit.ly/RrXqfw,,,,,,,,"<a href=""http://www.tweetdeck.com"" rel=""nofollow"">TweetDeck</a>",Discover how to build a legitimate online business Wish I knew this stuff before I started Network Marketing. http://t.co/yYMd7KRi,Biggers ,,,431,66,310,Melvin,http://a0.twimg.com/profile_images/317752570/image_normal.jpg,en,,,,7998316,7998316,,"Tue, 11 Dec 2012 18:58:48 +0000",http://melvin.com,Hiroshi,2393591,71456486731,,,,,,,,,,,,,,,,,,,,,,,,,,,,,,,,,,,,,,,,,,,,,,,,,,,,,,,,,,,,,,,,,,,,,,,,,,,,,,,,,,,,,,,,,,,,,,,,,,,,,,,,,,,,,,,,,,,,,,,,,,,,,,,,,,,,,,,,,,,,,,,,,,,,,,,,,,,,,,,,,,,,,,,,,,,,,,,,,,,,,,,,,,,,,,,,,,
mostly_female,3,Twitter for Android,Airborne,Airborne ,5258045,http://a0.twimg.com/profile_images/201542854/image_normal.jpg,http://twitter.com/airborne,twitter,"Thu, 14 Feb 2013 15:48:42 +0000",RT @Luisiyo30_ATM: #TeQuieroAtleti lolololololo te quiero Atleti lolololololo,87072291,http://twitter.com/airborne/statuses/87072291,,,34,es,62,,,,,,,,0,,,,,87072291,,,,,,,,,,,,,,,,,,,,,,,,,,,,Apocryphus,5017898,72340766456,,,,,,,,,,,,,#TeQuieroAtleti lolololololo te quiero Atleti lolololololo,302081944282357760,Toniete Ramón.,"Estudiante de 1 de Bachillerato, fan de lo anormal y orgulloso incondicional del Atlético de Madrid, para que más...",Crevillent (Alicante).,7444,481,944,Toniete12,http://a0.twimg.com/profile_images/3113500471/882955f05c8459a99971c9b6fccc3a94_normal.jpeg,es,Amsterdam,3600,338053317,338053317,"Tue, 19 Jul 2011 00:34:56 +0000","<a href=""http://twitter.com/download/android"" rel=""nofollow"">Twitter for Android</a>",1,"Thu, 14 Feb 2013 15:48:42 +0000",302081737486393346,Luisiyo ▶Atleti◀,13804,715,601,Luisiyo30_ATM,http://a0.twimg.com/profile_images/3189878755/bcbd777fbde7e182824b37a9e5cf99ef_normal.jpeg,es,Greenland,-10800,235608831,235608831,"Sat, 08 Jan 2011 16:52:51 +0000","<a href=""http://twitter.com/download/android"" rel=""nofollow"">Twitter for Android</a>","Thu, 14 Feb 2013 15:47:53 +0000",,,,,,,,,,,,,,,,,,,,,,,,,,,,,,,,,,,,,,,,,,,,,,,,,,,,,,,,,,,,,,,,,,,,,,,,,,,,,,,,,,,,,,,,,,,,,,,,,,,,,,,,,,,,,,,,,,,,,,,,,,,,http://www.facebook.com/profile.php?id=100000172295374,NOTICIA ATLETI 24Horas//Atletico de corazón.... SIEMPRE ATLETI! /#NutricionDeportiva Amante de los hierros #ILoveFitness ,Plasencia,4,true,,2,,,,,,,,,,,,,,TeQuieroAtleti,true,,,
,3,Twitter for Android,Dr.julia,Caputo ,32805,http://a0.twimg.com/profile_images/253741294/image_normal.jpg,http://twitter.com/dr.julia,twitter,"Thu, 14 Feb 2013 15:48:43 +0000",@arranger hoi ! Pi mintak kat adib pulak :3 malu ah ittewww hahahahaha,17821756284,http://twitter.com/dr.julia/statuses/17821756284,,,41,ms,100,,,,,,,,,"Thu, 14 Feb 2013 15:48:43 +0000",,,,17821756284,,,,,,,,,"<a href=""http://twitter.com/download/android"" rel=""nofollow"">Twitter for Android</a>",@arranger hoi ! Pi mintak kat adib pulak :3 malu ah ittewww hahahahaha,Caputo ,,,37761,479,361,Dr.julia,http://a0.twimg.com/profile_images/253741294/image_normal.jpg,en,Alaska,-32400,,32805,32805,true,"Thu, 02 Dec 2010 14:27:23 +0000",http://dr.julia.com,Arranger,241799,17493808618,,,,,,,,,,,,,,,,,,,,,,,,,,,,,,,,,,,,,,,,,,,,,,,241799,arranger,,,,,,,,,,,,,,,,,,,,,,,,,,,,,,,,,,,,,,,,,,,,,,,,,,,,,,,,,,,,,,,,,,,,,,,,,,,,,,,,,,,,,,,,,,,,,,,,,,,,,,,,,,,,,,,,,,,,,,,,,,,,,,,,,,,,,,,,,,,,,,,,,,
unisex,3,Twitter for Android,Blade,Blade ,4442086,http://a0.twimg.com/profile_images/302789078/image_normal.jpg,http://twitter.com/blade,twitter,"Thu, 14 Feb 2013 15:48:43 +0000","RT @LFC: LFC team v Zenit: Reina, Johnson, Enrique, Carragher, Skrtel, Allen, Henderson, Gerrard, Sterling, Downing, Suarez.",37332621915,http://twitter.com/blade/statuses/37332621915,,,38,fr,62,,,,,,,,0,,,,,37332621915,,,,,,,,,,,,,,,,,,,,,,,,,,,,Artemis,7694598,78780829370,,,,,,,,,,,,,"LFC team v Zenit: Reina, Johnson, Enrique, Carragher, Skrtel, Allen, Henderson, Gerrard, Sterling, Downing, Suarez.",302081949663637505,Sam Holloway,17. Sixth Form student. Motorsport and football fan,"West Midlands, UK",22281,494,488,Sam_F1_LFC,http://a0.twimg.com/profile_images/2756429938/e87039ccdf4344fcc85f63347595a36a_normal.jpeg,en,London,,278594961,278594961,"Thu, 07 Apr 2011 15:44:21 +0000","<a href=""http://twitter.com/download/android"" rel=""nofollow"">Twitter for Android</a>",780,"Thu, 14 Feb 2013 15:48:43 +0000",302080839288750081,Liverpool FC ,21749,1511801,409073,LFC,http://a0.twimg.com/profile_images/1847862599/Grad_LFC_Crest_twitter_normal.jpg,en,,,19583545,19583545,"Tue, 27 Jan 2009 09:05:21 +0000",web,"Thu, 14 Feb 2013 15:44:19 +0000",,,,Reina,Person,Person,0,0,1,1,,,,,,,Johnson,Person,Person,0,0,1,1,,,,,,,Enrique,Person,Person,0,0,1,1,,,,,,,Carragher,Person,Person,0,0,1,1,,,,,,,Skrtel,Person,Person,0,0,1,1,,,,,,,,,,,,,,,,,,,Allen,Person,Person,0,0,1,1,Henderson,Person,Person,0,0,1,1,Gerrard,Person,Person,0,0,1,1,Sterling,Person,Person,0,0,1,1,Downing,Person,Person,0,0,1,1,Suarez,Person,Person,0,0,1,1,,http://www.liverpoolfc.com/,Official LFC account. Follow @OfficialLFC_ID @ThaiLFC @LFCANZ @LFCBrasil @LFCEspanol @LFC_Arabic @LFCIndia @LFCFrance @TurkeyLFC  @LFCBangladesh,"Anfield, Liverpool",11364,true,true,4,,,,,,,,,,,,,,,true,,,
,3,Facebook for iPhone (6628568379),Dr.bradley,Beynon ,9497501,http://a0.twimg.com/profile_images/910071339/image_normal.jpg,http://twitter.com/dr.bradley,facebook,"Thu, 14 Feb 2013 15:48:44 +0000","- I Need To See My Chase Today Because He Need Tete Kisses On Valentines Day lol 
Xavier Gone Get Some Too  && Ofcourse My Hunnie Derrick Hill Jr.

#HappyValentinesDay ❤",80006004334,http://twitter.com/dr.bradley/statuses/80006004334,,,,en,62,,,,,,,,0,,,,,,,,,,,,,,,,,,,,,,,,,,,,,,,,,,,,Facebook for iPhone,Vatonya Shanell,100002290279512,http://www.facebook.com/profile.php?id=100002290279512,https://graph.facebook.com/100002290279512/picture,,100002290279512_417918571627815,,,Facebook for iPhone (6628568379),status,,,,,,,,,,,,,,,,,,,,,,,,,,,,,,,,,,,,,,,,,,,,,,,,,,,,,,,,,,,,,,,,,,,,,,,,,,,,,,,,,,,,,,,,,,,,,,,,,,,,,,,,,,,,,,,,,,,,,,,,,,,,,,,,,,,,,,,,,,,,,,,,,,,,,,,,,,,,,,,,,,,,,,"- I Need To See My Chase Today Because He Need Tete Kisses On Valentines Day lol 
Xavier Gone Get Some Too  && Ofcourse My Hunnie Derrick Hill Jr.

#HappyValentinesDay ❤",,,,,,,,,,,,,,,Derrick Hill Jr,776405023,
,3,Mobile Web (M2),Cerebritealpha,Cerebrite Alpha ,6274228,http://a0.twimg.com/profile_images/937747132/image_normal.jpg,http://twitter.com/cerebritealpha,twitter,"Thu, 14 Feb 2013 15:48:44 +0000","kau rilex je,satgi kena tibai ah dgn abg.ta kcau harta org ta bole agaknya",22353347786,http://twitter.com/cerebritealpha/statuses/22353347786,,,48,ms,100,,,,,,,,,"Thu, 14 Feb 2013 15:48:44 +0000",,,,22353347786,,,,,,,,,"<a href=""https://mobile.twitter.com"" rel=""nofollow"">Mobile Web (M2)</a>","kau rilex je,satgi kena tibai ah dgn abg.ta kcau harta org ta bole agaknya",Cerebrite Alpha ,,,6213,678,226,Cerebritealpha,http://a0.twimg.com/profile_images/937747132/image_normal.jpg,en,Beijing,28800,,6274228,6274228,true,"Wed, 29 Aug 2012 12:46:32 +0000",http://cerebritealpha.com,31,8133210,31806070730,,,,,,,,,,,,,,,,,,,,,,,,,,,,,,,,,,,,,,,,,,,,,,,,,,,,,,,,,,,,,,,,,,,,,,,,,,,,,,,,,,,,,,,,,,,,,,,,,,,,,,,,,,,,,,,,,,,,,,,,,,,,,,,,,,,,,,,,,,,,,,,,,,,,,,,,,,,,,,,,,,,,,,,,,,,,,,,,,,,,,,,,,,,,,,,,,,
mostly_female,3,Status Shuffle (8109791468),Halloway,Angel Iii ,1156426,http://a0.twimg.com/profile_images/942300659/image_normal.jpg,http://twitter.com/halloway,facebook,"Thu, 14 Feb 2013 15:48:44 +0000","http://s3.amazonaws.com/payday1500h6/online-pay-day-lenders.html
 http://s3.amazonaws.com/payday1500h6/loans-for-french.html
 http://s3.amazonaws.com/payday1500h6/cash-loans-joondalup.html
 http://s3.amazonaws.com/payday1500h6/loans-for-unemployed-no-fees.html
 http://s3.amazonaws.com/payday1500h6/quick-payday-loans-online-no-credit-report.html
 http://s3.amazonaws.com/payday1500h6/loan-workout-jobs.html
 http://s3.amazonaws.com/payday1500h6/way-to-get-easy-money.html
 http://s3.amazonaws.com/payday1500h6/need-bad-credit-loan.html
 http://s3.amazonaws.com/payday1500h6/payday-loan-lenders-guaranteed.html
 http://s3.amazonaws.com/payday1500h6/quick-loans-in-cape-town.html
 http://s3.amazonaws.com/payday1500h6/united-cash-loans-united-cash.html
 http://s3.amazonaws.com/payday1500h6/loan-forgiveness-programs-occupational-therapy.html
 http://s3.amazonaws.com/payday1500h6/personal-loans-for-bad-credit-and-no-job.html
 http://s3.amazonaws.com/payday1500h6/usda-loans-rural-development-alabama.html
 http://s3.amazonaws.com/payday1500h6/mcdonald-denied-loan.html
 http://s3.amazonaws.com/payday1500h6/loans-perth-wa.html
 http://s3.amazonaws.com/payday1500h6/bad-credit-personal-loans-victoria.html
 http://s3.amazonaws.com/payday1500h6/loans-online-fast.html
 http://s3.amazonaws.com/payday1500h6/usda-loan-guarantee-program.html",85381121397,http://twitter.com/halloway/statuses/85381121397,,,,,,,,,,,,,0,,,,,,,,,,,,,,,,,,,,,,,,,,,,,,,,,,,,Status Shuffle,Las vegas payday loan and cash advance,433906173333192,http://www.facebook.com/profile.php?id=433906173333192,https://graph.facebook.com/433906173333192/picture,,433906173333192_484734208250388,,,Status Shuffle (8109791468),status,,,,,,,,,,,,,,,,,,,,,,,,,,,,,,,,,,,,,,,,,,,,,,,,,,,,,,,,,,,,,,,,,,,,,,,,,,,,,,,,,,,,,,,,,,,,,,,,,,,,,,,,,,,,,,,,,,,,,,,,,,,,,,,,,,,,,,,,,,,,,,,,,,,,,,,,,,,,,,,,,,,,,,"http://s3.amazonaws.com/payday1500h6/online-pay-day-lenders.html
 http://s3.amazonaws.com/payday1500h6/loans-for-french.html
 http://s3.amazonaws.com/payday1500h6/cash-loans-joondalup.html
 http://s3.amazonaws.com/payday1500h6/loans-for-unemployed-no-fees.html
 http://s3.amazonaws.com/payday1500h6/quick-payday-loans-online-no-credit-report.html
 http://s3.amazonaws.com/payday1500h6/loan-workout-jobs.html
 http://s3.amazonaws.com/payday1500h6/way-to-get-easy-money.html
 http://s3.amazonaws.com/payday1500h6/need-bad-credit-loan.html
 http://s3.amazonaws.com/payday1500h6/payday-loan-lenders-guaranteed.html
 http://s3.amazonaws.com/payday1500h6/quick-loans-in-cape-town.html
 http://s3.amazonaws.com/payday1500h6/united-cash-loans-united-cash.html
 http://s3.amazonaws.com/payday1500h6/loan-forgiveness-programs-occupational-therapy.html
 http://s3.amazonaws.com/payday1500h6/personal-loans-for-bad-credit-and-no-job.html
 http://s3.amazonaws.com/payday1500h6/usda-loans-rural-development-alabama.html
 http://s3.amazonaws.com/payday1500h6/mcdonald-denied-loan.html
 http://s3.amazonaws.com/payday1500h6/loans-perth-wa.html
 http://s3.amazonaws.com/payday1500h6/bad-credit-personal-loans-victoria.html
 http://s3.amazonaws.com/payday1500h6/loans-online-fast.html
 http://s3.amazonaws.com/payday1500h6/usda-loan-guarantee-program.html",,,,,,,,,,,,,,,,,
mostly_female,3,mediafeedia (167513318875),Arielii,Ariel Ii ,6001105,http://a0.twimg.com/profile_images/149332232/image_normal.jpg,http://twitter.com/arielii,facebook,"Thu, 14 Feb 2013 15:48:44 +0000","http://payday1500h6.s3.amazonaws.com/loan-usa-investment.html
 http://payday1500h6.s3.amazonaws.com/loans-no-credit-score.html
 http://payday1500h6.s3.amazonaws.com/tom-taylor-usa-realty-and-loans.html
 http://payday1500h6.s3.amazonaws.com/need-a-loan-bad-credit-ok.html
 http://payday1500h6.s3.amazonaws.com/payday-loan-store-dekalb.html
 http://payday1500h6.s3.amazonaws.com/mortgage-loan-calculator-san-diego.html
 http://payday1500h6.s3.amazonaws.com/payday-loan-legislation-durbin.html
 http://payday1500h6.s3.amazonaws.com/loan-application-date.html
 http://payday1500h6.s3.amazonaws.com/emi-housing-loan.html
 http://payday1500h6.s3.amazonaws.com/payday-loan-debt-consolidation-kansas-city.html
 http://payday1500h6.s3.amazonaws.com/payday-loan-85014.html
 http://payday1500h6.s3.amazonaws.com/loan-underwriter-association.html
 http://payday1500h6.s3.amazonaws.com/payday-loans-without-checking-account-uk.html
 http://payday1500h6.s3.amazonaws.com/loan-modification-in-california.html
 http://payday1500h6.s3.amazonaws.com/loan-guarantee-sample.html
 http://payday1500h6.s3.amazonaws.com/loans-0-credit.html
 http://payday1500h6.s3.amazonaws.com/loan-in-a-hour.html
 http://payday1500h6.s3.amazonaws.com/interlibrary-loan-iupui.html
 http://payday1500h6.s3.amazonaws.com/loans-600.html",61951139662,http://twitter.com/arielii/statuses/61951139662,,,,,,,,,,,,,0,,,,,,,,,,,,,,,,,,,,,,,,,,,,,,,,,,,,mediafeedia,Payday loan stores milwaukee wisconsin,283151715135169,http://www.facebook.com/profile.php?id=283151715135169,https://graph.facebook.com/283151715135169/picture,,283151715135169_339095672874106,,,mediafeedia (167513318875),status,,,,,,,,,,,,,,,,,,,,,,,,,,,,,,,,,,,,,,,,,,,,,,,,,,,,,,,,,,,,,,,,,,,,,,,,,,,,,,,,,,,,,,,,,,,,,,,,,,,,,,,,,,,,,,,,,,,,,,,,,,,,,,,,,,,,,,,,,,,,,,,,,,,,,,,,,,,,,,,,,,,,,,"http://payday1500h6.s3.amazonaws.com/loan-usa-investment.html
 http://payday1500h6.s3.amazonaws.com/loans-no-credit-score.html
 http://payday1500h6.s3.amazonaws.com/tom-taylor-usa-realty-and-loans.html
 http://payday1500h6.s3.amazonaws.com/need-a-loan-bad-credit-ok.html
 http://payday1500h6.s3.amazonaws.com/payday-loan-store-dekalb.html
 http://payday1500h6.s3.amazonaws.com/mortgage-loan-calculator-san-diego.html
 http://payday1500h6.s3.amazonaws.com/payday-loan-legislation-durbin.html
 http://payday1500h6.s3.amazonaws.com/loan-application-date.html
 http://payday1500h6.s3.amazonaws.com/emi-housing-loan.html
 http://payday1500h6.s3.amazonaws.com/payday-loan-debt-consolidation-kansas-city.html
 http://payday1500h6.s3.amazonaws.com/payday-loan-85014.html
 http://payday1500h6.s3.amazonaws.com/loan-underwriter-association.html
 http://payday1500h6.s3.amazonaws.com/payday-loans-without-checking-account-uk.html
 http://payday1500h6.s3.amazonaws.com/loan-modification-in-california.html
 http://payday1500h6.s3.amazonaws.com/loan-guarantee-sample.html
 http://payday1500h6.s3.amazonaws.com/loans-0-credit.html
 http://payday1500h6.s3.amazonaws.com/loan-in-a-hour.html
 http://payday1500h6.s3.amazonaws.com/interlibrary-loan-iupui.html
 http://payday1500h6.s3.amazonaws.com/loans-600.html",,,,,,,,,,,,,,,,,
,3,Twitter for iPhone,Dr.wi,Black Goliath ,6417306,http://a0.twimg.com/profile_images/489567797/image_normal.jpg,http://twitter.com/dr.wi,twitter,"Thu, 14 Feb 2013 15:48:43 +0000",Abg lan lagi layan mntak ketupat . Lol !,1224472,http://twitter.com/dr.wi/statuses/1224472,,,45,ms,100,,,,,,,,,"Thu, 14 Feb 2013 15:48:43 +0000",,,,1224472,,,,,,,,,"<a href=""http://twitter.com/download/iphone"" rel=""nofollow"">Twitter for iPhone</a>",Abg lan lagi layan mntak ketupat . Lol !,Black Goliath ,,batu pahat ,10513,110,104,Dr.wi,http://a0.twimg.com/profile_images/489567797/image_normal.jpg,en,Kuala Lumpur,28800,,6417306,6417306,,"Sun, 06 Mar 2011 09:18:51 +0000",http://dr.wi.com,Rogerbochs,5039150,27906252420,,,,,,,,,,,,,,,,,,,,,,,,,,,,,,,,,,,,,,,,,,,,,,,,,,,,,,,,,,,,,,,,,,,,,,,,,,,,,,,,,,,,,,,,,,,,,,,,,,,,,,,,,,,,,,,,,,,,,,,,,,,,,,,,,,,,,,,,,,,,,,,,,,,,,,,,,,,,,,,,,,,,,,,,,,,,,,,,,,,,,,,,,,,,,,,,,,
male,3,Mobile (2915120374),Argos,Argos ,5558645,http://a0.twimg.com/profile_images/1428202/image_normal.jpg,http://twitter.com/argos,facebook,"Thu, 14 Feb 2013 15:48:44 +0000","Valentines Special
GF = Where R u.?
BF = I'm At ""Bank""
GF = I Need 10,000 For
New Cell Phone & 5,000
For New Dress.
BF = Sorry, I Mean I'm
At BL00D BANK
""KHOON PIYEGI KHOON"":p",26318560400,http://twitter.com/argos/statuses/26318560400,,,,it,62,,,,,,,,,,,,,,,,,,,,,,,,,,,,,,,,,,,,,,,,,,,,Mobile,Rockstar Ankit Goyal,100003578079086,http://www.facebook.com/profile.php?id=100003578079086,https://graph.facebook.com/100003578079086/picture,,100003578079086_298754176920516,,,Mobile (2915120374),status,,,,,,,,,,,,,,,,,,,,,,,,,,,,,,,,,,,,,,,,,,,,,,,,,,,,,,,,,,,,,,,,,,,,,,,,,,,,,,,,,,,,,,,,,,,,,,,,,,,,,,,,,,,,,,,,,,,,,,,,,,,,,,,,,,,,,,,,,,,,,,,,,,,,,,,,,,,,,,,,,,,,,,"Valentines Special
GF = Where R u.?
BF = I'm At ""Bank""
GF = I Need 10,000 For
New Cell Phone & 5,000
For New Dress.
BF = Sorry, I Mean I'm
At BL00D BANK
""KHOON PIYEGI KHOON"":p",,,,,,,,,,,,,,,,,
female,3,web,Azopardi,Azopardi ,341,http://a0.twimg.com/profile_images/937569880/image_normal.jpg,http://twitter.com/azopardi,facebook,"Thu, 14 Feb 2013 15:48:43 +0000","J'obtiens de nombreuses grâces pour les personnes qui me confie leur intentions !

Je confie vos intentions et neuvaines a tous les saints , résultat garanti !

Pour plus ample d'information visiter la page de service d'aide contre la malchance


https://www.facebook.com/ServiceDaideContreLaMalchance",59674595901,http://twitter.com/azopardi/statuses/59674595901,,,,,,200,"Thu, 14 Feb 2013 15:48:44 +0000",http://www.facebook.com/ServiceDaideContreLaMalchance,https://facebook.com/ServiceDaideContreLaMalchance,0,Service d&#039;aide contre la malchance | Facebook,https://www.facebook.com/ServiceDaideContreLaMalchance,0,,,,,,,,,,,,,,,,,,,,,,,,,,,,,,,,,,,,,Fabienne Coeur,1011053299,http://www.facebook.com/profile.php?id=1011053299,https://graph.facebook.com/1011053299/picture,"J'obtiens de nombreuses grâces pour les personnes qui me confie leur intentions !

Je confie vos intentions et neuvaines a tous les saints , résultat garanti !

J'agis dans nombreux domaine .",1011053299_335748223192134,http://www.facebook.com/ServiceDaideContreLaMalchance,Service d'aide contre la malchance,web,link,Service d'aide contre la malchance,,,,,,,,,,,,,,,,,,,,,,,,,,,,,,,,,,,,,,,,,,,,,,,,,,,,,,,,,,,,,,,,,,,,,,,,,,,,,,,,,,,,,,,,,,,,,,,,,,,,,,,0,,,,,,,,,,,,,,,,,,,,,,,,,,,,,,,,,,,,,,,,,,,,,,,,,,,,,,,,,,,,,,"J'obtiens de nombreuses grâces pour les personnes qui me confie leur intentions !

Je confie vos intentions et neuvaines a tous les saints , résultat garanti !

Pour plus ample d'information visiter la page de service d'aide contre la malchance


https://www.facebook.com/ServiceDaideContreLaMalchance",,,,,,,,,,,,,,,,,5 like this

