demographic/gender,interaction/schema/version,interaction/source,interaction/author/username,interaction/author/name,interaction/author/id,interaction/author/avatar,interaction/author/link,interaction/type,interaction/created_at,interaction/content,interaction/id,interaction/link,klout/score,language/tag,language/confidence,salience/content/sentiment,twitter/created_at,twitter/id,twitter/in_reply_to_screen_name,twitter/in_reply_to_status_id,twitter/in_reply_to_user_id,twitter/mention_ids/0,twitter/mentions/0,twitter/source,twitter/text,twitter/user/name,twitter/user/description,twitter/user/statuses_count,twitter/user/followers_count,twitter/user/friends_count,twitter/user/screen_name,twitter/user/profile_image_url,twitter/user/lang,twitter/user/time_zone,twitter/user/utc_offset,twitter/user/listed_count,twitter/user/id,twitter/user/id_str,twitter/user/geo_enabled,twitter/user/created_at,twitter/user/url,links/code/0,links/created_at/0,links/hops/0/0,links/normalized_url/0,links/retweet_count/0,links/title/0,links/url/0,twitter/domains/0,twitter/links/0,twitter/user/location,salience/content/entities/0/name,salience/content/entities/0/type,salience/content/entities/0/label,salience/content/entities/0/sentiment,salience/content/entities/0/evidence,salience/content/entities/0/confident,salience/content/entities/0/about,salience/content/entities/0/themes/0,salience/content/entities/1/name,salience/content/entities/1/type,salience/content/entities/1/label,salience/content/entities/1/sentiment,salience/content/entities/1/evidence,salience/content/entities/1/confident,salience/content/entities/1/about,salience/content/entities/2/name,salience/content/entities/2/type,salience/content/entities/2/label,salience/content/entities/2/sentiment,salience/content/entities/2/evidence,salience/content/entities/2/confident,salience/content/entities/2/about,salience/content/entities/3/name,salience/content/entities/3/type,salience/content/entities/3/label,salience/content/entities/3/sentiment,salience/content/entities/3/evidence,salience/content/entities/3/confident,salience/content/entities/3/about,twitter/retweet/text,twitter/retweet/id,twitter/retweet/user/name,twitter/retweet/user/url,twitter/retweet/user/description,twitter/retweet/user/location,twitter/retweet/user/statuses_count,twitter/retweet/user/followers_count,twitter/retweet/user/friends_count,twitter/retweet/user/screen_name,twitter/retweet/user/profile_image_url,twitter/retweet/user/lang,twitter/retweet/user/time_zone,twitter/retweet/user/utc_offset,twitter/retweet/user/listed_count,twitter/retweet/user/id,twitter/retweet/user/id_str,twitter/retweet/user/geo_enabled,twitter/retweet/user/created_at,twitter/retweet/source,twitter/retweet/count,twitter/retweet/created_at,twitter/retweet/hashtags/0,twitter/retweeted/id,twitter/retweeted/user/name,twitter/retweeted/user/url,twitter/retweeted/user/description,twitter/retweeted/user/location,twitter/retweeted/user/statuses_count,twitter/retweeted/user/followers_count,twitter/retweeted/user/friends_count,twitter/retweeted/user/screen_name,twitter/retweeted/user/profile_image_url,twitter/retweeted/user/lang,twitter/retweeted/user/time_zone,twitter/retweeted/user/utc_offset,twitter/retweeted/user/listed_count,twitter/retweeted/user/id,twitter/retweeted/user/id_str,twitter/retweeted/user/created_at,twitter/retweeted/source,twitter/retweeted/created_at,facebook/application,facebook/author/name,facebook/author/id,facebook/author/link,facebook/author/avatar,facebook/id,facebook/likes/count,facebook/likes/names/0,facebook/likes/names/1,facebook/likes/names/2,facebook/likes/ids/0,facebook/likes/ids/1,facebook/likes/ids/2,facebook/message,facebook/source,facebook/to/names/0,facebook/to/ids/0,facebook/type,salience/content/entities/0/themes/1,twitter/retweet/links/0,twitter/retweet/domains/0,twitter/retweeted/user/geo_enabled,salience/content/entities/4/name,salience/content/entities/4/type,salience/content/entities/4/label,salience/content/entities/4/sentiment,salience/content/entities/4/evidence,salience/content/entities/4/confident,salience/content/entities/4/about,salience/content/entities/5/name,salience/content/entities/5/type,salience/content/entities/5/label,salience/content/entities/5/sentiment,salience/content/entities/5/evidence,salience/content/entities/5/confident,salience/content/entities/5/about,salience/content/entities/6/name,salience/content/entities/6/type,salience/content/entities/6/label,salience/content/entities/6/sentiment,salience/content/entities/6/evidence,salience/content/entities/6/confident,salience/content/entities/6/about,salience/content/entities/7/name,salience/content/entities/7/type,salience/content/entities/7/label,salience/content/entities/7/sentiment,salience/content/entities/7/evidence,salience/content/entities/7/confident,salience/content/entities/7/about,salience/content/entities/8/name,salience/content/entities/8/type,salience/content/entities/8/label,salience/content/entities/8/sentiment,salience/content/entities/8/evidence,salience/content/entities/8/confident,salience/content/entities/8/about,salience/content/entities/9/name,salience/content/entities/9/type,salience/content/entities/9/label,salience/content/entities/9/sentiment,salience/content/entities/9/evidence,salience/content/entities/9/confident,salience/content/entities/9/about,salience/content/entities/10/name,salience/content/entities/10/type,salience/content/entities/10/label,salience/content/entities/10/sentiment,salience/content/entities/10/evidence,salience/content/entities/10/confident,salience/content/entities/10/about,twitter/hashtags/0,twitter/hashtags/1,twitter/retweeted/user/verified,links/hops/0/1,salience/content/entities/0/themes/2,twitter/retweet/mentions/0,twitter/retweet/mention_ids/0,salience/content/entities/1/themes/0,salience/content/entities/1/themes/1,salience/content/entities/1/themes/2,salience/content/entities/1/themes/3,salience/content/entities/1/themes/4,salience/content/entities/2/themes/0,salience/content/entities/2/themes/1,salience/content/entities/2/themes/2,salience/content/entities/2/themes/3,salience/content/entities/2/themes/4,salience/content/entities/3/themes/0,salience/content/entities/3/themes/1,salience/content/entities/3/themes/2,salience/content/entities/3/themes/3,salience/content/entities/3/themes/4,salience/content/entities/3/themes/5,salience/content/entities/3/themes/6,salience/content/entities/4/themes/0,salience/content/entities/4/themes/1,salience/content/entities/4/themes/2,salience/content/entities/4/themes/3,salience/content/entities/4/themes/4,salience/content/entities/4/themes/5,salience/content/entities/5/themes/0,salience/content/entities/5/themes/1,salience/content/entities/6/themes/0,salience/content/entities/6/themes/1,salience/content/entities/6/themes/2,salience/content/entities/6/themes/3,salience/content/entities/6/themes/4,salience/content/entities/7/themes/0,salience/content/entities/7/themes/1,salience/content/entities/7/themes/2,salience/content/entities/7/themes/3,salience/content/entities/7/themes/4,salience/content/entities/7/themes/5,salience/content/entities/7/themes/6,salience/content/entities/7/themes/7,salience/content/entities/7/themes/8
female,3,web,Arlisse,Arlisse ,3730879,http://a0.twimg.com/profile_images/682637113/image_normal.jpg,http://twitter.com/arlisse,twitter,"Thu, 14 Feb 2013 15:48:15 +0000","@blitziana verdade, td bem??",59869115194,http://twitter.com/arlisse/statuses/59869115194,40,pt,64,0,"Thu, 14 Feb 2013 15:48:15 +0000",59869115194,Blitziana,94380099233,8349954,8349954,blitziana,web,"@blitziana verdade, td bem??",Arlisse ,,40526,1010,431,Arlisse,http://a0.twimg.com/profile_images/682637113/image_normal.jpg,pt,Brasilia,-10800,1,3730879,3730879,true,"Mon, 05 Mar 2012 23:45:44 +0000",http://arlisse.com,,,,,,,,,,,,,,,,,,,,,,,,,,,,,,,,,,,,,,,,,,,,,,,,,,,,,,,,,,,,,,,,,,,,,,,,,,,,,,,,,,,,,,,,,,,,,,,,,,,,,,,,,,,,,,,,,,,,,,,,,,,,,,,,,,,,,,,,,,,,,,,,,,,,,,,,,,,,,,,,,,,,,,,,,,,,,,,,,,,,,,,,,,,,,,,,,,,,,,
,3,Twitter for Android,Michael,Berenghetti ,1376997,http://a0.twimg.com/profile_images/862697030/image_normal.jpg,http://twitter.com/michael,twitter,"Thu, 14 Feb 2013 15:48:15 +0000",@blackheart Haha :D. Takya nak mngade lha abg oii,41062479047,http://twitter.com/michael/statuses/41062479047,45,ms,100,,"Thu, 14 Feb 2013 15:48:15 +0000",41062479047,Blackheart,63007775414,2317299,2317299,blackheart,"<a href=""http://twitter.com/download/android"" rel=""nofollow"">Twitter for Android</a>",@blackheart Haha :D. Takya nak mngade lha abg oii,Berenghetti ,,3150,238,236,Michael,http://a0.twimg.com/profile_images/862697030/image_normal.jpg,en,Beijing,28800,,1376997,1376997,,"Mon, 04 Feb 2013 14:10:04 +0000",http://michael.com,,,,,,,,,,,,,,,,,,,,,,,,,,,,,,,,,,,,,,,,,,,,,,,,,,,,,,,,,,,,,,,,,,,,,,,,,,,,,,,,,,,,,,,,,,,,,,,,,,,,,,,,,,,,,,,,,,,,,,,,,,,,,,,,,,,,,,,,,,,,,,,,,,,,,,,,,,,,,,,,,,,,,,,,,,,,,,,,,,,,,,,,,,,,,,,,,,,,,,
female,3,Buffer,Ariane,Ariane ,9613767,http://a0.twimg.com/profile_images/136035248/image_normal.jpg,http://twitter.com/ariane,twitter,"Thu, 14 Feb 2013 15:48:15 +0000",Buy to let lending £16.4 bn in 2012 that's 11.5% of total gross mortgage lending in 2012 and up from 9.8% in 2011: http://t.co/gt2Z78nh,42602352658,http://twitter.com/ariane/statuses/42602352658,50,en,100,-2,"Thu, 14 Feb 2013 15:48:15 +0000",42602352658,Dr.hesper,61572354706,3756289,,,"<a href=""http://bufferapp.com"" rel=""nofollow"">Buffer</a>",Buy to let lending £16.4 bn in 2012 that's 11.5% of total gross mortgage lending in 2012 and up from 9.8% in 2011: http://t.co/gt2Z78nh,Ariane ,,2148,1870,1051,Ariane,http://a0.twimg.com/profile_images/136035248/image_normal.jpg,en,,,71,9613767,9613767,,"Wed, 19 Jan 2011 16:06:55 +0000",http://ariane.com,200,"Thu, 14 Feb 2013 09:32:09 +0000",http://buff.ly/XEcEDY,http://cml.org.uk/cml/media/press/3423,0,Buy-to-let lending £16.4 billion in 2012,http://www.cml.org.uk/cml/media/press/3423,buff.ly,http://buff.ly/XEcEDY,York,,,,,,,,,,,,,,,,,,,,,,,,,,,,,,,,,,,,,,,,,,,,,,,,,,,,,,,,,,,,,,,,,,,,,,,,,,,,,,,,,,,,,,,,,,,,,,,,,,,,,,,,,,,,,,,,,,,,,,,,,,,,,,,,,,,,,,,,,,,,,,,,,,,,,,,,,,,,,,,,,,,,,,,,,,,,,,,,,,,,,,,,,,,,
,3,Twitter for iPhone,Dr.donald(c,Blake ,8135315,http://a0.twimg.com/profile_images/403848269/image_normal.jpg,http://twitter.com/dr.donald(c,twitter,"Thu, 14 Feb 2013 15:48:15 +0000","fouf's like ""bri! hey, how's your day going? what'd chase get you? Did you get chocolate? where's your stuff?"" BYE FOUF.",16720437398,http://twitter.com/dr.donald(c/statuses/16720437398,43,en,100,0,"Thu, 14 Feb 2013 15:48:15 +0000",16720437398,Lt.michae,42111073154,2289539,,,"<a href=""http://twitter.com/download/iphone"" rel=""nofollow"">Twitter for iPhone</a>","fouf's like ""bri! hey, how's your day going? what'd chase get you? Did you get chocolate? where's your stuff?"" BYE FOUF.",Blake ,,5220,243,126,Dr.donald(c,http://a0.twimg.com/profile_images/403848269/image_normal.jpg,en,Atlantic Time (Canada),-14400,,8135315,8135315,,"Sat, 05 Dec 2009 19:43:42 +0000",http://dr.donald(c.com,,,,,,,,,,,"""bri! hey, how's your day going? what'd chase get you? Did you get chocolate? where's your stuff?""",Quote,Quote,0,1,1,0,'d chase,,,,,,,,,,,,,,,,,,,,,,,,,,,,,,,,,,,,,,,,,,,,,,,,,,,,,,,,,,,,,,,,,,,,,,,,,,,,,,,,,,,,,,,,,,,,,,,,,,,,,,,,,,,,,,,,,,,,,,,,,,,,,,,,,,,,,,,,,,,,,,,,,,,,,,,,,,,,,,,,,,,,,,,,,,,,,,,,,,,,
male,3,Tweet Button,Baronsamedi,Baron Samedi ,3021099,http://a0.twimg.com/profile_images/790024870/image_normal.jpg,http://twitter.com/baronsamedi,twitter,"Thu, 14 Feb 2013 15:48:16 +0000",Why the Liberal Hatred of Citizens With Guns - Neal Boortz - Page 1 http://t.co/qVeNrrPs via @avius,59198233531,http://twitter.com/baronsamedi/statuses/59198233531,51,en,63,0,"Thu, 14 Feb 2013 15:48:16 +0000",59198233531,Avius,58303238824,4975846,4975846,avius,"<a href=""http://twitter.com/tweetbutton"" rel=""nofollow"">Tweet Button</a>",Why the Liberal Hatred of Citizens With Guns - Neal Boortz - Page 1 http://t.co/qVeNrrPs via @avius,Baron Samedi ,,887,36,239,Baronsamedi,http://a0.twimg.com/profile_images/790024870/image_normal.jpg,en,Central Time (US & Canada),-21600,,3021099,3021099,,"Thu, 04 Aug 2011 21:44:46 +0000",http://baronsamedi.com,200,"Thu, 14 Feb 2013 05:40:06 +0000",,http://townhall.com/columnists/nealboortz/2013/02/13/why-the-liberal-hatred-of-citizens-with-guns-n1511221,0,Why the Liberal Hatred of Citizens With Guns - Neal Boortz - Page 1,http://townhall.com/columnists/nealboortz/2013/02/13/why-the-liberal-hatred-of-citizens-with-guns-n1511221,townhall.com,http://townhall.com/columnists/nealboortz/2013/02/13/why-the-liberal-hatred-of-citizens-with-guns-n1511221,"Pittsburg, KS",,,,,,,,,,,,,,,,,,,,,,,,,,,,,,,,,,,,,,,,,,,,,,,,,,,,,,,,,,,,,,,,,,,,,,,,,,,,,,,,,,,,,,,,,,,,,,,,,,,,,,,,,,,,,,,,,,,,,,,,,,,,,,,,,,,,,,,,,,,,,,,,,,,,,,,,,,,,,,,,,,,,,,,,,,,,,,,,,,,,,,,,,,,,
,3,Mobile Web (M2),Athena[greekgod],Athena [greek God] ,15190,http://a0.twimg.com/profile_images/922140372/image_normal.jpg,http://twitter.com/athena[greekgod],twitter,"Thu, 14 Feb 2013 15:48:16 +0000","RT @Seputar_LFC: Starting XI dari #LFC (vs Zenit) : Reina, Johnson, Enrique, Carragher, Skrtel, Allen, Henderson, Gerrard, Sterling, Dow ...",14523415942,http://twitter.com/athena[greekgod]/statuses/14523415942,49,,,0,,14523415942,Olisakaba,88479943224,8048470,,,,,,,,,,,,,,,,,,,,,,,,,,,,,,,Reina,Person,Person,0,1,1,1,,Johnson,Person,Person,0,1,1,1,Enrique,Person,Person,0,1,1,1,Carragher,Person,Person,0,1,1,1,"Starting XI dari #LFC (vs Zenit) : Reina, Johnson, Enrique, Carragher, Skrtel, Allen, Henderson, Gerrard, Sterling, Downing, Suarez.",302081835578576897,SyafrizalAdeSetiawan,http://rizalive.wordpress.com,☯ Mr.I'm-an-idiot-who-acts-all-high-and-mighty ☯,Everywhere I Like,8764,1686,169,Rizaliver,http://a0.twimg.com/profile_images/3237327804/58690f2383e3c35917c697e21def071b_normal.jpeg,id,Jakarta,25200,2,220915173,220915173,true,"Mon, 29 Nov 2010 06:10:13 +0000","<a href=""https://mobile.twitter.com"" rel=""nofollow"">Mobile Web (M2)</a>",10,"Thu, 14 Feb 2013 15:48:16 +0000",LFC,302081524868726785,Seputar Liverpool FC,http://www.facebook.com/pages/Seputar-Liverpool/272166059560844,"Berita Ter-Update Seputar LFC . Berbahasa Indonesia . #YNWA
Support Liverpool FC .
Support Timnas Indonesia .",Indonesia,25608,18330,531,Seputar_LFC,http://a0.twimg.com/profile_images/3097639193/079b2f1fe77b643d3443f9198c174ea6_normal.jpeg,id,Pacific Time (US & Canada),-28800,79,458133894,458133894,"Sun, 08 Jan 2012 06:36:58 +0000","<a href=""http://www.echofon.com/"" rel=""nofollow"">Еchofоn</a>","Thu, 14 Feb 2013 15:47:02 +0000",,,,,,,,,,,,,,,,,,,,,,,,,,,,,,,,,,,,,,,,,,,,,,,,,,,,,,,,,,,,,,,,,,,,,,,,,,,,,,,,,,,,,,,,,,,,,,,,,,,,,,,,,,,,,,,,,,,,,
female,3,Seesmic,Henryhawk,Bird Man ,7566933,http://a0.twimg.com/profile_images/607439002/image_normal.jpg,http://twitter.com/henryhawk,twitter,"Thu, 14 Feb 2013 15:48:17 +0000",@sharonii no rek yg BCA tlg kirim k adam ya ler thanks :D,61,http://twitter.com/henryhawk/statuses/61,,id,63,,"Thu, 14 Feb 2013 15:48:17 +0000",61,Sharonii,46655701496,5275032,5275032,sharonii,"<a href=""http://seesmic.com/"" rel=""nofollow"">Seesmic</a>",@sharonii no rek yg BCA tlg kirim k adam ya ler thanks :D,Bird Man ,,6885,204,149,Henryhawk,http://a0.twimg.com/profile_images/607439002/image_normal.jpg,en,Jakarta,25200,2,7566933,7566933,true,"Fri, 06 Nov 2009 08:11:20 +0000",http://henryhawk.com,,,,,,,,,,bogor ..depok,,,,,,,,,,,,,,,,,,,,,,,,,,,,,,,,,,,,,,,,,,,,,,,,,,,,,,,,,,,,,,,,,,,,,,,,,,,,,,,,,,,,,,,,,,,,,,,,,,,,,,,,,,,,,,,,,,,,,,,,,,,,,,,,,,,,,,,,,,,,,,,,,,,,,,,,,,,,,,,,,,,,,,,,,,,,,,,,,,,,,,,,,,,,
female,3,web,Bug,Bug ,9863245,http://a0.twimg.com/profile_images/449942369/image_normal.jpg,http://twitter.com/bug,twitter,"Thu, 14 Feb 2013 15:48:17 +0000",td dia alguém me manda sms de um numero que eu não conheço. todo dia alguém me liga no confidencial... que que eu fiz pra merecer?,84016257105,http://twitter.com/bug/statuses/84016257105,35,pt,100,-4,"Thu, 14 Feb 2013 15:48:17 +0000",84016257105,Angeldoppelganger,33217328134,5037279,,,web,td dia alguém me manda sms de um numero que eu não conheço. todo dia alguém me liga no confidencial... que que eu fiz pra merecer?,Bug ,,20328,572,88,Bug,http://a0.twimg.com/profile_images/449942369/image_normal.jpg,pt,Brasilia,-10800,1,9863245,9863245,true,"Sun, 20 Mar 2011 19:33:39 +0000",http://bug.com,,,,,,,,,,,,,,,,,,,,,,,,,,,,,,,,,,,,,,,,,,,,,,,,,,,,,,,,,,,,,,,,,,,,,,,,,,,,,,,,,,,,,,,,,,,,,,,,,,,,,,,,,,,,,,,,,,,,,,,,,,,,,,,,,,,,,,,,,,,,,,,,,,,,,,,,,,,,,,,,,,,,,,,,,,,,,,,,,,,,,,,,,,,,,,,,,,,,,,
male,3,Mobile (186529194704290),Bobcat,Bobcat ,2448115,http://a0.twimg.com/profile_images/116907478/image_normal.jpg,http://twitter.com/bobcat,facebook,"Thu, 14 Feb 2013 15:48:18 +0000","Waktu kecil nyanyi
""Ambilkan Bulan, Bu""
Waktu ABG nyanyi
""Aku Datang Bulan, Bu""
Waktu dewasa nyanyi
""Sembilan Bulan, Bu""
Waktu tua nyanyi
""Panggil amBulan, Bu""
NB : Nyata'a banyak yang belum dewasa tapi udah 9 Bulan..
Hadwggh gimenee niih... ""Salah Asuhan"" kali yeew??
Dulu ibu rajin menasehati kita... Sekarang malah kita yang rajin menasehati ibu biar katanya ""gak ketinggalan zaman"" kaya surti đαη Tejo (kebablasan)

Yaa Sudahlah (kata bondan) kita hanya memberi nasehat.. Kalian gak bilang waaoow jg gak papa..
Kalian bilang "" ini hak gue.badan2 gue,hati juga hati gue,mau d kemanain kek,itu urusan gue.lagian yang rugi bukan eloo""
Waraaaaww.. Pedees amiiit kate-katenye.
Walaupun aku gak ikut rugi... Tapi ortumu?? Masa depanmu? Anak2mu kelak? Akhiratmu ? Kesenangan dunia hanya sebentar... Naah loo bayangin deh ketika d kuburkan kelak... Mau minta tolong sama siapee???
Salam santun buat yang masih memuja mengagungkan nafsu belaka...
Kami hanya menunaikan kewajiban utk sesama.. Saling mengingatkan tentang agama...

MãsBrô Admïñ
♔♚♔♚♔♚♔♚♔♚♔♚♔♚♔♚♔♚♔
║☀☆ Emenouzer Ft Damansara☆®™☀║
♚♔♚♔♚♔♚♔♚♔♚♔♚♔♚♔♚♔♚",24894714704,http://twitter.com/bobcat/statuses/24894714704,,ms,99,,,,,,,,,,,,,,,,,,,,,,,,,,,,,,,,,,,,,,,,,,,,,,,,,,,,,,,,,,,,,,,,,,,,,,,,,,,,,,,,,,,,,,,,,,,,,,,,,,,,,,,,,,,,Mobile,AKU DAN HATIKU,196891610353255,http://www.facebook.com/profile.php?id=196891610353255,https://graph.facebook.com/196891610353255/picture,196891610353255_507812895927790,3,Jhum Poetry Angel,Ranti Sehati,Citra Dewi Rinduayoe,100003895398049,100002378214402,100002470785452,"Waktu kecil nyanyi
""Ambilkan Bulan, Bu""
Waktu ABG nyanyi
""Aku Datang Bulan, Bu""
Waktu dewasa nyanyi
""Sembilan Bulan, Bu""
Waktu tua nyanyi
""Panggil amBulan, Bu""
NB : Nyata'a banyak yang belum dewasa tapi udah 9 Bulan..
Hadwggh gimenee niih... ""Salah Asuhan"" kali yeew??
Dulu ibu rajin menasehati kita... Sekarang malah kita yang rajin menasehati ibu biar katanya ""gak ketinggalan zaman"" kaya surti đαη Tejo (kebablasan)

Yaa Sudahlah (kata bondan) kita hanya memberi nasehat.. Kalian gak bilang waaoow jg gak papa..
Kalian bilang "" ini hak gue.badan2 gue,hati juga hati gue,mau d kemanain kek,itu urusan gue.lagian yang rugi bukan eloo""
Waraaaaww.. Pedees amiiit kate-katenye.
Walaupun aku gak ikut rugi... Tapi ortumu?? Masa depanmu? Anak2mu kelak? Akhiratmu ? Kesenangan dunia hanya sebentar... Naah loo bayangin deh ketika d kuburkan kelak... Mau minta tolong sama siapee???
Salam santun buat yang masih memuja mengagungkan nafsu belaka...
Kami hanya menunaikan kewajiban utk sesama.. Saling mengingatkan tentang agama...

MãsBrô Admïñ
♔♚♔♚♔♚♔♚♔♚♔♚♔♚♔♚♔♚♔
║☀☆ Emenouzer Ft Damansara☆®™☀║
♚♔♚♔♚♔♚♔♚♔♚♔♚♔♚♔♚♔♚",Mobile (186529194704290),Emenouzer Ft Damansara,230706680288620,status,,,,,,,,,,,,,,,,,,,,,,,,,,,,,,,,,,,,,,,,,,,,,,,,,,,,,,,,,,,,,,,,,,,,,,,,,,,,,,,,,,,,,,,,,,,,,,,,,,,
,3,web,Blackwidowdoppelga,Black Widow Doppelga ,5091149,http://a0.twimg.com/profile_images/495479704/image_normal.jpg,http://twitter.com/blackwidowdoppelga,twitter,"Thu, 14 Feb 2013 15:48:15 +0000","@hazram ahh my :""""( -- loll BUT i so broke atm luv :(",67588196508,http://twitter.com/blackwidowdoppelga/statuses/67588196508,43,en,100,-1,"Thu, 14 Feb 2013 15:48:15 +0000",67588196508,Hazram,35428910632,1080609,1080609,hazram,web,"@hazram ahh my :""""( -- loll BUT i so broke atm luv :(",Black Widow Doppelga ,,24360,872,681,Blackwidowdoppelga,http://a0.twimg.com/profile_images/495479704/image_normal.jpg,en,Arizona,-25200,,5091149,5091149,,"Sat, 03 Mar 2012 21:59:28 +0000",http://blackwidowdoppelga.com,,,,,,,,,,TwₔяkᴼnThίƨDxcҡ,"""""",Quote,Quote,0,1,1,0,atm luv,,,,,,,,,,,,,,,,,,,,,,,,,,,,,,,,,,,,,,,,,,,,,,,,,,,,,,,,,,,,,,,,,,,,,,,,,,,,,,,,,,,,,,,,,,,,,,,,,,,,,,,,,,,,,,,,,,,,,,,,,,,,,,,,,,,,,,,,,,,,,,,,,,,,,,,,,,,,,,,,,,,,,,,,,,,,,,,,,,,,
,3,web,Byron,Benjamin ,1427274,http://a0.twimg.com/profile_images/438407447/image_normal.jpg,http://twitter.com/byron,twitter,"Thu, 14 Feb 2013 15:48:16 +0000","druma -_- sni :p ""@vinnie mana coklatt ??? RT @ iyah :D tukeran coklat wkwkw td kmana aja?",4,http://twitter.com/byron/statuses/4,,id,100,,"Thu, 14 Feb 2013 15:48:16 +0000",4,Vinnie,39397583715,4041014,4041014,vinnie,web,"druma -_- sni :p ""@vinnie mana coklatt ??? RT @ iyah :D tukeran coklat wkwkw td kmana aja?",Benjamin ,,5304,232,214,Byron,http://a0.twimg.com/profile_images/438407447/image_normal.jpg,en,Beijing,28800,,1427274,1427274,,"Sat, 03 Dec 2011 04:31:43 +0000",http://byron.com,,,,,,,,,,KUTA-BALI,,,,,,,,,,,,,,,,,,,,,,,,,,,,,,,,,,,,,,,,,,,,,,,,,,,,,,,,,,,,,,,,,,,,,,,,,,,,,,,,,,,,,,,,,,,,,,,,,,,,,,,,,,,,,,,,,,,,,,,,,,,,,,,,,,,,,,,,,,,,,,,,,,,,,,,,,,,,,,,,,,,,,,,,,,,,,,,,,,,,,,,,,,,,
,3,Facebook,Absorbingman,Absorbing Man ,4662365,http://a0.twimg.com/profile_images/108382208/image_normal.jpg,http://twitter.com/absorbingman,twitter,"Thu, 14 Feb 2013 15:48:15 +0000","Searching for a Risk Manager with financial services/payments experience in Montreal, Quebec. Contact Laura... http://t.co/Bqddyzos",94642214034,http://twitter.com/absorbingman/statuses/94642214034,,en,100,-1,"Thu, 14 Feb 2013 15:48:15 +0000",94642214034,Aundr,46751505020,27,,,"<a href=""http://www.facebook.com/twitter"" rel=""nofollow"">Facebook</a>","Searching for a Risk Manager with financial services/payments experience in Montreal, Quebec. Contact Laura... http://t.co/Bqddyzos",Absorbing Man ,,874,530,351,Absorbingman,http://a0.twimg.com/profile_images/108382208/image_normal.jpg,en,Eastern Time (US & Canada),-18000,10,4662365,4662365,true,"Sun, 30 Nov 2008 16:26:56 +0000",http://absorbingman.com,200,"Thu, 14 Feb 2013 15:48:16 +0000",http://fb.me/1lGJQhbRQ,http://lifeworksearch.com/refresh/templates/career.php?job_id=400&industry=payment_systems,0,"Risk Manager: Careers: Payment System Recruiters, Delivering Talent & Balanced Careers: LifeWork Search",http://www.lifeworksearch.com/refresh/templates/career.php?job_id=400&industry=payment_systems,fb.me,http://fb.me/1lGJQhbRQ,Florida,"Montreal, Quebec",Place,Place,-1,1,1,1,risk manager,,,,,,,,,,,,,,,,,,,,,,,,,,,,,,,,,,,,,,,,,,,,,,,,,,,,,,,,,,,,,,,,,,,,,,,,,,,,,,,,,,payments experience,,,,,,,,,,,,,,,,,,,,,,,,,,,,,,,,,,,,,,,,,,,,,,,,,,,,,,,,,,,,,,,,,,,,,,,,,,,,,,,,,,,,,,,,,,,,,,,,,,
mostly_male,3,web,Banshee2013,Banshee 2013 ,7507942,http://a0.twimg.com/profile_images/757074316/image_normal.jpg,http://twitter.com/banshee2013,twitter,"Thu, 14 Feb 2013 15:48:16 +0000",RT @marcslove: The disturbing reality of bank deregulation. http://t.co/IGMoNyd2 #GrammLeachBliley,93469756585,http://twitter.com/banshee2013/statuses/93469756585,46,en,100,-4,,93469756585,Mary,78578704618,0,,,,,,,,,,,,,,,,,,,,,200,"Thu, 14 Feb 2013 06:04:10 +0000",,http://twitpic.com/6vo0ay,0,The disturbing reality of bank deregulation. #GrammLeachBliley on Twitpic,http://twitpic.com/6vo0ay,,,,,,,,,,,,,,,,,,,,,,,,,,,,,,,,,The disturbing reality of bank deregulation. http://t.co/IGMoNyd2 #GrammLeachBliley,302081833665982464,Kyle J,,"I'm a  brony,Christian Libertarian, Freedom Fighter, & organic food activist.(I tweet a lot sometimes, sorry If I RT too much!) Backup account: @cloudsdaleninja",,26366,138,832,Cloud9Ninja,http://a0.twimg.com/profile_images/2954641790/634f335c6e68e837dba1744c3e2028c6_normal.png,en,Eastern Time (US & Canada),-18000,3,319797048,319797048,,"Sat, 18 Jun 2011 19:17:52 +0000",web,4,"Thu, 14 Feb 2013 15:48:16 +0000",GrammLeachBliley,121698682734264321,Marc Love,http://marclove.tumblr.com,"Tech geek, political junkie, gay, LGBT activist, entrepreneur.","San Francisco, CA",37738,1122,890,marcslove,http://a0.twimg.com/profile_images/2283612149/s74yxqheynu8lpc3ag53_normal.jpeg,en,Pacific Time (US & Canada),-28800,84,15644361,15644361,"Tue, 29 Jul 2008 10:01:11 +0000","<a href=""http://www.echofon.com/"" rel=""nofollow"">Echofon</a>","Wed, 05 Oct 2011 21:30:01 +0000",,,,,,,,,,,,,,,,,,,,http://twitpic.com/6vo0ay,twitpic.com,true,,,,,,,,,,,,,,,,,,,,,,,,,,,,,,,,,,,,,,,,,,,,,,,,,,,,,,,,,,,,,,,,,,,,,,,,,,,,,,,,,,,,,,,,,,,,,,,
,3,Facebook,Blackmariah,Black Mariah ,6798103,http://a0.twimg.com/profile_images/909459510/image_normal.jpg,http://twitter.com/blackmariah,twitter,"Thu, 14 Feb 2013 15:48:15 +0000",Tune in tonight 6pm - 8pm  - DJ Spintwin &amp; Linkone @mich DnB 6-8pm - Freaky &amp; @ 8-10pm... http://t.co/pYOtKSOh,61,http://twitter.com/blackmariah/statuses/61,,en,62,0,"Thu, 14 Feb 2013 15:48:15 +0000",61,Mich,85031345160,7288686,7288686,mich,"<a href=""http://www.facebook.com/twitter"" rel=""nofollow"">Facebook</a>",Tune in tonight 6pm - 8pm  - DJ Spintwin &amp; Linkone @mich DnB 6-8pm - Freaky &amp; @ 8-10pm... http://t.co/pYOtKSOh,Black Mariah ,,136,116,303,Blackmariah,http://a0.twimg.com/profile_images/909459510/image_normal.jpg,en,London,,,6798103,6798103,,"Sun, 09 Oct 2011 16:31:26 +0000",http://blackmariah.com,200,"Thu, 14 Feb 2013 15:48:16 +0000",http://fb.me/ZDbqTKHY,https://facebook.com/Link1uk/posts/212955332182893,0,Tune in tonight 6pm... | Facebook,https://www.facebook.com/Link1uk/posts/212955332182893,fb.me,http://fb.me/ZDbqTKHY,"London, UK",,,,,,,,,,,,,,,,,,,,,,,,,,,,,,,,,,,,,,,,,,,,,,,,,,,,,,,,,,,,,,,,,,,,,,,,,,,,,,,,,,,,,,,,,,,,,,,,,,,,,,,,,,,,,,,,,,,,,,,,,,,,,,,,,,,,,,,,,,,,,,,,,,,,,,,,,,,,,,,,,,,,,,,,,,,,,,,,,,,,,,,,,,,,
,3,Twitter for iPhone,Horgan,Cat Man ,6844993,http://a0.twimg.com/profile_images/840451024/image_normal.jpg,http://twitter.com/horgan,twitter,"Thu, 14 Feb 2013 15:48:16 +0000",RT @awkwardposts: I just saved a bunch of money on car insurance by switching... My car to reverse and leaving the accident,3,http://twitter.com/horgan/statuses/3,17,en,95,0,,3,31,93870059051,2844215,,,,,,,,,,,,,,,,,,,,,,,,,,,,,,,,,,,,,,,,,,,,,,,,,,,,,,,,,,,,I just saved a bunch of money on car insurance by switching... My car to reverse and leaving the accident,302081834991382528,SixDixon,,,,1391,14,44,DixonSid,http://a0.twimg.com/profile_images/2325953024/image_normal.jpg,en,,,,514968098,514968098,true,"Mon, 05 Mar 2012 01:31:14 +0000","<a href=""http://twitter.com/download/iphone"" rel=""nofollow"">Twitter for iPhone</a>",188,"Thu, 14 Feb 2013 15:48:16 +0000",,301941369251958784,Awkward Posts,,The awkward moment when....,"Mumbai, India",23768,806443,127,awkwardposts,http://a0.twimg.com/profile_images/1588174993/awkward-front_normal.jpg,en,Mumbai,19800,1315,390860562,390860562,"Fri, 14 Oct 2011 17:25:55 +0000","<a href=""http://bufferapp.com"" rel=""nofollow"">Buffer</a>","Thu, 14 Feb 2013 06:30:06 +0000",,,,,,,,,,,,,,,,,,,,,,,,,,,,,,,,,,,,,,,,,,,,,,,,,,,,,,,,,,,,,,,,,,,,,,,,,,,,,,,,,,,,,,,,,,,,,,,,,,,,,,,,,,,,,,,,,,,,,
male,3,web,Arrow,Arrow ,1676782,http://a0.twimg.com/profile_images/114062919/image_normal.jpg,http://twitter.com/arrow,twitter,"Thu, 14 Feb 2013 15:48:16 +0000","LFC team v Zenit: Reina, Johnson, Enrique, Carragher, Skrtel, Allen, Henderson, Gerrard, Sterling, Downing, Suarez.
#LFC #liverpool",65347060537,http://twitter.com/arrow/statuses/65347060537,29,fr,62,0,"Thu, 14 Feb 2013 15:48:16 +0000",65347060537,Brothervirgil,57848952454,5392074,,,web,"LFC team v Zenit: Reina, Johnson, Enrique, Carragher, Skrtel, Allen, Henderson, Gerrard, Sterling, Downing, Suarez.
#LFC #liverpool",Arrow ,,92,32,199,Arrow,http://a0.twimg.com/profile_images/114062919/image_normal.jpg,en,Quito,-18000,,1676782,1676782,,"Sun, 10 Apr 2011 14:52:33 +0000",http://arrow.com,,,,,,,,,,Liverpool,Reina,Person,Person,0,0,1,1,,Johnson,Person,Person,0,0,1,1,Enrique,Person,Person,0,0,1,1,Carragher,Person,Person,0,0,1,1,,,,,,,,,,,,,,,,,,,,,,,,,,,,,,,,,,,,,,,,,,,,,,,,,,,,,,,,,,,,,,,,,Skrtel,Person,Person,0,0,1,1,Allen,Person,Person,0,0,1,1,Henderson,Person,Person,0,0,1,1,Gerrard,Person,Person,0,0,1,1,Sterling,Person,Person,0,0,1,1,Downing,Person,Person,0,0,1,1,Suarez,Person,Person,0,0,1,1,LFC,liverpool,,,,,,,,,,,,,,,,,,,,,,,,,,,,,,,,,,,,,,,,,,,,
,3,Twitter for Android,Bloodlust,Bloodlust ,4815435,http://a0.twimg.com/profile_images/622653957/image_normal.jpg,http://twitter.com/bloodlust,twitter,"Thu, 14 Feb 2013 15:48:15 +0000","RT @LFC: LFC team v Zenit: Reina, Johnson, Enrique, Carragher, Skrtel, Allen, Henderson, Gerrard, Sterling, Downing, Suarez.",79458116251,http://twitter.com/bloodlust/statuses/79458116251,25,fr,62,0,,79458116251,Cathode,97636445262,5028,,,,,,,,,,,,,,,,,,,,,,,,,,,,,,,Reina,Person,Person,0,0,1,1,,Johnson,Person,Person,0,0,1,1,Enrique,Person,Person,0,0,1,1,Carragher,Person,Person,0,0,1,1,"LFC team v Zenit: Reina, Johnson, Enrique, Carragher, Skrtel, Allen, Henderson, Gerrard, Sterling, Downing, Suarez.",302081832772587520,BittyR✿,,21. 케이팝. 경희대학교 ✿,,4858,80,1112,shaabit,http://a0.twimg.com/profile_images/3079957561/78c17c2bf746cfa0230c1f5097be4a19_normal.png,en,Seoul,32400,,540448999,540448999,,"Fri, 30 Mar 2012 02:14:18 +0000","<a href=""http://twitter.com/download/android"" rel=""nofollow"">Twitter for Android</a>",746,"Thu, 14 Feb 2013 15:48:15 +0000",,302080839288750081,Liverpool FC ,http://www.liverpoolfc.com/,Official LFC account. Follow @OfficialLFC_ID @ThaiLFC @LFCANZ @LFCBrasil @LFCEspanol @LFC_Arabic @LFCIndia @LFCFrance @TurkeyLFC  @LFCBangladesh,"Anfield, Liverpool",21749,1511801,409073,LFC,http://a0.twimg.com/profile_images/1847862599/Grad_LFC_Crest_twitter_normal.jpg,en,,,11364,19583545,19583545,"Tue, 27 Jan 2009 09:05:21 +0000",web,"Thu, 14 Feb 2013 15:44:19 +0000",,,,,,,,,,,,,,,,,,,,,,true,Skrtel,Person,Person,0,0,1,1,Allen,Person,Person,0,0,1,1,Henderson,Person,Person,0,0,1,1,Gerrard,Person,Person,0,0,1,1,Sterling,Person,Person,0,0,1,1,Downing,Person,Person,0,0,1,1,Suarez,Person,Person,0,0,1,1,,,true,,,,,,,,,,,,,,,,,,,,,,,,,,,,,,,,,,,,,,,,,,,
,3,Twitter for Nokia S40,Abomination,Abomination ,3145668,http://a0.twimg.com/profile_images/746349619/image_normal.jpg,http://twitter.com/abomination,twitter,"Thu, 14 Feb 2013 15:48:17 +0000",craftlandia td nb,11602077796,http://twitter.com/abomination/statuses/11602077796,38,,,0,"Thu, 14 Feb 2013 15:48:17 +0000",11602077796,Armaziel,145811,46,,,"<a href=""http://store.ovi.com/content/256340"" rel=""nofollow"">Twitter for Nokia S40</a>",craftlandia td nb,Abomination ,,30765,188,194,Abomination,http://a0.twimg.com/profile_images/746349619/image_normal.jpg,pt,Brasilia,-10800,1,3145668,3145668,true,"Sat, 12 Sep 2009 15:30:05 +0000",http://abomination.com,,,,,,,,,,Brasil,,,,,,,,,,,,,,,,,,,,,,,,,,,,,,,,,,,,,,,,,,,,,,,,,,,,,,,,,,,,,,,,,,,,,,,,,,,,,,,,,,,,,,,,,,,,,,,,,,,,,,,,,,,,,,,,,,,,,,,,,,,,,,,,,,,,,,,,,,,,,,,,,,,,,,,,,,,,,,,,,,,,,,,,,,,,,,,,,,,,,,,,,,,,
,3,twitterfeed,Owen,Candler ,4056115,http://a0.twimg.com/profile_images/569516316/image_normal.jpg,http://twitter.com/owen,twitter,"Thu, 14 Feb 2013 15:48:16 +0000",Information Towards buy Auto Car Insurance: .Xur http://t.co/h54eBTJn,28654928877,http://twitter.com/owen/statuses/28654928877,10,en,63,0,"Thu, 14 Feb 2013 15:48:16 +0000",28654928877,Chet,62351050274,9073915,,,"<a href=""http://twitterfeed.com"" rel=""nofollow"">twitterfeed</a>",Information Towards buy Auto Car Insurance: .Xur http://t.co/h54eBTJn,Candler ,,2850,23,12,Owen,http://a0.twimg.com/profile_images/569516316/image_normal.jpg,en,,,,4056115,4056115,,"Wed, 25 Jul 2012 08:55:00 +0000",http://owen.com,200,"Thu, 14 Feb 2013 15:48:17 +0000",http://bit.ly/Wqx9mj,http://alvaro-drees.ru/page-27/691931,0,Info To buy Auto Car Insurance,http://alvaro-drees.ru/page-27/691931,bit.ly,http://bit.ly/Wqx9mj,,,,,,,,,,,,,,,,,,,,,,,,,,,,,,,,,,,,,,,,,,,,,,,,,,,,,,,,,,,,,,,,,,,,,,,,,,,,,,,,,,,,,,,,,,,,,,,,,,,,,,,,,,,,,,,,,,,,,,,,,,,,,,,,,,,,,,,,,,,,,,,,,,,http://alvaro-drees.ru/page-27/691931?utm_source=twitterfeed&utm_medium=twitter,,,,,,,,,,,,,,,,,,,,,,,,,,,,,,,,,,,,,,,,,,
male,3,Twitter for BlackBerry®,Raoul,Bushman ,1481700,http://a0.twimg.com/profile_images/325078430/image_normal.jpg,http://twitter.com/raoul,twitter,"Thu, 14 Feb 2013 15:48:17 +0000","RT @JmeBBK: ""I'VE SMOKED SOME WEED WHAT JUST MADE ME WANNA CITIZENS ARREST MY NEXT DOOR NEIGHBOUR"" Hahahshswbjahdhahahahahaba aha ah aha ...",87894136458,http://twitter.com/raoul/statuses/87894136458,34,,,0,,87894136458,Bres,50503461807,7731945,,,,,,,,,,,,,,,,,,,,,,,,,,,,,,,"""I'VE SMOKED SOME WEED WHAT JUST MADE ME WANNA CITIZENS ARREST MY NEXT DOOR NEIGHBOUR""",Quote,Quote,0,1,1,0,,,,,,,,,,,,,,,,,,,,,,,"""I'VE SMOKED SOME WEED WHAT JUST MADE ME WANNA CITIZENS ARREST MY NEXT DOOR NEIGHBOUR"" Hahahshswbjahdhahahahahaba aha ah aha ahahahah ahhauw",302081837902204928,Anis DEEBOO Merakech,,Love music!! Love to produce it!!  #Arsenal #gunner #THATSHITCRAY #HNC ,Rack city,372,76,111,anis_debo,http://a0.twimg.com/profile_images/3189412021/95bd5759a5036e925f5ff1d5da7d61a4_normal.jpeg,en,,,,771242780,771242780,,"Tue, 21 Aug 2012 10:20:19 +0000","<a href=""http://blackberry.com/twitter"" rel=""nofollow"">Twitter for BlackBerry®</a>",55,"Thu, 14 Feb 2013 15:48:17 +0000",,302079782609362944,Jme (Jamie Adenuga),http://BoyBetterKnow.com,"I am Jme.
I love music
and technology,
So I make music
And buy technology.

Bookings: Rebecca at ElasticArtists dot net",London,85461,220824,,JmeBBK,http://a0.twimg.com/profile_images/2191151507/JmeBBK_normal.jpg,en,London,,728,14689295,14689295,"Wed, 07 May 2008 17:46:29 +0000","<a href=""http://www.echofon.com/"" rel=""nofollow"">Echofon</a>","Thu, 14 Feb 2013 15:40:07 +0000",,,,,,,,,,,,,,,,,,,,,,,,,,,,,,,,,,,,,,,,,,,,,,,,,,,,,,,,,,,,,,,,,,,,,,,,,,true,,,,,,,,,,,,,,,,,,,,,,,,,,,,,,,,,,,,,,,,,,,
male,3,Twitter for BlackBerry®,Bruteii,Brute Ii ,7345045,http://a0.twimg.com/profile_images/863668957/image_normal.jpg,http://twitter.com/bruteii,twitter,"Thu, 14 Feb 2013 15:48:17 +0000",Mulai bsok jg udh byk yg sibuk pompa/pasang silikon krn mendadak kempes akibat seharian td!!,63420742563,http://twitter.com/bruteii/statuses/63420742563,,ms,100,,"Thu, 14 Feb 2013 15:48:17 +0000",63420742563,Broker,67824986623,6481358,,,"<a href=""http://blackberry.com/twitter"" rel=""nofollow"">Twitter for BlackBerry®</a>",Mulai bsok jg udh byk yg sibuk pompa/pasang silikon krn mendadak kempes akibat seharian td!!,Brute Ii ,,9569,140,88,Bruteii,http://a0.twimg.com/profile_images/863668957/image_normal.jpg,en,Jakarta,25200,2,7345045,7345045,true,"Thu, 15 Oct 2009 07:41:29 +0000",http://bruteii.com,,,,,,,,,,Turpa Kiinni Pelle!!!,,,,,,,,,,,,,,,,,,,,,,,,,,,,,,,,,,,,,,,,,,,,,,,,,,,,,,,,,,,,,,,,,,,,,,,,,,,,,,,,,,,,,,,,,,,,,,,,,,,,,,,,,,,,,,,,,,,,,,,,,,,,,,,,,,,,,,,,,,,,,,,,,,,,,,,,,,,,,,,,,,,,,,,,,,,,,,,,,,,,,,,,,,,,
,3,web,Rachel,Carpenter ,98794,http://a0.twimg.com/profile_images/702392583/image_normal.jpg,http://twitter.com/rachel,facebook,"Thu, 14 Feb 2013 15:48:18 +0000","Segunda_feira td volta   ao  normal ................
    De   segunda   a   sexta Salão de  beleza Beni Cabeleireiro (Tijuca) das 11Hs as 22Hs   e  aos finais de   semana  salão Diego's Coiffeur   Mesquita  de 9:00 da   manhã as 21:00 hs........ qualquer  dúvidas  tel: 2797-5640  obrigado!",85408332641,http://twitter.com/rachel/statuses/85408332641,,pt,100,0,,,,,,,,,,,,,,,,,,,,,,,,,,,,,,,,,,,,Coiffeur Mesquita,Person,Person,0,0,1,1,td volta,,,,,,,,,,,,,,,,,,,,,,,,,,,,,,,,,,,,,,,,,,,,,,,,,,,,,,,,,,,,,,,,,Diego Natividade,100003207186229,http://www.facebook.com/profile.php?id=100003207186229,https://graph.facebook.com/100003207186229/picture,100003207186229_332766836840220,,,,,,,,"Segunda_feira td volta   ao  normal ................
    De   segunda   a   sexta Salão de  beleza Beni Cabeleireiro (Tijuca) das 11Hs as 22Hs   e  aos finais de   semana  salão Diego's Coiffeur   Mesquita  de 9:00 da   manhã as 21:00 hs........ qualquer  dúvidas  tel: 2797-5640  obrigado!",web,,,status,semana salão,,,,,,,,,,,,,,,,,,,,,,,,,,,,,,,,,,,,,,,,,,,,,,,,,,,,,,,,,dúvidas tel,,,,,,,,,,,,,,,,,,,,,,,,,,,,,,,,,,,,,,,,,
male,3,UberSocial for BlackBerry,Beyonder,Beyonder ,2088932,http://a0.twimg.com/profile_images/402685616/image_normal.jpg,http://twitter.com/beyonder,twitter,"Thu, 14 Feb 2013 15:48:17 +0000","Ni hape kayanya demen banget kena air dah. Kemaren kecemplung got, td ketumpahan air kobokan. (¬_¬"")",71751183690,http://twitter.com/beyonder/statuses/71751183690,45,ms,100,,"Thu, 14 Feb 2013 15:48:17 +0000",71751183690,Aquariusiii,42006461112,7229204,,,"<a href=""http://ubersocial.com"" rel=""nofollow"">UberSocial for BlackBerry</a>","Ni hape kayanya demen banget kena air dah. Kemaren kecemplung got, td ketumpahan air kobokan. (¬_¬"")",Beyonder ,,4417,241,605,Beyonder,http://a0.twimg.com/profile_images/402685616/image_normal.jpg,en,Jakarta,25200,1,2088932,2088932,,"Sun, 24 Oct 2010 18:39:25 +0000",http://beyonder.com,,,,,,,,,,,,,,,,,,,,,,,,,,,,,,,,,,,,,,,,,,,,,,,,,,,,,,,,,,,,,,,,,,,,,,,,,,,,,,,,,,,,,,,,,,,,,,,,,,,,,,,,,,,,,,,,,,,,,,,,,,,,,,,,,,,,,,,,,,,,,,,,,,,,,,,,,,,,,,,,,,,,,,,,,,,,,,,,,,,,,,,,,,,,,,,,,,,,,,
unisex,3,web,Caber,Caber ,5229503,http://a0.twimg.com/profile_images/603406373/image_normal.jpg,http://twitter.com/caber,twitter,"Thu, 14 Feb 2013 15:48:17 +0000",eu devia deixar as fotos dela salvas já.. me pouparia o trabalho de salvar td di nvo,59558119182,http://twitter.com/caber/statuses/59558119182,21,pt,100,2,"Thu, 14 Feb 2013 15:48:17 +0000",59558119182,D,57207654602,9616577,,,web,eu devia deixar as fotos dela salvas já.. me pouparia o trabalho de salvar td di nvo,Caber ,,7457,176,116,Caber,http://a0.twimg.com/profile_images/603406373/image_normal.jpg,pt,Greenland,-10800,,5229503,5229503,true,"Fri, 04 Feb 2011 19:35:32 +0000",http://caber.com,,,,,,,,,,,,,,,,,,,,,,,,,,,,,,,,,,,,,,,,,,,,,,,,,,,,,,,,,,,,,,,,,,,,,,,,,,,,,,,,,,,,,,,,,,,,,,,,,,,,,,,,,,,,,,,,,,,,,,,,,,,,,,,,,,,,,,,,,,,,,,,,,,,,,,,,,,,,,,,,,,,,,,,,,,,,,,,,,,,,,,,,,,,,,,,,,,,,,,
,3,web,Blackcrane,Black Crane ,7728696,http://a0.twimg.com/profile_images/347124510/image_normal.jpg,http://twitter.com/blackcrane,twitter,"Thu, 14 Feb 2013 15:48:17 +0000",RT @doodlez97: @IhsanShahrir san...abg. ku x amik buku hang dia kata :X,16269241273,http://twitter.com/blackcrane/statuses/16269241273,43,ms,100,,,16269241273,Feliciaha,12454161839,3567214,,,,,,,,,,,,,,,,,,,,,,,,,,,,,,,,,,,,,,,,,,,,,,,,,,,,,,,,,,,,@IhsanShahrir san...abg. ku x amik buku hang dia kata :X,302081841081511939,因Official Ihsan®,http://www.youtube.com/ihsanshahrir,MIBS® |  bb pin : 26953762 • 17 yo • #SPM2013 •,Malaysia,10274,151,144,IhsanShahrir,http://a0.twimg.com/profile_images/3243751605/7b170eb4d61207b8b32f7c472ac98416_normal.jpeg,en,Kuala Lumpur,28800,,310786460,310786460,true,"Sat, 04 Jun 2011 10:31:58 +0000",web,1,"Thu, 14 Feb 2013 15:48:17 +0000",,302072477159395330,¯\_(ツ)_/¯,,Ikhmal | 16 | SMKDSO | #GGMU | http://www.facebook.com/doodlez97 | اللهمَّ صلِّ على سيِّدنا محمَّد وعلى آلِه وصحبِه وسلِّم | #SPM2014,,1642,75,157,doodlez97,http://a0.twimg.com/profile_images/3202542328/2bf12ba2dfde3582693780e407c5e23f_normal.jpeg,en,Kuala Lumpur,28800,,346352797,346352797,"Mon, 01 Aug 2011 03:55:49 +0000",web,"Thu, 14 Feb 2013 15:11:05 +0000",,,,,,,,,,,,,,,,,,,,,,,,,,,,,,,,,,,,,,,,,,,,,,,,,,,,,,,,,,,,,,,,,,,,,,,,,,,,,IhsanShahrir,310786460,,,,,,,,,,,,,,,,,,,,,,,,,,,,,,,,,,,,,,,
male,3,web,Awesomeandroid,Awesome Android ,4849311,http://a0.twimg.com/profile_images/871571490/image_normal.jpg,http://twitter.com/awesomeandroid,facebook,"Thu, 14 Feb 2013 15:48:18 +0000","The pen is mightier than the drone! 
(This letter published in NYT written by Archbishop Desmond Tutu.  Thanks to Allison for posting it!)

""I am deeply, deeply disturbed at the suggestion in “A Court to Vet Kill Lists” (news analysis, front page, Feb. 9) that possible judicial review of President Obama’s decisions to approve the targeted killing of suspected terrorists might be limited to the killings of American citizens. 

Do the United States and its people really want to tell those of us who live in the rest of the world that our lives are not of the same value as yours? That President Obama can sign off on a decision to kill us with less worry about judicial scrutiny than if the target is an American? Would your Supreme Court really want to tell humankind that we, like the slave Dred Scott in the 19th century, are not as human as you are? I cannot believe it. 

I used to say of apartheid that it dehumanized its perpetrators as much as, if not more than, its victims. Your response as a society to Osama bin Laden and his followers threatens to undermine your moral standards and your humanity."" 

DESMOND M. TUTU
The writer, winner of the 1984 Nobel Peace Prize, is archbishop emeritus of Cape Town.",45998019073,http://twitter.com/awesomeandroid/statuses/45998019073,,en,100,-3,,,,,,,,,,,,,,,,,,,,,,,,,,,,,,,,,,,,Desmond Tutu,Person,http://en.wikipedia.org/wiki/Desmond_Tutu,0,1,1,0,,Allison,Person,Person,-6,7,1,1,Feb. 9,Pattern,Date,-6,7,1,1,President Obama,Person,Person,-6,7,1,1,,,,,,,,,,,,,,,,,,,,,,,,,,,,,,,,,,,,,,,,,,,,Tom McGohey,1354022437,http://www.facebook.com/profile.php?id=1354022437,https://graph.facebook.com/1354022437/picture,1354022437_10200757962015437,,,,,,,,"The pen is mightier than the drone! 
(This letter published in NYT written by Archbishop Desmond Tutu.  Thanks to Allison for posting it!)

""I am deeply, deeply disturbed at the suggestion in “A Court to Vet Kill Lists” (news analysis, front page, Feb. 9) that possible judicial review of President Obama’s decisions to approve the targeted killing of suspected terrorists might be limited to the killings of American citizens. 

Do the United States and its people really want to tell those of us who live in the rest of the world that our lives are not of the same value as yours? That President Obama can sign off on a decision to kill us with less worry about judicial scrutiny than if the target is an American? Would your Supreme Court really want to tell humankind that we, like the slave Dred Scott in the 19th century, are not as human as you are? I cannot believe it. 

I used to say of apartheid that it dehumanized its perpetrators as much as, if not more than, its victims. Your response as a society to Osama bin Laden and his followers threatens to undermine your moral standards and your humanity."" 

DESMOND M. TUTU
The writer, winner of the 1984 Nobel Peace Prize, is archbishop emeritus of Cape Town.",web,,,status,,,,,United States,Place,Place,-2,2,1,1,Osama bin Laden,Person,http://en.wikipedia.org/wiki/Osama_bin_Laden,-6,1,1,0,"""I am deeply, deeply disturbed at the suggestion in “",Quote,Quote,-4,1,1,0,"” (news analysis, front page, Feb. 9) that possible judicial review of President Obama’s decisions to approve the targeted killing of suspected terrorists might be limited to the killings of American citizens. Do the United States and its people really want to tell those of us who live in the rest of the world that our lives are not of the same value as yours? That President Obama can sign off on a decision to kill us with less worry about judicial scrutiny than if the target is an American? Would your Supreme Court really want to tell humankind that we, like the slave Dred Scott in the 19th century, are not as human as you are? I cannot believe it. I used to say of apartheid that it dehumanized its perpetrators as much as, if not more than, its victims. Your response as a society to Osama bin Laden and his followers threatens to undermine your moral standards and your humanity.""",Quote,Quote,-3,7,1,0,,,,,,,,,,,,,,,,,,,,,,,,,,,,,front page,judicial review,targeted killing,suspected terrorists,american citizens,front page,judicial review,targeted killing,suspected terrorists,american citizens,19th century,front page,judicial review,targeted killing,suspected terrorists,american citizens,judicial scrutiny,front page,judicial review,targeted killing,suspected terrorists,american citizens,judicial scrutiny,moral standards,archbishop emeritus,front page,judicial review,targeted killing,suspected terrorists,american citizens,moral standards,19th century,front page,judicial review,targeted killing,suspected terrorists,american citizens,judicial scrutiny,archbishop emeritus

